tissue,cell_type,gene
adipose tissue,Adipocyte,ACVR1C
adipose tissue,Adipocyte,ADIPOQ
adipose tissue,Adipocyte,AOC3
adipose tissue,Adipocyte,CD137
adipose tissue,Adipocyte,CIDEA
adipose tissue,Adipocyte,CITED1
adipose tissue,Adipocyte,EPSTI1
adipose tissue,Adipocyte,EVA1
adipose tissue,Adipocyte,FABP4
adipose tissue,Adipocyte,FGF7
adipose tissue,Adipocyte,H6PD
adipose tissue,Adipocyte,HOXC8
adipose tissue,Adipocyte,HOXC9
adipose tissue,Adipocyte,LEP
adipose tissue,Adipocyte,LHX8
adipose tissue,Adipocyte,MEST
adipose tissue,Adipocyte,P2RX5
adipose tissue,Adipocyte,PLIN1
adipose tissue,Adipocyte,PPARG
adipose tissue,Adipocyte,PPARGC1A
adipose tissue,Adipocyte,PRDM16
adipose tissue,Adipocyte,SHOX2
adipose tissue,Adipocyte,SLC2A4
adipose tissue,Adipocyte,SLC36A2
adipose tissue,Adipocyte,TBX1
adipose tissue,Adipocyte,TMEM26
adipose tissue,Adipocyte,TNFRSF9
adipose tissue,Adipocyte,UCP1
adipose tissue,Adipocyte,ZIC1
adipose tissue,Adipose-derived stem cell,CD10
adipose tissue,Adipose-derived stem cell,CD105
adipose tissue,Adipose-derived stem cell,CD106
adipose tissue,Adipose-derived stem cell,CD13
adipose tissue,Adipose-derived stem cell,CD144
adipose tissue,Adipose-derived stem cell,CD146
adipose tissue,Adipose-derived stem cell,CD166
adipose tissue,Adipose-derived stem cell,CD29
adipose tissue,Adipose-derived stem cell,CD34
adipose tissue,Adipose-derived stem cell,CD44
adipose tissue,Adipose-derived stem cell,CD49D
adipose tissue,Adipose-derived stem cell,CD54
adipose tissue,Adipose-derived stem cell,CD55
adipose tissue,Adipose-derived stem cell,CD59
adipose tissue,Adipose-derived stem cell,CD59A
adipose tissue,Adipose-derived stem cell,CD71
adipose tissue,Adipose-derived stem cell,CD73
adipose tissue,Adipose-derived stem cell,CD9
adipose tissue,Adipose-derived stem cell,CD90
adipose tissue,Adipose-derived stem cell,COL5A2
adipose tissue,Adipose-derived stem cell,COL6A3
adipose tissue,Adipose-derived stem cell,COLCE2
adipose tissue,Adipose-derived stem cell,DCN
adipose tissue,Adipose-derived stem cell,EPHX1
adipose tissue,Adipose-derived stem cell,HLA-ABC
adipose tissue,Adipose-derived stem cell,IGFBP7
adipose tissue,Adipose-derived stem cell,ITGA4
adipose tissue,Adipose-derived stem cell,MT1E
adipose tissue,Adipose-derived stem cell,NGPTL2
adipose tissue,Adipose-derived stem cell,PDGFRA
adipose tissue,Adipose-derived stem cell,SAMSN1
adipose tissue,Adipose-derived stem cell,SEMA3C
adipose tissue,Adipose-derived stem cell,SH3
adipose tissue,Adipose-derived stem cell,SOD3
adipose tissue,Adipose-derived stem cell,STRO-1
adipose tissue,Adipose-derived stem cell,TFRCÂ 
adipose tissue,Adipose-derived stem cell,THY1
adipose tissue,Adipose-derived stem cell,TNXB
adipose tissue,B cell,B3GAT1
adipose tissue,B cell,BACH2
adipose tissue,B cell,BANK1
adipose tissue,B cell,BCL11A
adipose tissue,B cell,BIRC3
adipose tissue,B cell,BLNK
adipose tissue,B cell,BST1
adipose tissue,B cell,BTLA
adipose tissue,B cell,CCR7
adipose tissue,B cell,CD14
adipose tissue,B cell,CD19
adipose tissue,B cell,CD2
adipose tissue,B cell,CD22
adipose tissue,B cell,CD24
adipose tissue,B cell,CD27
adipose tissue,B cell,CD38
adipose tissue,B cell,CD40
adipose tissue,B cell,CD5
adipose tissue,B cell,CD52
adipose tissue,B cell,CD55
adipose tissue,B cell,CD69
adipose tissue,B cell,CD70
adipose tissue,B cell,CD72
adipose tissue,B cell,CD74
adipose tissue,B cell,CD79A
adipose tissue,B cell,CD79B
adipose tissue,B cell,CD80
adipose tissue,B cell,CD86
adipose tissue,B cell,CMAH
adipose tissue,B cell,CR2
adipose tissue,B cell,CRELD2
adipose tissue,B cell,CXCR4
adipose tissue,B cell,DERL3
adipose tissue,B cell,DNTT
adipose tissue,B cell,DOK3
adipose tissue,B cell,EAF2
adipose tissue,B cell,EBF1
adipose tissue,B cell,EDEM1
adipose tissue,B cell,EDEM2
adipose tissue,B cell,FAM129C
adipose tissue,B cell,FAM46C
adipose tissue,B cell,FCER2
adipose tissue,B cell,FCER2A
adipose tissue,B cell,FCHSD2
adipose tissue,B cell,FCMR
adipose tissue,B cell,FCRLA
adipose tissue,B cell,FKBP11
adipose tissue,B cell,FLI1
adipose tissue,B cell,H2-DMB2
adipose tissue,B cell,H2-OA
adipose tissue,B cell,H2-OB
adipose tissue,B cell,HLA-DQA1
adipose tissue,B cell,HLA-DRA
adipose tissue,B cell,HMGA1
adipose tissue,B cell,HVCN1
adipose tissue,B cell,IFIT3
adipose tissue,B cell,IGHA
adipose tissue,B cell,IGHD
adipose tissue,B cell,IGHG1
adipose tissue,B cell,IGHG3
adipose tissue,B cell,IGHG4
adipose tissue,B cell,IGHM
adipose tissue,B cell,IGKC
adipose tissue,B cell,IGLC1
adipose tissue,B cell,IGLC2
adipose tissue,B cell,IGLC3
adipose tissue,B cell,IGLL1
adipose tissue,B cell,IGLV1
adipose tissue,B cell,IL21R
adipose tissue,B cell,JCHAIN
adipose tissue,B cell,KLHL6
adipose tissue,B cell,LAIR1
adipose tissue,B cell,LRMP
adipose tissue,B cell,LTB
adipose tissue,B cell,LY6D
adipose tissue,B cell,MME
adipose tissue,B cell,MS4A1
adipose tissue,B cell,MSH5
adipose tissue,B cell,MUM1
adipose tissue,B cell,MZB1
adipose tissue,B cell,PAX5
adipose tissue,B cell,PDCD1
adipose tissue,B cell,POLD4
adipose tissue,B cell,POU2AF1
adipose tissue,B cell,PTPRC
adipose tissue,B cell,PXK
adipose tissue,B cell,RALGPS2
adipose tissue,B cell,RASGRP3
adipose tissue,B cell,SCD1
adipose tissue,B cell,SDC1
adipose tissue,B cell,SEC61A1
adipose tissue,B cell,SEMA6D
adipose tissue,B cell,SIGLECG
adipose tissue,B cell,SLAMF6
adipose tissue,B cell,SMAP2
adipose tissue,B cell,SPCS3
adipose tissue,B cell,SPIB
adipose tissue,B cell,SPN
adipose tissue,B cell,SWAP70
adipose tissue,B cell,TLR9
adipose tissue,B cell,TNFRSF13B
adipose tissue,B cell,TNFRSF13C
adipose tissue,B cell,TNFRSF17
adipose tissue,B cell,TNFRSF9
adipose tissue,B cell,TNFSF4
adipose tissue,B cell,TRP53INP1
adipose tissue,B cell,TXNDC11
adipose tissue,B cell,VPREB1
adipose tissue,B cell,VPREB2
adipose tissue,B cell,VPREB3
adipose tissue,Basophil,ACSS2
adipose tissue,Basophil,ADORA2B
adipose tissue,Basophil,ALOX8
adipose tissue,Basophil,AQP9
adipose tissue,Basophil,BACE1
adipose tissue,Basophil,BMP4
adipose tissue,Basophil,CABLES1
adipose tissue,Basophil,CCL3
adipose tissue,Basophil,CCL4
adipose tissue,Basophil,CCL9
adipose tissue,Basophil,CCR3
adipose tissue,Basophil,CD33
adipose tissue,Basophil,CD44
adipose tissue,Basophil,CD69
adipose tissue,Basophil,CDH1
adipose tissue,Basophil,CEBPA
adipose tissue,Basophil,CPA3
adipose tissue,Basophil,DEFB40
adipose tissue,Basophil,DNASE2B
adipose tissue,Basophil,E2F8
adipose tissue,Basophil,ENPP3
adipose tissue,Basophil,FADS1
adipose tissue,Basophil,FADS2
adipose tissue,Basophil,FAR2
adipose tissue,Basophil,FBXO9
adipose tissue,Basophil,FCER1A
adipose tissue,Basophil,GABBR1
adipose tissue,Basophil,GATA2
adipose tissue,Basophil,GM9895
adipose tissue,Basophil,GPC4
adipose tissue,Basophil,GPR183
adipose tissue,Basophil,GPR97
adipose tissue,Basophil,GRM6
adipose tissue,Basophil,HDC
adipose tissue,Basophil,HGF
adipose tissue,Basophil,HIST1H1D
adipose tissue,Basophil,HIST1H2AC
adipose tissue,Basophil,HTR1B
adipose tissue,Basophil,ID1
adipose tissue,Basophil,IFITM1
adipose tissue,Basophil,IGFBP7
adipose tissue,Basophil,IL3RA
adipose tissue,Basophil,IL4
adipose tissue,Basophil,IL4R
adipose tissue,Basophil,INF2
adipose tissue,Basophil,ITGAL
adipose tissue,Basophil,ITGAM
adipose tissue,Basophil,ITGAX
adipose tissue,Basophil,ITGB7
adipose tissue,Basophil,JAZF1
adipose tissue,Basophil,L1CAM
adipose tissue,Basophil,LAMA5
adipose tissue,Basophil,LTC4S
adipose tissue,Basophil,MBOAT1
adipose tissue,Basophil,MCPT8
adipose tissue,Basophil,MRGPRA6
adipose tissue,Basophil,MS4A2
adipose tissue,Basophil,MS4A3
adipose tissue,Basophil,NFIL3
adipose tissue,Basophil,NPL
adipose tissue,Basophil,NT5C3
adipose tissue,Basophil,OSBPL5
adipose tissue,Basophil,OTUB2
adipose tissue,Basophil,P2RY1
adipose tissue,Basophil,PDK3
adipose tissue,Basophil,PDZD4
adipose tissue,Basophil,PERP
adipose tissue,Basophil,PIGY
adipose tissue,Basophil,PLEKHG5
adipose tissue,Basophil,PLG
adipose tissue,Basophil,PRSS34
adipose tissue,Basophil,RNF39
adipose tissue,Basophil,SLC26A3
adipose tissue,Basophil,SLC26A8
adipose tissue,Basophil,SNCAIP
adipose tissue,Basophil,ST6GALNAC5
adipose tissue,Basophil,SUPT3H
adipose tissue,Basophil,TEC
adipose tissue,Basophil,TLR4
adipose tissue,Basophil,TULP3
adipose tissue,Basophil,UNC93A
adipose tissue,Basophil,WRN
adipose tissue,Brown fat cell,ASC-1
adipose tissue,Brown fat cell,P2RX5
adipose tissue,Brown fat cell,PAT2
adipose tissue,Brown fat cell,SLC36A2
adipose tissue,Brown fat cell,SLC7A10
adipose tissue,Dendritic cell,ADAM19
adipose tissue,Dendritic cell,ADGRE1
adipose tissue,Dendritic cell,AIF1
adipose tissue,Dendritic cell,ANXA1
adipose tissue,Dendritic cell,ASS1
adipose tissue,Dendritic cell,AXL
adipose tissue,Dendritic cell,BATF3
adipose tissue,Dendritic cell,BTLA
adipose tissue,Dendritic cell,CADM1
adipose tissue,Dendritic cell,CCL22
adipose tissue,Dendritic cell,CCR2
adipose tissue,Dendritic cell,CCR7
adipose tissue,Dendritic cell,CD14
adipose tissue,Dendritic cell,CD180
adipose tissue,Dendritic cell,CD83
adipose tissue,Dendritic cell,CD86
adipose tissue,Dendritic cell,CLEC7A
adipose tissue,Dendritic cell,CLEC9A
adipose tissue,Dendritic cell,CX3CR1
adipose tissue,Dendritic cell,CXCL16
adipose tissue,Dendritic cell,CXCR3
adipose tissue,Dendritic cell,CXCR4
adipose tissue,Dendritic cell,DAB2
adipose tissue,Dendritic cell,DNASE1L3
adipose tissue,Dendritic cell,DPP4
adipose tissue,Dendritic cell,ETV6
adipose tissue,Dendritic cell,FABP4
adipose tissue,Dendritic cell,FCGR2B
adipose tissue,Dendritic cell,FGD2
adipose tissue,Dendritic cell,FLT3
adipose tissue,Dendritic cell,GPR132
adipose tissue,Dendritic cell,H2-AB1
adipose tissue,Dendritic cell,H2-DMA
adipose tissue,Dendritic cell,H2-EB1
adipose tissue,Dendritic cell,H2AFY
adipose tissue,Dendritic cell,HCK
adipose tissue,Dendritic cell,HFE
adipose tissue,Dendritic cell,IRF8
adipose tissue,Dendritic cell,ITGAE
adipose tissue,Dendritic cell,ITGAX
adipose tissue,Dendritic cell,LGALS3
adipose tissue,Dendritic cell,LST1
adipose tissue,Dendritic cell,NAAA
adipose tissue,Dendritic cell,NAPSA
adipose tissue,Dendritic cell,NR4A3
adipose tissue,Dendritic cell,P2RY10
adipose tissue,Dendritic cell,PLAC8
adipose tissue,Dendritic cell,PLBD1
adipose tissue,Dendritic cell,PPP1R14A
adipose tissue,Dendritic cell,PTPRC
adipose tissue,Endothelial cell,ABCG2
adipose tissue,Endothelial cell,ACVRL1
adipose tissue,Endothelial cell,ADAMTS1
adipose tissue,Endothelial cell,ADGRF5
adipose tissue,Endothelial cell,ADGRL4
adipose tissue,Endothelial cell,APLNR
adipose tissue,Endothelial cell,APOLD1
adipose tissue,Endothelial cell,AQP1
adipose tissue,Endothelial cell,CAV1
adipose tissue,Endothelial cell,CD34
adipose tissue,Endothelial cell,CD9
adipose tissue,Endothelial cell,CD93
adipose tissue,Endothelial cell,CDH5
adipose tissue,Endothelial cell,CLDN5
adipose tissue,Endothelial cell,CLEC14A
adipose tissue,Endothelial cell,CLIC4
adipose tissue,Endothelial cell,ECE1
adipose tissue,Endothelial cell,ECSCR
adipose tissue,Endothelial cell,EGFL7
adipose tissue,Endothelial cell,ELK3
adipose tissue,Endothelial cell,EMCN
adipose tissue,Endothelial cell,ENG
adipose tissue,Endothelial cell,EPAS1
adipose tissue,Endothelial cell,ETS1
adipose tissue,Endothelial cell,FLI1
adipose tissue,Endothelial cell,FLT1
adipose tissue,Endothelial cell,GNG11
adipose tissue,Endothelial cell,GPIHBP1
adipose tissue,Endothelial cell,ID1
adipose tissue,Endothelial cell,ID3
adipose tissue,Endothelial cell,IFI27
adipose tissue,Endothelial cell,IGFBP7
adipose tissue,Endothelial cell,KDR
adipose tissue,Endothelial cell,MFSD2A
adipose tissue,Endothelial cell,NOSTRIN
adipose tissue,Endothelial cell,PALMD
adipose tissue,Endothelial cell,PECAM1
adipose tissue,Endothelial cell,PLVAP
adipose tissue,Endothelial cell,PODXL
adipose tissue,Endothelial cell,PTPRB
adipose tissue,Hematopoietic cell,GATA2
adipose tissue,Hematopoietic cell,KIT
adipose tissue,Hematopoietic cell,PTPRC
adipose tissue,Hematopoietic cell,SLAMF1
adipose tissue,Hematopoietic cell,SPI1
adipose tissue,Hematopoietic cell,THY1
adipose tissue,Luminal epithelial cell,AGR2
adipose tissue,Luminal epithelial cell,ANKRD30A
adipose tissue,Luminal epithelial cell,ANXA1
adipose tissue,Luminal epithelial cell,AQP3
adipose tissue,Luminal epithelial cell,AR
adipose tissue,Luminal epithelial cell,AREG
adipose tissue,Luminal epithelial cell,ATP2C2
adipose tissue,Luminal epithelial cell,ATP7B
adipose tissue,Luminal epithelial cell,BTG1
adipose tissue,Luminal epithelial cell,CD74
adipose tissue,Luminal epithelial cell,CD9
adipose tissue,Luminal epithelial cell,CEBPD
adipose tissue,Luminal epithelial cell,CLDN4
adipose tissue,Luminal epithelial cell,DDR1
adipose tissue,Luminal epithelial cell,FGFR4
adipose tissue,Luminal epithelial cell,FGG
adipose tissue,Luminal epithelial cell,HIF1A
adipose tissue,Luminal epithelial cell,HMGA1
adipose tissue,Luminal epithelial cell,KRT18
adipose tissue,Luminal epithelial cell,KRT19
adipose tissue,Luminal epithelial cell,KRT23
adipose tissue,Luminal epithelial cell,KRT8
adipose tissue,Luminal epithelial cell,LCN2
adipose tissue,Luminal epithelial cell,LTF
adipose tissue,Luminal epithelial cell,PGR
adipose tissue,Luminal epithelial cell,PIP
adipose tissue,Luminal epithelial cell,PROM1
adipose tissue,Luminal epithelial cell,PTH1R
adipose tissue,Luminal epithelial cell,SAA2
adipose tissue,Luminal epithelial cell,SERPINA1
adipose tissue,Luminal epithelial cell,SERPINB3
adipose tissue,Luminal epithelial cell,SERPINB4
adipose tissue,Luminal epithelial cell,SLC12A2
adipose tissue,Luminal epithelial cell,SLPI
adipose tissue,Luminal epithelial cell,STC2
adipose tissue,Luminal epithelial cell,SYTL2
adipose tissue,Luminal epithelial cell,TNFSF10
adipose tissue,Luminal epithelial cell,UXT
adipose tissue,Luminal epithelial cell,WFDC2
adipose tissue,Luminal epithelial cell,WNT5A
adipose tissue,Macrophage,ADGRE1
adipose tissue,Macrophage,CCL2
adipose tissue,Macrophage,CCL5
adipose tissue,Macrophage,CD11B
adipose tissue,Macrophage,CD11C
adipose tissue,Macrophage,CD14
adipose tissue,Macrophage,CD16
adipose tissue,Macrophage,CD206
adipose tissue,Macrophage,CD274
adipose tissue,Macrophage,CD32
adipose tissue,Macrophage,CD45
adipose tissue,Macrophage,CD68
adipose tissue,Macrophage,CHIL3
adipose tissue,Macrophage,CLEC10A
adipose tissue,Macrophage,F4/80
adipose tissue,Macrophage,FCGR2A
adipose tissue,Macrophage,FCGR2B
adipose tissue,Macrophage,FCGR2C
adipose tissue,Macrophage,FCGR3A
adipose tissue,Macrophage,FCGR3B
adipose tissue,Macrophage,FCGR4
adipose tissue,Macrophage,IL-6
adipose tissue,Macrophage,IL18
adipose tissue,Macrophage,IL1B
adipose tissue,Macrophage,IL6
adipose tissue,Macrophage,ITGAM
adipose tissue,Macrophage,ITGAX
adipose tissue,Macrophage,MAC-1
adipose tissue,Macrophage,MRC1
adipose tissue,Macrophage,NOS2
adipose tissue,Macrophage,PTPRC
adipose tissue,Macrophage,TNF
adipose tissue,Macrophage,TNF-ALPHA
adipose tissue,Mammary epithelial cell,ABCG2
adipose tissue,Mammary epithelial cell,ALDH1A3
adipose tissue,Mammary epithelial cell,ANO1
adipose tissue,Mammary epithelial cell,BTN1A1
adipose tissue,Mammary epithelial cell,BTN2A2
adipose tissue,Mammary epithelial cell,BTN3A1
adipose tissue,Mammary epithelial cell,CDH1
adipose tissue,Mammary epithelial cell,CITED1
adipose tissue,Mammary epithelial cell,CLDN1
adipose tissue,Mammary epithelial cell,CLDN4
adipose tissue,Mammary epithelial cell,CSN1S1
adipose tissue,Mammary epithelial cell,CSN1S2A
adipose tissue,Mammary epithelial cell,CSN2
adipose tissue,Mammary epithelial cell,CSN3
adipose tissue,Mammary epithelial cell,FFAR1
adipose tissue,Mammary epithelial cell,FOXP4
adipose tissue,Mammary epithelial cell,IRF6
adipose tissue,Mammary epithelial cell,KDM3A
adipose tissue,Mammary epithelial cell,KRT14
adipose tissue,Mammary epithelial cell,KRT17
adipose tissue,Mammary epithelial cell,KRT18
adipose tissue,Mammary epithelial cell,KRT19
adipose tissue,Mammary epithelial cell,KRT5
adipose tissue,Mammary epithelial cell,KRT7
adipose tissue,Mammary epithelial cell,KRT8
adipose tissue,Mammary epithelial cell,LIF
adipose tissue,Mammary epithelial cell,LSR
adipose tissue,Mammary epithelial cell,MMP14
adipose tissue,Mammary epithelial cell,NEDD9
adipose tissue,Mammary epithelial cell,NNMT
adipose tissue,Mammary epithelial cell,PADI2
adipose tissue,Mammary epithelial cell,PIEZO1
adipose tissue,Mammary epithelial cell,PIP
adipose tissue,Mammary epithelial cell,PRLR
adipose tissue,Mammary epithelial cell,PYGO2
adipose tissue,Mammary epithelial cell,RARRES1
adipose tissue,Mammary epithelial cell,RUNX2
adipose tissue,Mammary epithelial cell,SERPINB5
adipose tissue,Mammary epithelial cell,SGMS2
adipose tissue,Mammary epithelial cell,SLC30A2
adipose tissue,Mammary epithelial cell,STAT3
adipose tissue,Mammary epithelial cell,SULT1E1
adipose tissue,Mammary epithelial cell,TOX3
adipose tissue,Mammary epithelial cell,WAP
adipose tissue,Mammary epithelial cell,WFDC18
adipose tissue,Mammary epithelial cell,WNT5B
adipose tissue,Mast cell,ADCYAP1
adipose tissue,Mast cell,ADORA3
adipose tissue,Mast cell,BTK
adipose tissue,Mast cell,CD117
adipose tissue,Mast cell,CPA3
adipose tissue,Mast cell,CSF2RB2
adipose tissue,Mast cell,CSF2RBP1
adipose tissue,Mast cell,FCER1A
adipose tissue,Mast cell,GATA2
adipose tissue,Mast cell,GRAP2
adipose tissue,Mast cell,HDC
adipose tissue,Mast cell,HPGDS
adipose tissue,Mast cell,IL18R1
adipose tissue,Mast cell,IL1RL1
adipose tissue,Mast cell,IL2RA
adipose tissue,Mast cell,IL4
adipose tissue,Mast cell,KIT
adipose tissue,Mast cell,MAOB
adipose tissue,Mast cell,MCPT4
adipose tissue,Mast cell,MLPH
adipose tissue,Mast cell,MRGPRB1
adipose tissue,Mast cell,MS4A2
adipose tissue,Mast cell,RGS13
adipose tissue,Mast cell,SLC18A2
adipose tissue,Mast cell,SLC24A3
adipose tissue,Mast cell,SLC8A3
adipose tissue,Mast cell,TESPA1
adipose tissue,Mast cell,TPSAB1
adipose tissue,Mast cell,TPSB2
adipose tissue,Mast cell,TPSD1
adipose tissue,Monocyte,CD68
adipose tissue,Monocyte,CTSS
adipose tissue,Monocyte,FCN1
adipose tissue,Monocyte,FCNA
adipose tissue,Monocyte,IFI211
adipose tissue,Monocyte,LYZ
adipose tissue,Monocyte,LYZ1
adipose tissue,Monocyte,MNDA
adipose tissue,Monocyte,NEAT1
adipose tissue,Monocyte,PSAP
adipose tissue,Monocyte,S100A9
adipose tissue,Monocyte,SERPINA1
adipose tissue,Monocyte,TYROBP
adipose tissue,Natural killer cell,CD158
adipose tissue,Natural killer cell,CD16
adipose tissue,Natural killer cell,CD314
adipose tissue,Natural killer cell,CD56
adipose tissue,Natural killer cell,CD94
adipose tissue,Natural killer cell,FASL
adipose tissue,Natural killer cell,FASLG
adipose tissue,Natural killer cell,FCGR3A
adipose tissue,Natural killer cell,FCGR3B
adipose tissue,Natural killer cell,FCGR4
adipose tissue,Natural killer cell,KLRD1
adipose tissue,Natural killer cell,KLRK1
adipose tissue,Natural killer cell,NCAM1
adipose tissue,Natural killer cell,NCR1
adipose tissue,Natural killer cell,NKP46
adipose tissue,Neuron,AAK1
adipose tissue,Neuron,ABAT
adipose tissue,Neuron,ARHGDIG
adipose tissue,Neuron,ATP6V0A1
adipose tissue,Neuron,BEX1
adipose tissue,Neuron,BEX2
adipose tissue,Neuron,CACNA2D2
adipose tissue,Neuron,CAMK2N1
adipose tissue,Neuron,CBARP
adipose tissue,Neuron,CHD6
adipose tissue,Neuron,CKMT1
adipose tissue,Neuron,CLSTN3
adipose tissue,Neuron,CNTNAP2
adipose tissue,Neuron,COPG1
adipose tissue,Neuron,DISP2
adipose tissue,Neuron,DLGAP1
adipose tissue,Neuron,DNER
adipose tissue,Neuron,DNM3
adipose tissue,Neuron,DTD1
adipose tissue,Neuron,DUSP26
adipose tissue,Neuron,ELAVL3
adipose tissue,Neuron,ENO2
adipose tissue,Neuron,FRRS1L
adipose tissue,Neuron,GABRA1
adipose tissue,Neuron,GABRG2
adipose tissue,Neuron,GAD1
adipose tissue,Neuron,GNAI1
adipose tissue,Neuron,GNL3L
adipose tissue,Neuron,GPRASP2
adipose tissue,Neuron,GRM5
adipose tissue,Neuron,HAP1
adipose tissue,Neuron,HDAC11
adipose tissue,Neuron,KCNC1
adipose tissue,Neuron,KCNMA1
adipose tissue,Neuron,MAP7D2
adipose tissue,Neuron,MATK
adipose tissue,Neuron,MEG3
adipose tissue,Neuron,MYO5A
adipose tissue,Neuron,NAPG
adipose tissue,Neuron,NCALD
adipose tissue,Neuron,NDN
adipose tissue,Neuron,NRSN2
adipose tissue,Neuron,PACSIN1
adipose tissue,Neuron,PCLO
adipose tissue,Neuron,PCP4
adipose tissue,Neuron,PNCK
adipose tissue,Neuron,PNISR
adipose tissue,Neuron,PNMAL1
adipose tissue,Neuron,PPP1R9A
adipose tissue,Neuron,PRUNE2
adipose tissue,Pericyte,ACTA2
adipose tissue,Pericyte,CACNA1C
adipose tissue,Pericyte,CARMN
adipose tissue,Pericyte,CCDC102B
adipose tissue,Pericyte,CD146
adipose tissue,Pericyte,COL25A1
adipose tissue,Pericyte,DLC1
adipose tissue,Pericyte,HS6ST3
adipose tissue,Pericyte,KCNAB1
adipose tissue,Pericyte,LDB3
adipose tissue,Pericyte,LMOD1
adipose tissue,Pericyte,MAP1B
adipose tissue,Pericyte,MCAM
adipose tissue,Pericyte,MYH11
adipose tissue,Pericyte,NTRK3
adipose tissue,Pericyte,PDGFRB
adipose tissue,Pericyte,PDZRN4
adipose tissue,Pericyte,PRKG1
adipose tissue,Pericyte,PRR16
adipose tissue,Pericyte,RGS5
adipose tissue,Platelet,ALDH2
adipose tissue,Platelet,ALOX12
adipose tissue,Platelet,ALOX5AP
adipose tissue,Platelet,ARHGDIB
adipose tissue,Platelet,ATP2A3
adipose tissue,Platelet,BIN2
adipose tissue,Platelet,CD226
adipose tissue,Platelet,CD84
adipose tissue,Platelet,CD9
adipose tissue,Platelet,CLEC1B
adipose tissue,Platelet,F13A1
adipose tissue,Platelet,F5
adipose tissue,Platelet,FERMT3
adipose tissue,Platelet,FHL1
adipose tissue,Platelet,GNG11
adipose tissue,Platelet,GP1BA
adipose tissue,Platelet,GP1BB
adipose tissue,Platelet,GP5
adipose tissue,Platelet,GP9
adipose tissue,Platelet,GPX1
adipose tissue,Platelet,GRAP2
adipose tissue,Platelet,HIST1H2BC
adipose tissue,Platelet,ITGA2B
adipose tissue,Platelet,ITGB2
adipose tissue,Platelet,ITGB3
adipose tissue,Platelet,LAPTM5
adipose tissue,Platelet,LYZ2
adipose tissue,Platelet,MFSD2B
adipose tissue,Platelet,MMRN1
adipose tissue,Platelet,MPL
adipose tissue,Platelet,MYL9
adipose tissue,Platelet,NRGN
adipose tissue,Platelet,OST4
adipose tissue,Platelet,PDLIM1
adipose tissue,Platelet,PF4
adipose tissue,Platelet,PLEK
adipose tissue,Platelet,PPBP
adipose tissue,Platelet,PPDPF
adipose tissue,Platelet,PRKAR2B
adipose tissue,Platelet,PTGS1
adipose tissue,T cell,BCL11B
adipose tissue,T cell,CAMK4
adipose tissue,T cell,CD247
adipose tissue,T cell,CD28
adipose tissue,T cell,CD3D
adipose tissue,T cell,CD3E
adipose tissue,T cell,CD3G
adipose tissue,T cell,CD96
adipose tissue,T cell,CXCR6
adipose tissue,T cell,FAM189B
adipose tissue,T cell,GIMAP3
adipose tissue,T cell,GIMAP3P
adipose tissue,T cell,GM10260
adipose tissue,T cell,IL7R
adipose tissue,T cell,ITK
adipose tissue,T cell,LEF1
adipose tissue,T cell,LINC01934
adipose tissue,T cell,LTB
adipose tissue,T cell,RAPGEF6
adipose tissue,T cell,RASGRP1
adipose tissue,T cell,RHOH
adipose tissue,T cell,RPL12
adipose tissue,T cell,RPLP1
adipose tissue,T cell,RPS16
adipose tissue,T cell,RPS18-PS6
adipose tissue,T cell,RPS23
adipose tissue,T cell,RPS4X
adipose tissue,T cell,SATB1
adipose tissue,T cell,SLFN12L
adipose tissue,T cell,SOCS2
adipose tissue,T cell,THEMIS
adipose tissue,T cell,TMSB10
adipose tissue,T cell,TPT1
adipose tissue,T memory cell,ACP5
adipose tissue,T memory cell,APBB1IP
adipose tissue,T memory cell,ARHGAP15
adipose tissue,T memory cell,ARHGAP45
adipose tissue,T memory cell,ARHGEF1
adipose tissue,T memory cell,BCL2
adipose tissue,T memory cell,BIN2
adipose tissue,T memory cell,CCR5
adipose tissue,T memory cell,CCR6
adipose tissue,T memory cell,CCR7
adipose tissue,T memory cell,CD2
adipose tissue,T memory cell,CD247
adipose tissue,T memory cell,CD27
adipose tissue,T memory cell,CD28
adipose tissue,T memory cell,CD3D
adipose tissue,T memory cell,CD3E
adipose tissue,T memory cell,CD3G
adipose tissue,T memory cell,CD4
adipose tissue,T memory cell,CD69
adipose tissue,T memory cell,CD7
adipose tissue,T memory cell,CXCR6
adipose tissue,T memory cell,CYTIP
adipose tissue,T memory cell,DGKA
adipose tissue,T memory cell,ENPP1
adipose tissue,T memory cell,EPSTI1
adipose tissue,T memory cell,GIMAP1
adipose tissue,T memory cell,GIMAP3
adipose tissue,T memory cell,GIMAP4
adipose tissue,T memory cell,GRAP2
adipose tissue,T memory cell,H2-Q7
adipose tissue,T memory cell,H2-T23
adipose tissue,T memory cell,ICOS
adipose tissue,T memory cell,IKZF1
adipose tissue,T memory cell,IL7R
adipose tissue,T memory cell,ITGAE
adipose tissue,T memory cell,ITGB5
adipose tissue,T memory cell,ITGB7
adipose tissue,T memory cell,KPNA4
adipose tissue,T memory cell,LAT
adipose tissue,T memory cell,LCK
adipose tissue,T memory cell,LEF1
adipose tissue,T memory cell,LTB
adipose tissue,T memory cell,MIR142HG
adipose tissue,T memory cell,MS4A4B
adipose tissue,T memory cell,MS4A6B
adipose tissue,T memory cell,NKG7
adipose tissue,T memory cell,PTPRC
adipose tissue,T memory cell,PTPRCAP
adipose tissue,T memory cell,RAPGEF6
adipose tissue,T memory cell,RHOH
adipose tissue,T memory cell,S100A8
adipose tissue,T memory cell,S100A9
adipose tissue,T memory cell,SATB1
adipose tissue,T memory cell,SELL
adipose tissue,T memory cell,SKAP1
adipose tissue,T memory cell,SLFN2
adipose tissue,T memory cell,SP100
adipose tissue,T memory cell,TBC1D10C
adipose tissue,T memory cell,TCF7
adipose tissue,T memory cell,TRAC
adipose tissue,T memory cell,TRBC1
adipose tissue,T memory cell,TRBC2
bladder,Basal epithelial cell,ALDH3A1
bladder,Basal epithelial cell,CBR2
bladder,Basal epithelial cell,FOXQ1
bladder,Basal epithelial cell,GSDMC2
bladder,Basal epithelial cell,IL5
bladder,Basal epithelial cell,TERF1
bladder,Basal epithelial cell,TMPRSS2
bladder,Basal epithelial cell,TRF
bladder,Dendritic cell,ACTB
bladder,Dendritic cell,ACTG1
bladder,Dendritic cell,ACTR3
bladder,Dendritic cell,ALOX5AP
bladder,Dendritic cell,ANXA2
bladder,Dendritic cell,ARPC1B
bladder,Dendritic cell,ARPC2
bladder,Dendritic cell,ATOX1
bladder,Dendritic cell,B2M
bladder,Dendritic cell,BCL2A1B
bladder,Dendritic cell,BCL2A1D
bladder,Dendritic cell,CALM1
bladder,Dendritic cell,CAPZB
bladder,Dendritic cell,CCL6
bladder,Dendritic cell,CCL9
bladder,Dendritic cell,CCR2
bladder,Dendritic cell,CD209A
bladder,Dendritic cell,CD48
bladder,Dendritic cell,CD52
bladder,Dendritic cell,CD53
bladder,Dendritic cell,CD74
bladder,Dendritic cell,CD83
bladder,Dendritic cell,CDC42
bladder,Dendritic cell,CFL1
bladder,Dendritic cell,CFP
bladder,Dendritic cell,CORO1A
bladder,Dendritic cell,COTL1
bladder,Dendritic cell,CRIP1
bladder,Dendritic cell,CSF2RA
bladder,Dendritic cell,CST3
bladder,Dendritic cell,CTSC
bladder,Dendritic cell,CTSH
bladder,Dendritic cell,CTSS
bladder,Dendritic cell,CTSZ
bladder,Dendritic cell,CYBA
bladder,Dendritic cell,CYTIP
bladder,Dendritic cell,DUSP1
bladder,Dendritic cell,EMP3
bladder,Dendritic cell,FAU
bladder,Dendritic cell,FCER1G
bladder,Dendritic cell,FTL1
bladder,Dendritic cell,FXYD5
bladder,Dendritic cell,GM2A
bladder,Dendritic cell,GPX1
bladder,Dendritic cell,H2-AA
bladder,Dendritic cell,H2-AB1
bladder,Dendritic cell,H2-D1
bladder,Dendritic cell,H2-DMA
bladder,Dendritic cell,H2-DMB1
bladder,Dendritic cell,H2-EB1
bladder,Dendritic cell,H2-K1
bladder,Dendritic cell,HSPA1A
bladder,Dendritic cell,ID2
bladder,Dendritic cell,IFI27L2A
bladder,Dendritic cell,IFI30
bladder,Dendritic cell,IFITM3
bladder,Dendritic cell,IL1B
bladder,Dendritic cell,JUNB
bladder,Dendritic cell,LAPTM5
bladder,Dendritic cell,LCP1
bladder,Dendritic cell,LGALS3
bladder,Dendritic cell,LSP1
bladder,Dendritic cell,LYZ2
bladder,Dendritic cell,MPEG1
bladder,Dendritic cell,NAAA
bladder,Dendritic cell,NAPSA
bladder,Dendritic cell,NFKBIA
bladder,Dendritic cell,NPC2
bladder,Dendritic cell,NR4A1
bladder,Dendritic cell,PFN1
bladder,Dendritic cell,PHF11B
bladder,Dendritic cell,PIM1
bladder,Dendritic cell,PLBD1
bladder,Dendritic cell,PLD4
bladder,Dendritic cell,PLTP
bladder,Dendritic cell,PSAP
bladder,Dendritic cell,PSMB8
bladder,Dendritic cell,PSME1
bladder,Dendritic cell,RETNLA
bladder,Dendritic cell,RGS2
bladder,Dendritic cell,S100A10
bladder,Dendritic cell,S100A11
bladder,Dendritic cell,S100A4
bladder,Dendritic cell,S100A6
bladder,Dendritic cell,SELPLG
bladder,Dendritic cell,SH3BGRL3
bladder,Dendritic cell,SPI1
bladder,Dendritic cell,SRGN
bladder,Dendritic cell,SYNGR2
bladder,Dendritic cell,TAGLN2
bladder,Dendritic cell,TMEM176A
bladder,Dendritic cell,TMEM176B
bladder,Dendritic cell,TMSB10
bladder,Dendritic cell,TMSB4X
bladder,Dendritic cell,TYROBP
bladder,Dendritic cell,UCP2
bladder,Dendritic cell,UNC93B1
bladder,Dendritic cell,VIM
bladder,Dendritic cell,WFDC17
bladder,Dendritic cell,ZFP36
bladder,Endothelial cell,ABCB1A
bladder,Endothelial cell,ABCG2
bladder,Endothelial cell,ACKR1
bladder,Endothelial cell,ACVRL1
bladder,Endothelial cell,ADAMTS1
bladder,Endothelial cell,ADGRF5
bladder,Endothelial cell,ADGRL4
bladder,Endothelial cell,ADIRF
bladder,Endothelial cell,ADORA2A
bladder,Endothelial cell,APLN
bladder,Endothelial cell,APLNR
bladder,Endothelial cell,APOLD1
bladder,Endothelial cell,AQP1
bladder,Endothelial cell,AQP7
bladder,Endothelial cell,ARAP3
bladder,Endothelial cell,ARHGEF15
bladder,Endothelial cell,BDP1
bladder,Endothelial cell,BIRC2
bladder,Endothelial cell,BMP2
bladder,Endothelial cell,BMX
bladder,Endothelial cell,BTNL9
bladder,Endothelial cell,C1QTNF1
bladder,Endothelial cell,C7
bladder,Endothelial cell,CA4
bladder,Endothelial cell,CALCRL
bladder,Endothelial cell,CAR4
bladder,Endothelial cell,CARD10
bladder,Endothelial cell,CASZ1
bladder,Endothelial cell,CAV1
bladder,Endothelial cell,CCL14
bladder,Endothelial cell,CCL19
bladder,Endothelial cell,CCL23
bladder,Endothelial cell,CD300LG
bladder,Endothelial cell,CD34
bladder,Endothelial cell,CD36
bladder,Endothelial cell,CD46
bladder,Endothelial cell,CD55
bladder,Endothelial cell,CD82
bladder,Endothelial cell,CD9
bladder,Endothelial cell,CD93
bladder,Endothelial cell,CDH5
bladder,Endothelial cell,CDKN1C
bladder,Endothelial cell,CHST1
bladder,Endothelial cell,CLCA3A1
bladder,Endothelial cell,CLDN5
bladder,Endothelial cell,CLEC14A
bladder,Endothelial cell,CLEC1B
bladder,Endothelial cell,CLEC4G
bladder,Endothelial cell,CLIC4
bladder,Endothelial cell,CRHBP
bladder,Endothelial cell,CTGF
bladder,Endothelial cell,CXCL1
bladder,Endothelial cell,CYP1B1
bladder,Endothelial cell,DLL4
bladder,Endothelial cell,DNASE1L3
bladder,Endothelial cell,DPP4
bladder,Endothelial cell,ECE1
bladder,Endothelial cell,ECSCR
bladder,Endothelial cell,EDNRB
bladder,Endothelial cell,EGFL7
bladder,Endothelial cell,EHD3
bladder,Endothelial cell,ELK3
bladder,Endothelial cell,EMCN
bladder,Endothelial cell,EMP1
bladder,Endothelial cell,ENG
bladder,Endothelial cell,EPAS1
bladder,Endothelial cell,ERG
bladder,Endothelial cell,ESM1
bladder,Endothelial cell,ETS1
bladder,Endothelial cell,EXOC3L
bladder,Endothelial cell,EXOC3L1
bladder,Endothelial cell,F8
bladder,Endothelial cell,FABP4
bladder,Endothelial cell,FAM167B
bladder,Endothelial cell,FCN2
bladder,Endothelial cell,FCN3
bladder,Endothelial cell,FHL2
bladder,Endothelial cell,FLI1
bladder,Endothelial cell,FLT1
bladder,Endothelial cell,FLT4
bladder,Endothelial cell,FOXF1
bladder,Endothelial cell,FOXF2
bladder,Endothelial cell,GIMAP5
bladder,Endothelial cell,GJA4
bladder,Endothelial cell,GJA5
bladder,Endothelial cell,GLYCAM1
bladder,Endothelial cell,GNG11
bladder,Endothelial cell,GPIHBP1
bladder,Endothelial cell,GPM6A
bladder,Endothelial cell,GPR182
bladder,Endothelial cell,HEXIM1
bladder,Endothelial cell,HEY1
bladder,Endothelial cell,HSPG2
bladder,Endothelial cell,HYAL2
bladder,Endothelial cell,ICAM1
bladder,Endothelial cell,ICAM2
bladder,Endothelial cell,ID1
bladder,Endothelial cell,ID3
bladder,Endothelial cell,IFI27
bladder,Endothelial cell,IGFBP7
bladder,Endothelial cell,IL1A
bladder,Endothelial cell,INMT
bladder,Endothelial cell,IRX3
bladder,Endothelial cell,ITGB3
bladder,Endothelial cell,KCNJ8
bladder,Endothelial cell,KDR
bladder,Endothelial cell,KLK1
bladder,Endothelial cell,LIFR
bladder,Endothelial cell,LOX
bladder,Endothelial cell,LTC4S
bladder,Endothelial cell,LY6A
bladder,Endothelial cell,LY6C1
bladder,Endothelial cell,LYVE1
bladder,Endothelial cell,MADCAM1
bladder,Endothelial cell,MCAM
bladder,Endothelial cell,MEOX1
bladder,Endothelial cell,MEOX2
bladder,Endothelial cell,MFSD2A
bladder,Endothelial cell,MGLL
bladder,Endothelial cell,MGP
bladder,Endothelial cell,MMRN1
bladder,Endothelial cell,MMRN2
bladder,Endothelial cell,MYF6
bladder,Endothelial cell,MYLK
bladder,Endothelial cell,NOS3
bladder,Endothelial cell,NOSTRIN
bladder,Endothelial cell,NOTCH4
bladder,Endothelial cell,NPR1
bladder,Endothelial cell,NRP2
bladder,Endothelial cell,OIT3
bladder,Endothelial cell,PALMD
bladder,Endothelial cell,PCAT19
bladder,Endothelial cell,PCDH12
bladder,Endothelial cell,PDGFB
bladder,Endothelial cell,PDPN
bladder,Endothelial cell,PECAM1
bladder,Endothelial cell,PLAC8
bladder,Endothelial cell,PLEC
bladder,Endothelial cell,PLVAP
bladder,Endothelial cell,PODXL
bladder,Endothelial cell,POSTN
bladder,Endothelial cell,PRKCH
bladder,Endothelial cell,PROCR
bladder,Endothelial cell,PROX1
bladder,Endothelial cell,PTGDS
bladder,Endothelial cell,PTPRB
bladder,Endothelial cell,RAMP3
bladder,Endothelial cell,RASGRP3
bladder,Endothelial cell,RASIP1
bladder,Endothelial cell,RBP7
bladder,Endothelial cell,RGCC
bladder,Endothelial cell,RGS5
bladder,Endothelial cell,RNASE1
bladder,Endothelial cell,RND1
bladder,Endothelial cell,ROBO4
bladder,Endothelial cell,RPRM
bladder,Endothelial cell,S100A10
bladder,Endothelial cell,S100A13
bladder,Endothelial cell,SCARF1
bladder,Endothelial cell,SDPR
bladder,Endothelial cell,SELE
bladder,Endothelial cell,SEMA3D
bladder,Endothelial cell,SEMA7A
bladder,Endothelial cell,SGK1
bladder,Endothelial cell,SLC2A1
bladder,Endothelial cell,SLC38A5
bladder,Endothelial cell,SLC7A5
bladder,Endothelial cell,SLC9A3R2
bladder,Endothelial cell,SLCO1A4
bladder,Endothelial cell,SLCO1C1
bladder,Endothelial cell,SOX18
bladder,Endothelial cell,SOX7
bladder,Endothelial cell,SPARC
bladder,Endothelial cell,SPARCL1
bladder,Endothelial cell,SPNS2
bladder,Endothelial cell,SRGN
bladder,Endothelial cell,SRPX
bladder,Endothelial cell,STAB1
bladder,Endothelial cell,STAB2
bladder,Endothelial cell,TBX1
bladder,Endothelial cell,TCF15
bladder,Endothelial cell,TEK
bladder,Endothelial cell,TGFBR2
bladder,Endothelial cell,THBD
bladder,Endothelial cell,THSD1
bladder,Endothelial cell,TIE1
bladder,Endothelial cell,TIMP3
bladder,Endothelial cell,TM4SF1
bladder,Endothelial cell,TMEM100
bladder,Endothelial cell,TSPAN8
bladder,Endothelial cell,USHBP1
bladder,Endothelial cell,VCAM1
bladder,Endothelial cell,VEGFC
bladder,Endothelial cell,VWA1
bladder,Endothelial cell,VWF
bladder,Endothelial cell,WFDC1
bladder,Endothelial cell,XDH
bladder,Macrophage,C1QA
bladder,Macrophage,C1QB
bladder,Macrophage,C1QC
bladder,Macrophage,CD74
bladder,Macrophage,CFP
bladder,Macrophage,CSF1R
bladder,Macrophage,CTSC
bladder,Macrophage,DAB2
bladder,Macrophage,FCER1G
bladder,Macrophage,LGMN
bladder,Macrophage,LYZ2
bladder,Macrophage,MAF
bladder,Macrophage,MRC1
bladder,Macrophage,PF4
bladder,Macrophage,TYROBP
bladder,Smooth muscle cell,AAED1
bladder,Smooth muscle cell,ACKR3
bladder,Smooth muscle cell,ACTC1
bladder,Smooth muscle cell,ACTG2
bladder,Smooth muscle cell,ADAMDEC1
bladder,Smooth muscle cell,AKT2
bladder,Smooth muscle cell,ANGPT1
bladder,Smooth muscle cell,ANKRD1
bladder,Smooth muscle cell,AOC3
bladder,Smooth muscle cell,BGN
bladder,Smooth muscle cell,CNN1
bladder,Smooth muscle cell,CRABP1
bladder,Smooth muscle cell,DES
bladder,Smooth muscle cell,DMPK
bladder,Smooth muscle cell,EHD2
bladder,Smooth muscle cell,FABP4
bladder,Smooth muscle cell,FAS
bladder,Smooth muscle cell,FBLN5
bladder,Smooth muscle cell,FHL2
bladder,Smooth muscle cell,GJA4
bladder,Smooth muscle cell,GJC1
bladder,Smooth muscle cell,HEXIM1
bladder,Smooth muscle cell,HHIP
bladder,Smooth muscle cell,HSPB6
bladder,Smooth muscle cell,ITGA1
bladder,Smooth muscle cell,ITGA8
bladder,Smooth muscle cell,ITGA9
bladder,Smooth muscle cell,JPH2
bladder,Smooth muscle cell,KAT2B
bladder,Smooth muscle cell,KCNAB1
bladder,Smooth muscle cell,KCNMB1
bladder,Smooth muscle cell,KIF1C
bladder,Smooth muscle cell,LAMB2
bladder,Smooth muscle cell,LGR6
bladder,Smooth muscle cell,LMO7
bladder,Smooth muscle cell,LMOD1
bladder,Smooth muscle cell,LOX
bladder,Smooth muscle cell,MAP3K7CL
bladder,Smooth muscle cell,MFAP5
bladder,Smooth muscle cell,MRVI1
bladder,Smooth muscle cell,MSRB3
bladder,Smooth muscle cell,MUSTN1
bladder,Smooth muscle cell,MYH11
bladder,Smooth muscle cell,MYH6
bladder,Smooth muscle cell,MYL9
bladder,Smooth muscle cell,MYLK
bladder,Smooth muscle cell,MYLK4
bladder,Smooth muscle cell,NEXN
bladder,Smooth muscle cell,NF2
bladder,Smooth muscle cell,NOTCH3
bladder,Smooth muscle cell,NOV
bladder,Smooth muscle cell,NOX4
bladder,Smooth muscle cell,NRP2
bladder,Smooth muscle cell,OBSCN
bladder,Smooth muscle cell,OGN
bladder,Smooth muscle cell,OTUD1
bladder,Smooth muscle cell,PCP4L1
bladder,Smooth muscle cell,PDE4DIP
bladder,Smooth muscle cell,PDGFD
bladder,Smooth muscle cell,PLN
bladder,Smooth muscle cell,RASL12
bladder,Smooth muscle cell,RBPMS2
bladder,Smooth muscle cell,RGS5
bladder,Smooth muscle cell,RPRM
bladder,Smooth muscle cell,RRAD
bladder,Smooth muscle cell,SEC24D
bladder,Smooth muscle cell,SH3BGR
bladder,Smooth muscle cell,SLC38A11
bladder,Smooth muscle cell,SMOC1
bladder,Smooth muscle cell,SMTN
bladder,Smooth muscle cell,SNCG
bladder,Smooth muscle cell,SOD3
bladder,Smooth muscle cell,SPEG
bladder,Smooth muscle cell,SPON2
bladder,Smooth muscle cell,SSPN
bladder,Smooth muscle cell,TAGLN
bladder,Smooth muscle cell,TCF21
bladder,Smooth muscle cell,VASN
bladder,Smooth muscle cell,WFDC1
bladder,Smooth muscle cell,WWP2
bladder,Smooth muscle cell,ZBTB44
bladder,Smooth muscle progenitor cell,CFH
bladder,Smooth muscle progenitor cell,FILIP1L
bladder,Smooth muscle progenitor cell,MUSTN1
bladder,Smooth muscle progenitor cell,MYL9
bladder,Smooth muscle progenitor cell,MYLK
bladder,Smooth muscle progenitor cell,PDGFRB
bladder,Smooth muscle progenitor cell,TINAGL1
bladder,Umbrella cell,9530034E10RIK
bladder,Umbrella cell,IVL
bladder,Umbrella cell,KRT20
bladder,Umbrella cell,NAT1
bladder,Umbrella cell,PIEZO1
bladder,Umbrella cell,SLC14A1
bladder,Umbrella cell,TRPV1
bladder,Umbrella cell,UMODL1
bladder,Umbrella cell,UPK1A
bladder,Umbrella cell,UPK1B
bladder,Umbrella cell,UPK2
bladder,Umbrella cell,UPK3A
bladder,Umbrella cell,UPK3B
bladder,Ureteric epithelium cell,CD9
bladder,Ureteric epithelium cell,GSTO1
bladder,Ureteric epithelium cell,KRT18
bladder,Ureteric epithelium cell,KRT19
bladder,Ureteric epithelium cell,KRT7
bladder,Ureteric epithelium cell,KRT8
bladder,Ureteric epithelium cell,LGALS3
bladder,Ureteric epithelium cell,LY6D
bladder,Ureteric epithelium cell,PSCA
bladder,Ureteric epithelium cell,S100A6
bladder,Ureteric epithelium cell,SPRR1A
bladder,Ureteric epithelium cell,UPK1A
bladder,Ureteric epithelium cell,UPK2
bladder,Ureteric epithelium cell,UPK3A
bladder,Urine-derived stem cell,CD105
bladder,Urine-derived stem cell,CD117
bladder,Urine-derived stem cell,CD133
bladder,Urine-derived stem cell,CD14
bladder,Urine-derived stem cell,CD146
bladder,Urine-derived stem cell,CD24
bladder,Urine-derived stem cell,CD29
bladder,Urine-derived stem cell,CD31
bladder,Urine-derived stem cell,CD34
bladder,Urine-derived stem cell,CD44
bladder,Urine-derived stem cell,CD45
bladder,Urine-derived stem cell,CD73
bladder,Urine-derived stem cell,CD90
bladder,Urine-derived stem cell,ENG
bladder,Urine-derived stem cell,ITGB1
bladder,Urine-derived stem cell,KIT
bladder,Urine-derived stem cell,MCAM
bladder,Urine-derived stem cell,NT5E
bladder,Urine-derived stem cell,OCT3/4
bladder,Urine-derived stem cell,PECAM1
bladder,Urine-derived stem cell,POU5F1
bladder,Urine-derived stem cell,PROM1
bladder,Urine-derived stem cell,PTPRC
bladder,Urine-derived stem cell,SSEA-4
bladder,Urine-derived stem cell,STRO-1
bladder,Urine-derived stem cell,THY1
bladder,Urothelial cell,9530034E10RIK
bladder,Urothelial cell,ABHD12
bladder,Urothelial cell,CTSE
bladder,Urothelial cell,DHRS2
bladder,Urothelial cell,EBPL
bladder,Urothelial cell,FABP5
bladder,Urothelial cell,GLTP
bladder,Urothelial cell,GM16136
bladder,Urothelial cell,GSTM2-PS1
bladder,Urothelial cell,IVL
bladder,Urothelial cell,KRT5
bladder,Urothelial cell,LYPD3
bladder,Urothelial cell,NAT1
bladder,Urothelial cell,NECTIN4
bladder,Urothelial cell,OCIAD2
bladder,Urothelial cell,PAQR5
bladder,Urothelial cell,PIEZO1
bladder,Urothelial cell,PLET1
bladder,Urothelial cell,PTGR1
bladder,Urothelial cell,PVRL4
bladder,Urothelial cell,RAB25
bladder,Urothelial cell,S100P
bladder,Urothelial cell,SGPL1
bladder,Urothelial cell,SLC14A1
bladder,Urothelial cell,SNX31
bladder,Urothelial cell,SRD5A1
bladder,Urothelial cell,TCP1
bladder,Urothelial cell,TMEM64
bladder,Urothelial cell,TMPRSS2
bladder,Urothelial cell,TP63
bladder,Urothelial cell,TRPV1
bladder,Urothelial cell,UCHL1
bladder,Urothelial cell,UGP85
bladder,Urothelial cell,UMODL1
bladder,Urothelial cell,UPK1A
bladder,Urothelial cell,UPK1B
bladder,Urothelial cell,UPK2
bladder,Urothelial cell,UPK3A
bladder,Urothelial cell,UPK3B
blood,B cell,BANK1
blood,B cell,CD74
blood,B cell,CD79A
blood,B cell,CD79B
blood,B cell,HLA-DQA1
blood,B cell,IGHM
blood,B cell,MEF2C
blood,B cell,MS4A1
blood,B cell,RALGPS2
blood,B cell,TNFRSF13C
blood,Basophil,BSP1
blood,Basophil,CCL3
blood,Basophil,CCL4
blood,Basophil,CCR3
blood,Basophil,CD117
blood,Basophil,CD11B
blood,Basophil,CD123
blood,Basophil,CD15
blood,Basophil,CD19
blood,Basophil,CD200R3
blood,Basophil,CD203C
blood,Basophil,CD22
blood,Basophil,CD45
blood,Basophil,CD49B
blood,Basophil,CD63
blood,Basophil,CD69
blood,Basophil,ENPP3
blood,Basophil,FC-EPSILON RI-ALPHA
blood,Basophil,FCER1A
blood,Basophil,FUT4
blood,Basophil,HLA-DR
blood,Basophil,IL3RA
blood,Basophil,ITGA2
blood,Basophil,MCPT8
blood,Basophil,MMCP-8
blood,Basophil,PTPRC
blood,Basophil,SMAD1
blood,CD14 Monocyte,CD14
blood,CD14 Monocyte,CTSS
blood,CD14 Monocyte,FCN1
blood,CD14 Monocyte,FCNA
blood,CD14 Monocyte,G0S2
blood,CD14 Monocyte,IL1B
blood,CD14 Monocyte,LYZ
blood,CD14 Monocyte,LYZ1
blood,CD14 Monocyte,S100A12
blood,CD14 Monocyte,S100A8
blood,CD14 Monocyte,S100A9
blood,CD14 Monocyte,VCAN
blood,CD16 Monocyte,AIF1
blood,CD16 Monocyte,CDKN1C
blood,CD16 Monocyte,FCGR3A
blood,CD16 Monocyte,FCGR4
blood,CD16 Monocyte,HES4
blood,CD16 Monocyte,IER5
blood,CD16 Monocyte,IFITM3
blood,CD16 Monocyte,LST1
blood,CD16 Monocyte,MS4A7
blood,CD16 Monocyte,PTPRC
blood,CD16 Monocyte,RHOC
blood,CD4 Central Memory T cell,AQP3
blood,CD4 Central Memory T cell,CD4
blood,CD4 Central Memory T cell,IL32
blood,CD4 Central Memory T cell,IL7R
blood,CD4 Central Memory T cell,ITGB1
blood,CD4 Central Memory T cell,LDHB
blood,CD4 Central Memory T cell,LTB
blood,CD4 Central Memory T cell,MAL
blood,CD4 Central Memory T cell,TMSB10
blood,CD4 Central Memory T cell,TRAC
blood,CD4 Cytotoxic T cell,B2M
blood,CD4 Cytotoxic T cell,CD4
blood,CD4 Cytotoxic T cell,CST7
blood,CD4 Cytotoxic T cell,FGFBP2
blood,CD4 Cytotoxic T cell,GNLY
blood,CD4 Cytotoxic T cell,GZMA
blood,CD4 Cytotoxic T cell,GZMH
blood,CD4 Cytotoxic T cell,IL32
blood,CD4 Cytotoxic T cell,ITGB1
blood,CD4 Cytotoxic T cell,NKG7
blood,CD4 Effector Memory T cell,AQP3
blood,CD4 Effector Memory T cell,CCL5
blood,CD4 Effector Memory T cell,FYB1
blood,CD4 Effector Memory T cell,GZMA
blood,CD4 Effector Memory T cell,GZMK
blood,CD4 Effector Memory T cell,IL32
blood,CD4 Effector Memory T cell,IL7R
blood,CD4 Effector Memory T cell,KLRB1
blood,CD4 Effector Memory T cell,LTB
blood,CD4 Effector Memory T cell,TRAC
blood,CD4 Naive T cell,CCR7
blood,CD4 Naive T cell,CD4
blood,CD4 Naive T cell,FHIT
blood,CD4 Naive T cell,IL7R
blood,CD4 Naive T cell,LDHB
blood,CD4 Naive T cell,LEF1
blood,CD4 Naive T cell,MAL
blood,CD4 Naive T cell,NOSIP
blood,CD4 Naive T cell,PIK3IP1
blood,CD4 Naive T cell,TCF7
blood,CD4 Proliferating T cell,ASPM
blood,CD4 Proliferating T cell,CENPF
blood,CD4 Proliferating T cell,MKI67
blood,CD4 Proliferating T cell,NUSAP1
blood,CD4 Proliferating T cell,PCLAF
blood,CD4 Proliferating T cell,PTTG1
blood,CD4 Proliferating T cell,RRM2
blood,CD4 Proliferating T cell,TOP2A
blood,CD4 Proliferating T cell,TPX2
blood,CD4 Proliferating T cell,TYMS
blood,CD4 T cell,CD3D
blood,CD4 T cell,CD3G
blood,CD4 T cell,CD4
blood,CD4 T cell,IL7R
blood,CD4 T cell,LDHB
blood,CD4 T cell,LTB
blood,CD4 T cell,MAL
blood,CD4 T cell,TMSB10
blood,CD4 T cell,TPT1
blood,CD4 T cell,TRAC
blood,CD56-bright natural killer cell,FCER1G
blood,CD56-bright natural killer cell,KLRC1
blood,CD56-bright natural killer cell,NCAM1
blood,CD56-bright natural killer cell,PPP1R9A
blood,CD56-bright natural killer cell,SPINK2
blood,CD56-bright natural killer cell,SPTSSB
blood,CD56-bright natural killer cell,TNFRSF11A
blood,CD56-bright natural killer cell,TRDC
blood,CD56-bright natural killer cell,XCL1
blood,CD56-bright natural killer cell,XCL2
blood,CD56-dim natural killer cell,FCER1G
blood,CD56-dim natural killer cell,FGFBP2
blood,CD56-dim natural killer cell,GNLY
blood,CD56-dim natural killer cell,GZMB
blood,CD56-dim natural killer cell,KLRF1
blood,CD56-dim natural killer cell,NKG7
blood,CD56-dim natural killer cell,PRF1
blood,CD56-dim natural killer cell,SPON2
blood,CD56-dim natural killer cell,TRDC
blood,CD56-dim natural killer cell,TYROBP
blood,CD8 Central Memory T cell,ANXA1
blood,CD8 Central Memory T cell,CD8A
blood,CD8 Central Memory T cell,CD8B
blood,CD8 Central Memory T cell,IL7R
blood,CD8 Central Memory T cell,KRT1
blood,CD8 Central Memory T cell,LDHB
blood,CD8 Central Memory T cell,LINC02446
blood,CD8 Central Memory T cell,NELL2
blood,CD8 Central Memory T cell,TRAC
blood,CD8 Central Memory T cell,YBX3
blood,CD8 Effector Memory T cell,CCL5
blood,CD8 Effector Memory T cell,CD8A
blood,CD8 Effector Memory T cell,CD8B
blood,CD8 Effector Memory T cell,CST7
blood,CD8 Effector Memory T cell,GZMH
blood,CD8 Effector Memory T cell,GZMK
blood,CD8 Effector Memory T cell,KLRD1
blood,CD8 Effector Memory T cell,NKG7
blood,CD8 Effector Memory T cell,TRAC
blood,CD8 Effector Memory T cell,TRGC2
blood,CD8 Naive T cell,CCR7
blood,CD8 Naive T cell,CD8A
blood,CD8 Naive T cell,CD8B
blood,CD8 Naive T cell,CRTAM
blood,CD8 Naive T cell,LEF1
blood,CD8 Naive T cell,LINC02446
blood,CD8 Naive T cell,NOSIP
blood,CD8 Naive T cell,OXNAD1
blood,CD8 Naive T cell,RGS10
blood,CD8 Naive T cell,S100B
blood,CD8 Proliferating T cell,CD3D
blood,CD8 Proliferating T cell,CD3G
blood,CD8 Proliferating T cell,CD8B
blood,CD8 Proliferating T cell,CLSPN
blood,CD8 Proliferating T cell,MKI67
blood,CD8 Proliferating T cell,PCLAF
blood,CD8 Proliferating T cell,RRM2
blood,CD8 Proliferating T cell,TK1
blood,CD8 Proliferating T cell,TRAC
blood,CD8 Proliferating T cell,TYMS
blood,CD8 T cell,CD3D
blood,CD8 T cell,CD3E
blood,CD8 T cell,CD3G
blood,CD8 T cell,CD8A
blood,CD8 T cell,CD8B
blood,CD8 T cell,CTSW
blood,CD8 T cell,HCST
blood,CD8 T cell,LINC02446
blood,CD8 T cell,TMSB10
blood,CD8 T cell,TRAC
blood,Dendritic cell,AXL
blood,Dendritic cell,CCDC88A
blood,Dendritic cell,CD74
blood,Dendritic cell,CLEC4C
blood,Dendritic cell,CST3
blood,Dendritic cell,DNASE1L3
blood,Dendritic cell,GAS6
blood,Dendritic cell,HLA-DMA
blood,Dendritic cell,HLA-DPA1
blood,Dendritic cell,HLA-DPB1
blood,Dendritic cell,HLA-DQA1
blood,Dendritic cell,HLA-DQB1
blood,Dendritic cell,HLA-DRA
blood,Dendritic cell,HLA-DRB1
blood,Dendritic cell,IL3RA
blood,Dendritic cell,LGMN
blood,Dendritic cell,LILRA4
blood,Dendritic cell,PPP1R14A
blood,Dendritic cell,SCN9A
blood,Dendritic cell,SCT
blood,Double-negative T cell,AC004585.1
blood,Double-negative T cell,CAV1
blood,Double-negative T cell,DTHD1
blood,Double-negative T cell,FXYD2
blood,Double-negative T cell,GZMA
blood,Double-negative T cell,GZMK
blood,Double-negative T cell,MIR4422HG
blood,Double-negative T cell,MYB
blood,Double-negative T cell,NUCB2
blood,Double-negative T cell,PTPN3
blood,Embryonic stem cell,B2M
blood,Embryonic stem cell,BMP4
blood,Embryonic stem cell,BRACHYURY
blood,Embryonic stem cell,FGF4
blood,Embryonic stem cell,LIF
blood,Embryonic stem cell,LIFR
blood,Embryonic stem cell,NANOG
blood,Embryonic stem cell,POU5F1
blood,Embryonic stem cell,REX1
blood,Embryonic stem cell,SLC25A5
blood,Embryonic stem cell,SOX2
blood,Embryonic stem cell,STAT3
blood,Embryonic stem cell,T2
blood,Embryonic stem cell,TERT
blood,Embryonic stem cell,ZFP42
blood,Endothelial cell,BDCA-3
blood,Endothelial cell,CC CHEMOKINE RECEPTOR D6
blood,Endothelial cell,CD102
blood,Endothelial cell,CD105
blood,Endothelial cell,CD106
blood,Endothelial cell,CD112
blood,Endothelial cell,CD119
blood,Endothelial cell,CD123
blood,Endothelial cell,CD13
blood,Endothelial cell,CD133
blood,Endothelial cell,CD141
blood,Endothelial cell,CD143
blood,Endothelial cell,CD144
blood,Endothelial cell,CD146
blood,Endothelial cell,CD147
blood,Endothelial cell,CD150
blood,Endothelial cell,CD151
blood,Endothelial cell,CD160
blood,Endothelial cell,CD18
blood,Endothelial cell,CD182
blood,Endothelial cell,CD202B
blood,Endothelial cell,CD206
blood,Endothelial cell,CD248
blood,Endothelial cell,CD282
blood,Endothelial cell,CD299
blood,Endothelial cell,CD300G
blood,Endothelial cell,CD309
blood,Endothelial cell,CD31
blood,Endothelial cell,CD324
blood,Endothelial cell,CD34
blood,Endothelial cell,CD36
blood,Endothelial cell,CD39
blood,Endothelial cell,CD40
blood,Endothelial cell,CD44
blood,Endothelial cell,CD45
blood,Endothelial cell,CD49B
blood,Endothelial cell,CD49D
blood,Endothelial cell,CD54
blood,Endothelial cell,CD61
blood,Endothelial cell,CD62
blood,Endothelial cell,CD62E
blood,Endothelial cell,CD62P
blood,Endothelial cell,CD81
blood,Endothelial cell,CD93
blood,Endothelial cell,CDH1
blood,Endothelial cell,CDH5
blood,Endothelial cell,CLEC4M
blood,Endothelial cell,COAGULATION FACTOR III
blood,Endothelial cell,COLEC11
blood,Endothelial cell,COLEC12
blood,Endothelial cell,CXCR2
blood,Endothelial cell,DCBLD2
blood,Endothelial cell,ECSCR
blood,Endothelial cell,EDG1
blood,Endothelial cell,EDG3
blood,Endothelial cell,EDG5
blood,Endothelial cell,EDG6
blood,Endothelial cell,EDG8
blood,Endothelial cell,EGFL7
blood,Endothelial cell,ENDOGLIN
blood,Endothelial cell,ENDOMUCIN
blood,Endothelial cell,ENG
blood,Endothelial cell,ENTPD1
blood,Endothelial cell,EPCR
blood,Endothelial cell,ERYTHROPOIETIN R
blood,Endothelial cell,ESAM
blood,Endothelial cell,FABP5
blood,Endothelial cell,FABP6
blood,Endothelial cell,FLT1
blood,Endothelial cell,FLT4
blood,Endothelial cell,ICAM2
blood,Endothelial cell,IL-1 RI
blood,Endothelial cell,IL-13 R ALPHA 1
blood,Endothelial cell,INTEGRIN ALPHA 4 BETA 1
blood,Endothelial cell,INTEGRIN ALPHA 4 BETA 7
blood,Endothelial cell,ITGA4
blood,Endothelial cell,KDR
blood,Endothelial cell,KLF4
blood,Endothelial cell,LY6C
blood,Endothelial cell,LY6C1
blood,Endothelial cell,LYVE-1
blood,Endothelial cell,MCAM
blood,Endothelial cell,MHC CLASS II
blood,Endothelial cell,PD-ECGF
blood,Endothelial cell,PECAM1
blood,Endothelial cell,PLVAP
blood,Endothelial cell,PODOCALYXIN
blood,Endothelial cell,PODOPLANIN
blood,Endothelial cell,PODXL
blood,Endothelial cell,PROM1
blood,Endothelial cell,PTPRC
blood,Endothelial cell,RAFTLIN
blood,Endothelial cell,RFTN1
blood,Endothelial cell,SELE
blood,Endothelial cell,SELP
blood,Endothelial cell,STABILIN-1
blood,Endothelial cell,STABILIN-2
blood,Endothelial cell,TEK
blood,Endothelial cell,TEM7
blood,Endothelial cell,TEM8
blood,Endothelial cell,THBD
blood,Endothelial cell,THSD1
blood,Endothelial cell,THSD7A
blood,Endothelial cell,TIE-1
blood,Endothelial cell,TIE-2
blood,Endothelial cell,TIE1
blood,Endothelial cell,TLR2
blood,Endothelial cell,TNFRSF10A
blood,Endothelial cell,TNFRSF10B
blood,Endothelial cell,TNFRSF1A
blood,Endothelial cell,TNFRSF1B
blood,Endothelial cell,TYMP
blood,Endothelial cell,VCAM1
blood,Endothelial cell,VE-CADHERIN
blood,Endothelial cell,VE-STATIN
blood,Endothelial cell,VEGF
blood,Endothelial cell,VEGFA
blood,Endothelial cell,VEGFR
blood,Endothelial cell,VEGFR-1
blood,Endothelial cell,VEGFR-2
blood,Endothelial cell,VEGFR-3
blood,Endothelial cell,VEGFR1
blood,Endothelial cell,VEGFR2
blood,Endothelial cell,VEGFR3
blood,Endothelial cell,VG5Q
blood,Endothelial cell,VWF
blood,Endothelial progenitor cell,C-KIT
blood,Endothelial progenitor cell,CD133
blood,Endothelial progenitor cell,CD31
blood,Endothelial progenitor cell,CD34
blood,Endothelial progenitor cell,CD45
blood,Endothelial progenitor cell,EGFR2
blood,Endothelial progenitor cell,KDR
blood,Endothelial progenitor cell,KIT
blood,Endothelial progenitor cell,LY6A
blood,Endothelial progenitor cell,PECAM1
blood,Endothelial progenitor cell,PROM1
blood,Endothelial progenitor cell,PTPRC
blood,Endothelial progenitor cell,SCA-1
blood,Endothelial progenitor cell,VEGFR-2
blood,Endothelial stem cell,CD102
blood,Endothelial stem cell,CD105
blood,Endothelial stem cell,CD106
blood,Endothelial stem cell,CD114
blood,Endothelial stem cell,CD117
blood,Endothelial stem cell,CD120A
blood,Endothelial stem cell,CD120B
blood,Endothelial stem cell,CD14
blood,Endothelial stem cell,CD146
blood,Endothelial stem cell,CD29
blood,Endothelial stem cell,CD31
blood,Endothelial stem cell,CD34
blood,Endothelial stem cell,CD45
blood,Endothelial stem cell,CD49D
blood,Endothelial stem cell,CD49E
blood,Endothelial stem cell,CD49F
blood,Endothelial stem cell,CD54
blood,Endothelial stem cell,CD62L
blood,Endothelial stem cell,CD62P
blood,Endothelial stem cell,ITGA4
blood,Eosinophil,CCR3
blood,Eosinophil,CD114
blood,Eosinophil,CD116
blood,Eosinophil,CD11B
blood,Eosinophil,CD11C
blood,Eosinophil,CD123
blood,Eosinophil,CD124
blood,Eosinophil,CD125
blood,Eosinophil,CD126
blood,Eosinophil,CD14
blood,Eosinophil,CD15
blood,Eosinophil,CD16
blood,Eosinophil,CD193
blood,Eosinophil,CD25
blood,Eosinophil,CD33
blood,Eosinophil,CD44
blood,Eosinophil,CD48
blood,Eosinophil,CD54
blood,Eosinophil,CD66B
blood,Eosinophil,CD66E
blood,Eosinophil,CD69
blood,Eosinophil,CD81
blood,Eosinophil,CEACAM5
blood,Eosinophil,CEACAM8
blood,Eosinophil,CSF2RA
blood,Eosinophil,CSF3R
blood,Eosinophil,CXCL8
blood,Eosinophil,FCGR3A
blood,Eosinophil,FCGR3B
blood,Eosinophil,FCGR4
blood,Eosinophil,FUT4
blood,Eosinophil,HLA-DR
blood,Eosinophil,ICAM1
blood,Eosinophil,IL-13
blood,Eosinophil,IL-3 RECEPTOR ALPHA SUBUNIT
blood,Eosinophil,IL-3R-ALPHA
blood,Eosinophil,IL-4
blood,Eosinophil,IL-5
blood,Eosinophil,IL-5R-ALPHA
blood,Eosinophil,IL-8
blood,Eosinophil,IL13
blood,Eosinophil,IL2RA
blood,Eosinophil,IL3RA
blood,Eosinophil,IL4
blood,Eosinophil,IL4R
blood,Eosinophil,IL4RA
blood,Eosinophil,IL5
blood,Eosinophil,IL5RA
blood,Eosinophil,IL6R
blood,Eosinophil,IL6RA
blood,Eosinophil,ITGAM
blood,Eosinophil,ITGAX
blood,Eosinophil,SIGLEC8
blood,Epithelial cell,CD119
blood,Epithelial cell,CD13
blood,Epithelial cell,CD1D
blood,Epithelial cell,CD1D1
blood,Epithelial cell,CD282
blood,Epithelial cell,CD44
blood,Epithelial cell,CD49B
blood,Epithelial cell,TLR2
blood,Erythroblast,ALAD
blood,Erythroblast,ALAS2
blood,Erythroblast,ANP32B
blood,Erythroblast,AQP1
blood,Erythroblast,ATP5G1
blood,Erythroblast,ATP5MC1
blood,Erythroblast,BCL11A
blood,Erythroblast,BLVRB
blood,Erythroblast,BPGM
blood,Erythroblast,C1QTNF12
blood,Erythroblast,CA1
blood,Erythroblast,CA2
blood,Erythroblast,CAR1
blood,Erythroblast,CAR2
blood,Erythroblast,CD44
blood,Erythroblast,CD71
blood,Erythroblast,CDH1
blood,Erythroblast,CFP
blood,Erythroblast,CGA
blood,Erythroblast,CKS2
blood,Erythroblast,CNBP
blood,Erythroblast,CTSE
blood,Erythroblast,DEK
blood,Erythroblast,DUT
blood,Erythroblast,EEF1G
blood,Erythroblast,EIF2S2
blood,Erythroblast,ENG
blood,Erythroblast,EPOR
blood,Erythroblast,ETS1
blood,Erythroblast,GAS5
blood,Erythroblast,GATA1
blood,Erythroblast,GLRX5
blood,Erythroblast,GRSF1
blood,Erythroblast,GYPA
blood,Erythroblast,HBA-A1
blood,Erythroblast,HBB-BT
blood,Erythroblast,HMBS
blood,Erythroblast,HSPE1
blood,Erythroblast,IGBP1
blood,Erythroblast,ISG20
blood,Erythroblast,ITGB1
blood,Erythroblast,KIT
blood,Erythroblast,KLF1
blood,Erythroblast,KMT5A
blood,Erythroblast,LMNB1
blood,Erythroblast,LMO2
blood,Erythroblast,LRP8
blood,Erythroblast,MCM7
blood,Erythroblast,METAP2
blood,Erythroblast,NOP10
blood,Erythroblast,NPM1
blood,Erythroblast,NR1I3
blood,Erythroblast,PCNA
blood,Erythroblast,PHB2
blood,Erythroblast,PIEZO1
blood,Erythroblast,PRDX2
blood,Erythroblast,RANBP1
blood,Erythroblast,RHD
blood,Erythroblast,RPL7A
blood,Erythroblast,SNRPD3
blood,Erythroblast,SNRPE
blood,Erythroblast,SNX3
blood,Erythroblast,SRSF7
blood,Erythroblast,TAL1
blood,Erythroblast,TFR2
blood,Erythroblast,TFRC
blood,Erythroblast,TMEM14C
blood,Erythroblast,UQCR11
blood,Erythroblast,USE1
blood,Erythroblast,WRN
blood,Erythroid cell,AHSP
blood,Erythroid cell,ALAS2
blood,Erythroid cell,CA1
blood,Erythroid cell,EXOC6
blood,Erythroid cell,HBD
blood,Erythroid cell,HBM
blood,Erythroid cell,IFIT1B
blood,Erythroid cell,SELENBP1
blood,Erythroid cell,SLC4A1
blood,Erythroid cell,TMCC2
blood,Erythroid cell,TRIM58
blood,Erythroid precursor cell,AHSG
blood,Erythroid precursor cell,AHSP
blood,Erythroid precursor cell,ALAD
blood,Erythroid precursor cell,ALAS2
blood,Erythroid precursor cell,APOA1
blood,Erythroid precursor cell,AQP1
blood,Erythroid precursor cell,ARG1
blood,Erythroid precursor cell,ASNS
blood,Erythroid precursor cell,BPGM
blood,Erythroid precursor cell,CA1
blood,Erythroid precursor cell,CAR1
blood,Erythroid precursor cell,CCNA2
blood,Erythroid precursor cell,CD36
blood,Erythroid precursor cell,CD44
blood,Erythroid precursor cell,CD47
blood,Erythroid precursor cell,CD55
blood,Erythroid precursor cell,CD59A
blood,Erythroid precursor cell,CEACAM1
blood,Erythroid precursor cell,CLDN13
blood,Erythroid precursor cell,COX6B2
blood,Erythroid precursor cell,DCAF12
blood,Erythroid precursor cell,EDRF1
blood,Erythroid precursor cell,EPB41
blood,Erythroid precursor cell,EPB41L2
blood,Erythroid precursor cell,EPB42
blood,Erythroid precursor cell,EPOR
blood,Erythroid precursor cell,ERMAP
blood,Erythroid precursor cell,EXOC6
blood,Erythroid precursor cell,FECH
blood,Erythroid precursor cell,FOSB
blood,Erythroid precursor cell,GH
blood,Erythroid precursor cell,GH1
blood,Erythroid precursor cell,GYPA
blood,Erythroid precursor cell,GYPB
blood,Erythroid precursor cell,GYPC
blood,Erythroid precursor cell,H2AC23
blood,Erythroid precursor cell,HBA-A1
blood,Erythroid precursor cell,HBA-A2
blood,Erythroid precursor cell,HBA-X
blood,Erythroid precursor cell,HBA1
blood,Erythroid precursor cell,HBA2
blood,Erythroid precursor cell,HBB
blood,Erythroid precursor cell,HBB-BH1
blood,Erythroid precursor cell,HBB-BS
blood,Erythroid precursor cell,HBB-BT
blood,Erythroid precursor cell,HBD
blood,Erythroid precursor cell,HBG1
blood,Erythroid precursor cell,HBG2
blood,Erythroid precursor cell,HBM
blood,Erythroid precursor cell,HEMGN
blood,Erythroid precursor cell,HEXA
blood,Erythroid precursor cell,HIST1H2AO
blood,Erythroid precursor cell,HMBS
blood,Erythroid precursor cell,HTATSF1
blood,Erythroid precursor cell,ITGA4
blood,Erythroid precursor cell,KCNN4
blood,Erythroid precursor cell,KEL
blood,Erythroid precursor cell,KIT
blood,Erythroid precursor cell,KLF1
blood,Erythroid precursor cell,LOX
blood,Erythroid precursor cell,NCOA4
blood,Erythroid precursor cell,NR1I3
blood,Erythroid precursor cell,PAN3
blood,Erythroid precursor cell,PFAS
blood,Erythroid precursor cell,PKLR
blood,Erythroid precursor cell,PNPO
blood,Erythroid precursor cell,RBM38
blood,Erythroid precursor cell,RHAG
blood,Erythroid precursor cell,RHD
blood,Erythroid precursor cell,RSAD2
blood,Erythroid precursor cell,S100A8
blood,Erythroid precursor cell,S100A9
blood,Erythroid precursor cell,SLC25A37
blood,Erythroid precursor cell,SLC25A39
blood,Erythroid precursor cell,SLC4A1
blood,Erythroid precursor cell,SNCA
blood,Erythroid precursor cell,STFA1
blood,Erythroid precursor cell,THBS1
blood,Erythroid precursor cell,THRB
blood,Erythroid precursor cell,TMCC2
blood,Erythroid precursor cell,TSPAN33
blood,Erythroid precursor cell,TSPO2
blood,Erythroid precursor cell,UBB
blood,Erythroid precursor cell,UCP2
blood,Erythroid precursor cell,UROD
blood,Erythroid precursor cell,UROS
blood,Erythroid precursor cell,VAMP5
blood,Gamma delta T cell,CD7
blood,Gamma delta T cell,KLRC1
blood,Gamma delta T cell,KLRD1
blood,Gamma delta T cell,KLRG1
blood,Gamma delta T cell,NKG7
blood,Gamma delta T cell,TRDC
blood,Gamma delta T cell,TRDV2
blood,Gamma delta T cell,TRGC1
blood,Gamma delta T cell,TRGC2
blood,Gamma delta T cell,TRGV9
blood,Granulocyte,CCR3
blood,Granulocyte,CD11B
blood,Granulocyte,CD11C
blood,Granulocyte,CD123
blood,Granulocyte,CD14
blood,Granulocyte,CD15
blood,Granulocyte,CD16
blood,Granulocyte,CD203C
blood,Granulocyte,CD33
blood,Granulocyte,CD44
blood,Granulocyte,CD45
blood,Granulocyte,CD49D
blood,Granulocyte,CD63
blood,Granulocyte,CD66B
blood,Granulocyte,CEACAM8
blood,Granulocyte,ENPP3
blood,Granulocyte,FCGR3A
blood,Granulocyte,FCGR3B
blood,Granulocyte,FCGR4
blood,Granulocyte,FUT4
blood,Granulocyte,HLA-DR
blood,Granulocyte,IL3RA
blood,Granulocyte,ITGA4
blood,Granulocyte,ITGAM
blood,Granulocyte,ITGAX
blood,Granulocyte,PTPRC
blood,Hematopoietic stem cell,ABCB1
blood,Hematopoietic stem cell,ABCB1B
blood,Hematopoietic stem cell,ABCG2
blood,Hematopoietic stem cell,ACE
blood,Hematopoietic stem cell,ADGRG1
blood,Hematopoietic stem cell,ALDH1A1
blood,Hematopoietic stem cell,ANGPT1
blood,Hematopoietic stem cell,ANPEP
blood,Hematopoietic stem cell,APC
blood,Hematopoietic stem cell,ARID3A
blood,Hematopoietic stem cell,AVP
blood,Hematopoietic stem cell,BAALC
blood,Hematopoietic stem cell,BEX1
blood,Hematopoietic stem cell,BMI1
blood,Hematopoietic stem cell,CD33
blood,Hematopoietic stem cell,CD34
blood,Hematopoietic stem cell,CD44
blood,Hematopoietic stem cell,CD48
blood,Hematopoietic stem cell,CD59
blood,Hematopoietic stem cell,CD59A
blood,Hematopoietic stem cell,CDCP1
blood,Hematopoietic stem cell,CDH2
blood,Hematopoietic stem cell,CRYGD
blood,Hematopoietic stem cell,CTNNAL1
blood,Hematopoietic stem cell,CXCR4
blood,Hematopoietic stem cell,DNMT3B
blood,Hematopoietic stem cell,EGR1
blood,Hematopoietic stem cell,EGR3
blood,Hematopoietic stem cell,ELF1
blood,Hematopoietic stem cell,ERG
blood,Hematopoietic stem cell,ESAM
blood,Hematopoietic stem cell,FGD5
blood,Hematopoietic stem cell,FLT3
blood,Hematopoietic stem cell,G0S2
blood,Hematopoietic stem cell,GATA2
blood,Hematopoietic stem cell,GATA3
blood,Hematopoietic stem cell,GFI1
blood,Hematopoietic stem cell,GFI1B
blood,Hematopoietic stem cell,GJB1
blood,Hematopoietic stem cell,GNL3
blood,Hematopoietic stem cell,GPR171
blood,Hematopoietic stem cell,HHEX
blood,Hematopoietic stem cell,HLF
blood,Hematopoietic stem cell,HLX
blood,Hematopoietic stem cell,HMGB3
blood,Hematopoietic stem cell,HOXB5
blood,Hematopoietic stem cell,IL3RA
blood,Hematopoietic stem cell,ITGA2B
blood,Hematopoietic stem cell,ITGA4
blood,Hematopoietic stem cell,ITGA6
blood,Hematopoietic stem cell,KIT
blood,Hematopoietic stem cell,KITL
blood,Hematopoietic stem cell,KITLG
blood,Hematopoietic stem cell,LYL1
blood,Hematopoietic stem cell,MAFF
blood,Hematopoietic stem cell,MECOM
blood,Hematopoietic stem cell,MEIS1
blood,Hematopoietic stem cell,MGST1
blood,Hematopoietic stem cell,MLLT3
blood,Hematopoietic stem cell,MPL
blood,Hematopoietic stem cell,MSRB3
blood,Hematopoietic stem cell,MYADM
blood,Hematopoietic stem cell,MYCN
blood,Hematopoietic stem cell,MYCT1
blood,Hematopoietic stem cell,NCOR2
blood,Hematopoietic stem cell,NEO1
blood,Hematopoietic stem cell,NFE2
blood,Hematopoietic stem cell,NKX2-3
blood,Hematopoietic stem cell,NKX3-1
blood,Hematopoietic stem cell,NOTCH1
blood,Hematopoietic stem cell,NOTCH2
blood,Hematopoietic stem cell,NPDC1
blood,Hematopoietic stem cell,NPR3
blood,Hematopoietic stem cell,PBX2
blood,Hematopoietic stem cell,PITX2
blood,Hematopoietic stem cell,PLXDC2
blood,Hematopoietic stem cell,PRNP
blood,Hematopoietic stem cell,PROCR
blood,Hematopoietic stem cell,PROM1
blood,Hematopoietic stem cell,PTPRC
blood,Hematopoietic stem cell,PTPRE
blood,Hematopoietic stem cell,PTPRS
blood,Hematopoietic stem cell,RGS18
blood,Hematopoietic stem cell,ROBO4
blood,Hematopoietic stem cell,RUNX1
blood,Hematopoietic stem cell,SLAMF1
blood,Hematopoietic stem cell,SPN
blood,Hematopoietic stem cell,TAF7
blood,Hematopoietic stem cell,TAL1
blood,Hematopoietic stem cell,TEK
blood,Hematopoietic stem cell,TET2
blood,Hematopoietic stem cell,TGFB2
blood,Hematopoietic stem cell,THSD1
blood,Hematopoietic stem cell,THY1
blood,Hematopoietic stem cell,TLR2
blood,Hematopoietic stem cell,TRPC6
blood,Hematopoietic stem cell,TXNIP
blood,Hematopoietic stem cell,VWF
blood,Immature myeloid cell,CD11B
blood,Immature myeloid cell,CD11C
blood,Immature myeloid cell,CD123
blood,Immature myeloid cell,CD14
blood,Immature myeloid cell,CD15
blood,Immature myeloid cell,CD16
blood,Immature myeloid cell,CD33
blood,Immature myeloid cell,CD66B
blood,Immature myeloid cell,CEACAM8
blood,Immature myeloid cell,FCGR3A
blood,Immature myeloid cell,FCGR3B
blood,Immature myeloid cell,FCGR4
blood,Immature myeloid cell,FUT4
blood,Immature myeloid cell,HLA-DR
blood,Immature myeloid cell,IL3RA
blood,Immature myeloid cell,ITGAM
blood,Immature myeloid cell,ITGAX
blood,Innate lymphoid cell,HPGDS
blood,Innate lymphoid cell,IL1R1
blood,Innate lymphoid cell,KIT
blood,Innate lymphoid cell,KLRB1
blood,Innate lymphoid cell,LINC01229
blood,Innate lymphoid cell,SOX4
blood,Innate lymphoid cell,TNFRSF18
blood,Innate lymphoid cell,TNFRSF4
blood,Innate lymphoid cell,TRDC
blood,Innate lymphoid cell,TTLL10
blood,Intermediate B cell,AIM2
blood,Intermediate B cell,BANK1
blood,Intermediate B cell,CD79A
blood,Intermediate B cell,CD79B
blood,Intermediate B cell,IGHD
blood,Intermediate B cell,IGHM
blood,Intermediate B cell,LINC01857
blood,Intermediate B cell,MS4A1
blood,Intermediate B cell,RALGPS2
blood,Intermediate B cell,TNFRSF13B
blood,Leukocyte,CD16
blood,Leukocyte,CD20
blood,Leukocyte,CD3
blood,Leukocyte,CD38
blood,Leukocyte,CD3D
blood,Leukocyte,CD3E
blood,Leukocyte,CD3G
blood,Leukocyte,CD42B
blood,Leukocyte,CD45
blood,Leukocyte,FCGR3A
blood,Leukocyte,FCGR3B
blood,Leukocyte,FCGR4
blood,Leukocyte,GP1BA
blood,Leukocyte,MS4A1
blood,Leukocyte,PTPRC
blood,Lymphoid cell,CD56
blood,Lymphoid cell,GRANZYME B
blood,Lymphoid cell,GZMB
blood,Lymphoid cell,NCAM1
blood,Lymphoid cell,TIA1
blood,Megakaryocyte,ARHGAP6
blood,Megakaryocyte,CD14
blood,Megakaryocyte,CD15
blood,Megakaryocyte,CD33
blood,Megakaryocyte,CD34
blood,Megakaryocyte,CD41
blood,Megakaryocyte,CD41A
blood,Megakaryocyte,CD42A
blood,Megakaryocyte,CD42B
blood,Megakaryocyte,CD61
blood,Megakaryocyte,FUT4
blood,Megakaryocyte,GP1BA
blood,Megakaryocyte,GP9
blood,Megakaryocyte,ITGA2B
blood,Megakaryocyte,ITGB3
blood,Megakaryocyte,LTBP1
blood,Megakaryocyte,MED12L
blood,Megakaryocyte,PF4
blood,Megakaryocyte,PLEK
blood,Megakaryocyte,PRKAR2B
blood,Megakaryocyte,RUNX1
blood,Megakaryocyte,THBS1
blood,Memory B cell,AIM2
blood,Memory B cell,BANK1
blood,Memory B cell,CD79A
blood,Memory B cell,COCH
blood,Memory B cell,LINC01781
blood,Memory B cell,MS4A1
blood,Memory B cell,RALGPS2
blood,Memory B cell,SSPN
blood,Memory B cell,TEX9
blood,Memory B cell,TNFRSF13C
blood,Mesenchymal stem cell,ANPEP
blood,Mesenchymal stem cell,CD105
blood,Mesenchymal stem cell,CD117
blood,Mesenchymal stem cell,CD13
blood,Mesenchymal stem cell,CD140A
blood,Mesenchymal stem cell,CD29
blood,Mesenchymal stem cell,CD31
blood,Mesenchymal stem cell,CD34
blood,Mesenchymal stem cell,CD44
blood,Mesenchymal stem cell,CD45
blood,Mesenchymal stem cell,CD90
blood,Mesenchymal stem cell,ENG
blood,Mesenchymal stem cell,ITGB1
blood,Mesenchymal stem cell,KIT
blood,Mesenchymal stem cell,LY6A
blood,Mesenchymal stem cell,PDGFRA
blood,Mesenchymal stem cell,PECAM1
blood,Mesenchymal stem cell,PTPRC
blood,Mesenchymal stem cell,SCA-1
blood,Mesenchymal stem cell,THY1
blood,Monocyte,AIF1
blood,Monocyte,CTSS
blood,Monocyte,FCN1
blood,Monocyte,FCNA
blood,Monocyte,IFI211
blood,Monocyte,LYZ
blood,Monocyte,LYZ1
blood,Monocyte,MNDA
blood,Monocyte,NEAT1
blood,Monocyte,PSAP
blood,Monocyte,S100A9
blood,Monocyte,SERPINA1
blood,Monocyte,TYROBP
blood,Mucosal-associated invariant T cell,CXCR6
blood,Mucosal-associated invariant T cell,GZMA
blood,Mucosal-associated invariant T cell,GZMK
blood,Mucosal-associated invariant T cell,IL7R
blood,Mucosal-associated invariant T cell,KLRB1
blood,Mucosal-associated invariant T cell,NCR3
blood,Mucosal-associated invariant T cell,NCR3-PS
blood,Mucosal-associated invariant T cell,NKG7
blood,Mucosal-associated invariant T cell,PRSS35
blood,Mucosal-associated invariant T cell,RBM24
blood,Mucosal-associated invariant T cell,SLC4A10
blood,Myeloid cell,CASK
blood,Myeloid cell,CD11B
blood,Myeloid cell,CD11C
blood,Myeloid cell,CD123
blood,Myeloid cell,CD14
blood,Myeloid cell,CD15
blood,Myeloid cell,CD16
blood,Myeloid cell,CD33
blood,Myeloid cell,CD41
blood,Myeloid cell,CD42B
blood,Myeloid cell,CD45
blood,Myeloid cell,CD66B
blood,Myeloid cell,CEACAM8
blood,Myeloid cell,FCGR3A
blood,Myeloid cell,FCGR3B
blood,Myeloid cell,FCGR4
blood,Myeloid cell,FUT4
blood,Myeloid cell,GP1BA
blood,Myeloid cell,GR-1
blood,Myeloid cell,GSR
blood,Myeloid cell,HLA-DR
blood,Myeloid cell,IL3RA
blood,Myeloid cell,ITGA2B
blood,Myeloid cell,ITGAM
blood,Myeloid cell,ITGAX
blood,Myeloid cell,LIN2
blood,Myeloid cell,LY6G
blood,Myeloid cell,MAC-1
blood,Myeloid cell,PTPRC
blood,Myeloid dendritic cell,AFF3
blood,Myeloid dendritic cell,C1ORF54
blood,Myeloid dendritic cell,CADM1
blood,Myeloid dendritic cell,CD1C
blood,Myeloid dendritic cell,CLEC10A
blood,Myeloid dendritic cell,CLEC9A
blood,Myeloid dendritic cell,CLNK
blood,Myeloid dendritic cell,DNASE1L3
blood,Myeloid dendritic cell,ENHO
blood,Myeloid dendritic cell,ENPP1
blood,Myeloid dendritic cell,FCER1A
blood,Myeloid dendritic cell,FLT3
blood,Myeloid dendritic cell,GSN
blood,Myeloid dendritic cell,HLA-DQA1
blood,Myeloid dendritic cell,IDO1
blood,Myeloid dendritic cell,NDRG2
blood,Myeloid dendritic cell,PLD4
blood,Myeloid dendritic cell,SLC38A1
blood,Myeloid dendritic cell,XCR1
blood,Myeloid-derived suppressor cell,CD11B
blood,Myeloid-derived suppressor cell,CD11C
blood,Myeloid-derived suppressor cell,CD14
blood,Myeloid-derived suppressor cell,CD1D
blood,Myeloid-derived suppressor cell,CD1D1
blood,Myeloid-derived suppressor cell,CD220
blood,Myeloid-derived suppressor cell,CD226
blood,Myeloid-derived suppressor cell,CD24
blood,Myeloid-derived suppressor cell,CD244
blood,Myeloid-derived suppressor cell,CD244A
blood,Myeloid-derived suppressor cell,CD328
blood,Myeloid-derived suppressor cell,CD33
blood,Myeloid-derived suppressor cell,CD39
blood,Myeloid-derived suppressor cell,CD42B
blood,Myeloid-derived suppressor cell,CD46
blood,Myeloid-derived suppressor cell,CD49A
blood,Myeloid-derived suppressor cell,CD49D
blood,Myeloid-derived suppressor cell,CD49E
blood,Myeloid-derived suppressor cell,CD49F
blood,Myeloid-derived suppressor cell,CD52
blood,Myeloid-derived suppressor cell,CD53
blood,Myeloid-derived suppressor cell,CD54
blood,Myeloid-derived suppressor cell,CD56
blood,Myeloid-derived suppressor cell,CD62L
blood,Myeloid-derived suppressor cell,CD62P
blood,Myeloid-derived suppressor cell,CD66A
blood,Myeloid-derived suppressor cell,CD66C
blood,Myeloid-derived suppressor cell,CD66E
blood,Myeloid-derived suppressor cell,CD69
blood,Myeloid-derived suppressor cell,CD71
blood,Myeloid-derived suppressor cell,CD81
blood,Myeloid-derived suppressor cell,CD84
blood,Myeloid-derived suppressor cell,CD85D
blood,Myeloid-derived suppressor cell,CD85H
blood,Myeloid-derived suppressor cell,CD85J
blood,Myeloid-derived suppressor cell,CD85K
blood,Myeloid-derived suppressor cell,CEACAM1
blood,Myeloid-derived suppressor cell,CEACAM5
blood,Myeloid-derived suppressor cell,CEACAM6
blood,Myeloid-derived suppressor cell,ENTPD1
blood,Myeloid-derived suppressor cell,GP1BA
blood,Myeloid-derived suppressor cell,ICAM1
blood,Myeloid-derived suppressor cell,INSR
blood,Myeloid-derived suppressor cell,ITGA1
blood,Myeloid-derived suppressor cell,ITGA4
blood,Myeloid-derived suppressor cell,ITGA5
blood,Myeloid-derived suppressor cell,ITGA6
blood,Myeloid-derived suppressor cell,ITGAM
blood,Myeloid-derived suppressor cell,ITGAX
blood,Myeloid-derived suppressor cell,LILRA2
blood,Myeloid-derived suppressor cell,LILRB1
blood,Myeloid-derived suppressor cell,LILRB2
blood,Myeloid-derived suppressor cell,NCAM1
blood,Myeloid-derived suppressor cell,SELL
blood,Myeloid-derived suppressor cell,SELP
blood,Myeloid-derived suppressor cell,SIGLEC7
blood,Myeloid-derived suppressor cell,TFRC
blood,Naive B cell,BTG1
blood,Naive B cell,CD79A
blood,Naive B cell,CD79B
blood,Naive B cell,CXCR4
blood,Naive B cell,IGHD
blood,Naive B cell,IGHM
blood,Naive B cell,IL4R
blood,Naive B cell,IL4RA
blood,Naive B cell,MS4A1
blood,Naive B cell,TCL1A
blood,Naive B cell,YBX3
blood,Natural killer cell,ASPM
blood,Natural killer cell,CD247
blood,Natural killer cell,CLSPN
blood,Natural killer cell,CST7
blood,Natural killer cell,FCER1G
blood,Natural killer cell,GNLY
blood,Natural killer cell,GZMB
blood,Natural killer cell,KLRD1
blood,Natural killer cell,KLRF1
blood,Natural killer cell,MKI67
blood,Natural killer cell,NKG7
blood,Natural killer cell,PCLAF
blood,Natural killer cell,PRF1
blood,Natural killer cell,TOP2A
blood,Natural killer cell,TRDC
blood,Natural killer cell,TYMS
blood,Natural killer cell,TYROBP
blood,Neutrophil,ADAM8
blood,Neutrophil,ADPGK
blood,Neutrophil,ARG2
blood,Neutrophil,ASPRV1
blood,Neutrophil,AZU1
blood,Neutrophil,BST1
blood,Neutrophil,C5AR1
blood,Neutrophil,CA1
blood,Neutrophil,CAMP
blood,Neutrophil,CAR1
blood,Neutrophil,CCL3
blood,Neutrophil,CCL6
blood,Neutrophil,CCL9
blood,Neutrophil,CCR1
blood,Neutrophil,CCRL2
blood,Neutrophil,CD11B
blood,Neutrophil,CD14
blood,Neutrophil,CD177
blood,Neutrophil,CD24
blood,Neutrophil,CD33
blood,Neutrophil,CEACAM1
blood,Neutrophil,CEACAM8
blood,Neutrophil,CFP
blood,Neutrophil,CHIL3
blood,Neutrophil,CLEC4D
blood,Neutrophil,CLEC4E
blood,Neutrophil,CRP
blood,Neutrophil,CSF3R
blood,Neutrophil,CTSG
blood,Neutrophil,CXCL2
blood,Neutrophil,CXCR1
blood,Neutrophil,CXCR2
blood,Neutrophil,DEFA1
blood,Neutrophil,DEFA2
blood,Neutrophil,DEFA3
blood,Neutrophil,DOCK8
blood,Neutrophil,ELANE
blood,Neutrophil,FCGR1A
blood,Neutrophil,FCGR3A
blood,Neutrophil,FCGR4
blood,Neutrophil,FUT4
blood,Neutrophil,HDC
blood,Neutrophil,HP
blood,Neutrophil,IL1B
blood,Neutrophil,IL1R2
blood,Neutrophil,ITGAM
blood,Neutrophil,ITGAX
blood,Neutrophil,JAML
blood,Neutrophil,LCN2
blood,Neutrophil,LRG1
blood,Neutrophil,LTF
blood,Neutrophil,LY6G
blood,Neutrophil,LYST
blood,Neutrophil,LYZ
blood,Neutrophil,LYZ1
blood,Neutrophil,MMP8
blood,Neutrophil,MMP9
blood,Neutrophil,MPO
blood,Neutrophil,MRGPRA2B
blood,Neutrophil,MYLK
blood,Neutrophil,NCF1
blood,Neutrophil,NGP
blood,Neutrophil,NLRP3
blood,Neutrophil,NR1I3
blood,Neutrophil,OAS3
blood,Neutrophil,OSM
blood,Neutrophil,PECAM1
blood,Neutrophil,PILRA
blood,Neutrophil,PRTN3
blood,Neutrophil,PSTPIP1
blood,Neutrophil,PTGS2
blood,Neutrophil,RETNLG
blood,Neutrophil,S100A4
blood,Neutrophil,S100A8
blood,Neutrophil,S100A9
blood,Neutrophil,SELL
blood,Neutrophil,SERPINB1
blood,Neutrophil,SLC1A5
blood,Neutrophil,SNX20
blood,Neutrophil,SORL1
blood,Neutrophil,STFA2L1
blood,Neutrophil,TLR2
blood,Neutrophil,TREM1
blood,Neutrophil,TREM3
blood,Plasma cell,CD117
blood,Plasma cell,CD138
blood,Plasma cell,CD19
blood,Plasma cell,CD229
blood,Plasma cell,CD27
blood,Plasma cell,CD319
blood,Plasma cell,CD38
blood,Plasma cell,CD54
blood,Plasma cell,ICAM1
blood,Plasma cell,IGD
blood,Plasma cell,IGHD
blood,Plasma cell,KIT
blood,Plasma cell,LY9
blood,Plasma cell,SDC1
blood,Plasma cell,SLAMF7
blood,Plasmablast,CPNE5
blood,Plasmablast,DERL3
blood,Plasmablast,HRASLS2
blood,Plasmablast,IGHA2
blood,Plasmablast,MZB1
blood,Plasmablast,NT5DC2
blood,Plasmablast,PLAAT2
blood,Plasmablast,POU2AF1
blood,Plasmablast,TNFRSF13B
blood,Plasmablast,TNFRSF17
blood,Plasmablast,TXNDC5
blood,Plasmacytoid dendritic cell,IL3RA
blood,Plasmacytoid dendritic cell,IRF4
blood,Plasmacytoid dendritic cell,ITM2C
blood,Plasmacytoid dendritic cell,LILRA4
blood,Plasmacytoid dendritic cell,MZB1
blood,Plasmacytoid dendritic cell,PLD4
blood,Plasmacytoid dendritic cell,SERPINF1
blood,Plasmacytoid dendritic cell,SMPD3
blood,Plasmacytoid dendritic cell,SPIB
blood,Plasmacytoid dendritic cell,TPM2
blood,Platelet,CAVIN2
blood,Platelet,CLU
blood,Platelet,GNG11
blood,Platelet,GP9
blood,Platelet,HIST1H2AC
blood,Platelet,NRGN
blood,Platelet,PF4
blood,Platelet,PPBP
blood,Platelet,RGS18
blood,Platelet,TUBB1
blood,Regulatory T cell,AC133644.2
blood,Regulatory T cell,CD4
blood,Regulatory T cell,CTLA4
blood,Regulatory T cell,FCRL3
blood,Regulatory T cell,FOXP3
blood,Regulatory T cell,IKZF2
blood,Regulatory T cell,IL2RA
blood,Regulatory T cell,LAIR2
blood,Regulatory T cell,RTKN2
blood,Regulatory T cell,TIGIT
blood,Reticulocyte,CD36
blood,Reticulocyte,FOLR1
blood,Reticulocyte,ITGA4
blood,Reticulocyte,RUVBL1
blood,Reticulocyte,SLC11A2
blood,Reticulocyte,TFRC
blood,Reticulocyte,UBE2O
blood,Reticulocyte,UCP3
blood,T cell,CD3D
blood,T cell,CST7
blood,T cell,GZMA
blood,T cell,GZMK
blood,T cell,KLRB1
blood,T cell,KLRG1
blood,T cell,LYAR
blood,T cell,NKG7
blood,T cell,TRDC
blood,T cell,TRGC2
blood,Thymic emigrant cell,CD31
blood,Thymic emigrant cell,CD45RA
blood,Thymic emigrant cell,CD62L
blood,Thymic emigrant cell,PECAM1
blood,Thymic emigrant cell,PTPRC
blood,Thymic emigrant cell,SELL
bone,Chondrocyte,1110004F10RIK
bone,Chondrocyte,1500015O10RIK
bone,Chondrocyte,3110079O15RIK
bone,Chondrocyte,4930523C07RIK
bone,Chondrocyte,ACAN
bone,Chondrocyte,ACTG1
bone,Chondrocyte,AGC1
bone,Chondrocyte,AGGRECAN
bone,Chondrocyte,AKR1A1
bone,Chondrocyte,ANXA2
bone,Chondrocyte,ANXA5
bone,Chondrocyte,ARF4
bone,Chondrocyte,ASB4
bone,Chondrocyte,ATF3
bone,Chondrocyte,ATF4
bone,Chondrocyte,BEX3
bone,Chondrocyte,BGN
bone,Chondrocyte,C1QTNF3
bone,Chondrocyte,CALU
bone,Chondrocyte,CD63
bone,Chondrocyte,CD9
bone,Chondrocyte,CDK4
bone,Chondrocyte,CDKN1A
bone,Chondrocyte,CDKN1C
bone,Chondrocyte,CHAD
bone,Chondrocyte,CNMD
bone,Chondrocyte,CNPY2
bone,Chondrocyte,COL11A1
bone,Chondrocyte,COL11A2
bone,Chondrocyte,COL27A1
bone,Chondrocyte,COL2A1
bone,Chondrocyte,COL6A1
bone,Chondrocyte,COL6A2
bone,Chondrocyte,COL9A1
bone,Chondrocyte,COL9A2
bone,Chondrocyte,COL9A3
bone,Chondrocyte,COMP
bone,Chondrocyte,CPE
bone,Chondrocyte,CTHRC1
bone,Chondrocyte,CTSL
bone,Chondrocyte,CYP51
bone,Chondrocyte,CYP51A1
bone,Chondrocyte,CYR61
bone,Chondrocyte,CYTL1
bone,Chondrocyte,DCN
bone,Chondrocyte,DDX5
bone,Chondrocyte,DLK1
bone,Chondrocyte,DYNLL1
bone,Chondrocyte,ECRG4
bone,Chondrocyte,EEF1A1
bone,Chondrocyte,EEF1G
bone,Chondrocyte,EGR1
bone,Chondrocyte,EMP1
bone,Chondrocyte,EPYC
bone,Chondrocyte,ERRFI1
bone,Chondrocyte,FAM180A
bone,Chondrocyte,FIBIN
bone,Chondrocyte,FKBP10
bone,Chondrocyte,FKBP9
bone,Chondrocyte,FMOD
bone,Chondrocyte,FN1
bone,Chondrocyte,FSTL1
bone,Chondrocyte,GADD45B
bone,Chondrocyte,GADD45G
bone,Chondrocyte,GAS5
bone,Chondrocyte,GNAS
bone,Chondrocyte,GPC3
bone,Chondrocyte,H19
bone,Chondrocyte,H3-3B
bone,Chondrocyte,H3F3B
bone,Chondrocyte,HAPLN1
bone,Chondrocyte,HBEGF
bone,Chondrocyte,HMGN1
bone,Chondrocyte,HSP90B1
bone,Chondrocyte,ID3
bone,Chondrocyte,IER2
bone,Chondrocyte,IER3
bone,Chondrocyte,IER3IP1
bone,Chondrocyte,IFRD1
bone,Chondrocyte,IGF2
bone,Chondrocyte,IGFBP7
bone,Chondrocyte,ITGA5
bone,Chondrocyte,ITM2A
bone,Chondrocyte,KRTCAP2
bone,Chondrocyte,LAPTM4A
bone,Chondrocyte,LDHA
bone,Chondrocyte,LDHB
bone,Chondrocyte,LGALS3
bone,Chondrocyte,LMNA
bone,Chondrocyte,LUM
bone,Chondrocyte,MAFF
bone,Chondrocyte,MAGED1
bone,Chondrocyte,MAGED2
bone,Chondrocyte,MATN1
bone,Chondrocyte,MATN3
bone,Chondrocyte,MATN4
bone,Chondrocyte,MDK
bone,Chondrocyte,MEST
bone,Chondrocyte,MFGE8
bone,Chondrocyte,MGP
bone,Chondrocyte,MIA
bone,Chondrocyte,MIF
bone,Chondrocyte,MMP2
bone,Chondrocyte,MORF4L2
bone,Chondrocyte,MSMO1
bone,Chondrocyte,NNAT
bone,Chondrocyte,NPM1
bone,Chondrocyte,OSTC
bone,Chondrocyte,P4HB
bone,Chondrocyte,PCOLCE2
bone,Chondrocyte,PDAP1
bone,Chondrocyte,PDIA6
bone,Chondrocyte,PENK
bone,Chondrocyte,PHLDA1
bone,Chondrocyte,PLAGL1
bone,Chondrocyte,PLOD2
bone,Chondrocyte,PPIB
bone,Chondrocyte,PPIC
bone,Chondrocyte,PSMA7
bone,Chondrocyte,PTMA
bone,Chondrocyte,PTOV1
bone,Chondrocyte,RCAN1
bone,Chondrocyte,RCN1
bone,Chondrocyte,RCN3
bone,Chondrocyte,RPL10
bone,Chondrocyte,RPL18
bone,Chondrocyte,RPL21
bone,Chondrocyte,RPL26
bone,Chondrocyte,RPL3
bone,Chondrocyte,RPL31
bone,Chondrocyte,RPL34
bone,Chondrocyte,RPL36
bone,Chondrocyte,RPL37
bone,Chondrocyte,RPL37A
bone,Chondrocyte,RPL38
bone,Chondrocyte,RPL4
bone,Chondrocyte,RPL7
bone,Chondrocyte,RPLP2
bone,Chondrocyte,RPS11
bone,Chondrocyte,RPS13
bone,Chondrocyte,RPS17
bone,Chondrocyte,RPS19
bone,Chondrocyte,RPS21
bone,Chondrocyte,RPS24
bone,Chondrocyte,RPS26
bone,Chondrocyte,RPS27A
bone,Chondrocyte,RPS3
bone,Chondrocyte,RPS3A1
bone,Chondrocyte,RPS5
bone,Chondrocyte,RPS7
bone,Chondrocyte,RPS8
bone,Chondrocyte,RPSA
bone,Chondrocyte,S100B
bone,Chondrocyte,SCRG1
bone,Chondrocyte,SDC4
bone,Chondrocyte,SEC61B
bone,Chondrocyte,SERPINH1
bone,Chondrocyte,SLC25A4
bone,Chondrocyte,SNORC
bone,Chondrocyte,SOX9
bone,Chondrocyte,SPARC
bone,Chondrocyte,SRM
bone,Chondrocyte,SRXN1
bone,Chondrocyte,SSR2
bone,Chondrocyte,SUB1
bone,Chondrocyte,TCEAL9
bone,Chondrocyte,TGFBI
bone,Chondrocyte,TIMP1
bone,Chondrocyte,TMED9
bone,Chondrocyte,TNFRSF12A
bone,Chondrocyte,TPT1
bone,Chondrocyte,TSC22D1
bone,Chondrocyte,TUBA1C
bone,Chondrocyte,TUBB6
bone,Chondrocyte,UCMA
bone,Chondrocyte,UGDH
bone,Chondrocyte,WWP2
bone,Chondrocyte,YBX1
bone,Dendritic cell,BATF3
bone,Dendritic cell,IFI205
bone,Dendritic cell,MYCL
bone,Dendritic cell,SLAMF7
bone,Eosinophil,EPX
bone,Eosinophil,IL15
bone,Eosinophil,IL4
bone,Eosinophil,MPO
bone,Eosinophil,PRG2
bone,Eosinophil,PRG3
bone,Erythroid cell,ALAS2
bone,Erythroid cell,CA1
bone,Erythroid cell,CLEC4D
bone,Erythroid cell,EXOC6
bone,Erythroid cell,HBD
bone,Erythroid cell,HBM
bone,Erythroid cell,IFIT1B
bone,Erythroid cell,SELENBP1
bone,Erythroid cell,SLC4A1
bone,Erythroid cell,TMCC2
bone,Erythroid cell,TRIM58
bone,Granulocyte,CAMP
bone,Granulocyte,CEBPE
bone,Granulocyte,CHD7
bone,Granulocyte,FAR2
bone,Granulocyte,GFI1
bone,Granulocyte,LYZ1
bone,Granulocyte,MAPK31
bone,Granulocyte,PRKCB
bone,Granulocyte,S100A8
bone,Granulocyte,TANC1
bone,Granulocyte,TMEM53
bone,Granulocyte,TREM3
bone,Hematopoietic stem cell,ABCB1
bone,Hematopoietic stem cell,ABCB1B
bone,Hematopoietic stem cell,ABCG2
bone,Hematopoietic stem cell,ACE
bone,Hematopoietic stem cell,ADGRG1
bone,Hematopoietic stem cell,ALDH1A1
bone,Hematopoietic stem cell,ANGPT1
bone,Hematopoietic stem cell,ANPEP
bone,Hematopoietic stem cell,APC
bone,Hematopoietic stem cell,ARID3A
bone,Hematopoietic stem cell,AVP
bone,Hematopoietic stem cell,BAALC
bone,Hematopoietic stem cell,BEX1
bone,Hematopoietic stem cell,BMI1
bone,Hematopoietic stem cell,CD33
bone,Hematopoietic stem cell,CD34
bone,Hematopoietic stem cell,CD44
bone,Hematopoietic stem cell,CD48
bone,Hematopoietic stem cell,CD59
bone,Hematopoietic stem cell,CD59A
bone,Hematopoietic stem cell,CDCP1
bone,Hematopoietic stem cell,CDH2
bone,Hematopoietic stem cell,CRYGD
bone,Hematopoietic stem cell,CTNNAL1
bone,Hematopoietic stem cell,CXCR4
bone,Hematopoietic stem cell,DNMT3B
bone,Hematopoietic stem cell,EGR1
bone,Hematopoietic stem cell,EGR3
bone,Hematopoietic stem cell,ELF1
bone,Hematopoietic stem cell,ERG
bone,Hematopoietic stem cell,ESAM
bone,Hematopoietic stem cell,FGD5
bone,Hematopoietic stem cell,FLT3
bone,Hematopoietic stem cell,G0S2
bone,Hematopoietic stem cell,GATA2
bone,Hematopoietic stem cell,GATA3
bone,Hematopoietic stem cell,GFI1
bone,Hematopoietic stem cell,GFI1B
bone,Hematopoietic stem cell,GJB1
bone,Hematopoietic stem cell,GNL3
bone,Hematopoietic stem cell,GPR171
bone,Hematopoietic stem cell,HHEX
bone,Hematopoietic stem cell,HLF
bone,Hematopoietic stem cell,HLX
bone,Hematopoietic stem cell,HMGB3
bone,Hematopoietic stem cell,HOXB5
bone,Hematopoietic stem cell,IL3RA
bone,Hematopoietic stem cell,ITGA2B
bone,Hematopoietic stem cell,ITGA4
bone,Hematopoietic stem cell,ITGA6
bone,Hematopoietic stem cell,KIT
bone,Hematopoietic stem cell,KITL
bone,Hematopoietic stem cell,KITLG
bone,Hematopoietic stem cell,LYL1
bone,Hematopoietic stem cell,MAFF
bone,Hematopoietic stem cell,MECOM
bone,Hematopoietic stem cell,MEIS1
bone,Hematopoietic stem cell,MGST1
bone,Hematopoietic stem cell,MLLT3
bone,Hematopoietic stem cell,MPL
bone,Hematopoietic stem cell,MSRB3
bone,Hematopoietic stem cell,MYADM
bone,Hematopoietic stem cell,MYCN
bone,Hematopoietic stem cell,MYCT1
bone,Hematopoietic stem cell,NCOR2
bone,Hematopoietic stem cell,NEO1
bone,Hematopoietic stem cell,NFE2
bone,Hematopoietic stem cell,NKX2-3
bone,Hematopoietic stem cell,NKX3-1
bone,Hematopoietic stem cell,NOTCH1
bone,Hematopoietic stem cell,NOTCH2
bone,Hematopoietic stem cell,NPDC1
bone,Hematopoietic stem cell,NPR3
bone,Hematopoietic stem cell,PBX2
bone,Hematopoietic stem cell,PITX2
bone,Hematopoietic stem cell,PLXDC2
bone,Hematopoietic stem cell,PRNP
bone,Hematopoietic stem cell,PROCR
bone,Hematopoietic stem cell,PROM1
bone,Hematopoietic stem cell,PTPRC
bone,Hematopoietic stem cell,PTPRE
bone,Hematopoietic stem cell,PTPRS
bone,Hematopoietic stem cell,RGS18
bone,Hematopoietic stem cell,ROBO4
bone,Hematopoietic stem cell,RUNX1
bone,Hematopoietic stem cell,SLAMF1
bone,Hematopoietic stem cell,SPN
bone,Hematopoietic stem cell,TAF7
bone,Hematopoietic stem cell,TAL1
bone,Hematopoietic stem cell,TEK
bone,Hematopoietic stem cell,TET2
bone,Hematopoietic stem cell,TGFB2
bone,Hematopoietic stem cell,THSD1
bone,Hematopoietic stem cell,THY1
bone,Hematopoietic stem cell,TLR2
bone,Hematopoietic stem cell,TRPC6
bone,Hematopoietic stem cell,TXNIP
bone,Hematopoietic stem cell,VWF
bone,Meniscus-derived progenitor cell,CD105
bone,Meniscus-derived progenitor cell,CD34
bone,Meniscus-derived progenitor cell,CD44
bone,Meniscus-derived progenitor cell,CD73
bone,Meniscus-derived progenitor cell,CD90
bone,Meniscus-derived progenitor cell,ENG
bone,Meniscus-derived progenitor cell,LY6A
bone,Meniscus-derived progenitor cell,NT5E
bone,Meniscus-derived progenitor cell,SCA-1
bone,Meniscus-derived progenitor cell,THY1
bone,Mesenchymal progenitor cell,ACTA2
bone,Mesenchymal progenitor cell,ALCAM
bone,Mesenchymal progenitor cell,ALPHASMA
bone,Mesenchymal progenitor cell,CD105
bone,Mesenchymal progenitor cell,CD146
bone,Mesenchymal progenitor cell,CD166
bone,Mesenchymal progenitor cell,CD44
bone,Mesenchymal progenitor cell,CD54
bone,Mesenchymal progenitor cell,CD73
bone,Mesenchymal progenitor cell,CD9
bone,Mesenchymal progenitor cell,CD90
bone,Mesenchymal progenitor cell,ENG
bone,Mesenchymal progenitor cell,ICAM1
bone,Mesenchymal progenitor cell,MCAM
bone,Mesenchymal progenitor cell,NT5E
bone,Mesenchymal progenitor cell,THY1
bone,Mesenchymal stem cell,ALCAM
bone,Mesenchymal stem cell,BSG
bone,Mesenchymal stem cell,CD10
bone,Mesenchymal stem cell,CD105
bone,Mesenchymal stem cell,CD106
bone,Mesenchymal stem cell,CD117
bone,Mesenchymal stem cell,CD120A
bone,Mesenchymal stem cell,CD13
bone,Mesenchymal stem cell,CD140B
bone,Mesenchymal stem cell,CD147
bone,Mesenchymal stem cell,CD166
bone,Mesenchymal stem cell,CD19
bone,Mesenchymal stem cell,CD271
bone,Mesenchymal stem cell,CD29
bone,Mesenchymal stem cell,CD31
bone,Mesenchymal stem cell,CD34
bone,Mesenchymal stem cell,CD340
bone,Mesenchymal stem cell,CD44
bone,Mesenchymal stem cell,CD45
bone,Mesenchymal stem cell,CD49D
bone,Mesenchymal stem cell,CD49E
bone,Mesenchymal stem cell,CD51
bone,Mesenchymal stem cell,CD56
bone,Mesenchymal stem cell,CD71
bone,Mesenchymal stem cell,CD73
bone,Mesenchymal stem cell,CD90
bone,Mesenchymal stem cell,ENG
bone,Mesenchymal stem cell,ERBB2
bone,Mesenchymal stem cell,ITGA4
bone,Mesenchymal stem cell,ITGB1
bone,Mesenchymal stem cell,KIT
bone,Mesenchymal stem cell,LNGFR
bone,Mesenchymal stem cell,LY6A/E
bone,Mesenchymal stem cell,NGFR
bone,Mesenchymal stem cell,NT5E
bone,Mesenchymal stem cell,PECAM1
bone,Mesenchymal stem cell,PTPRC
bone,Mesenchymal stem cell,THY1
bone,Monocyte,CTSS
bone,Monocyte,CYBB
bone,Monocyte,FCN1
bone,Monocyte,FCNA
bone,Monocyte,IFI211
bone,Monocyte,LYZ
bone,Monocyte,LYZ1
bone,Monocyte,MNDA
bone,Monocyte,NEAT1
bone,Monocyte,PSAP
bone,Monocyte,S100A9
bone,Monocyte,SERPINA1
bone,Monocyte,TYROBP
bone,Myeloid progenitor cell,KCNIP3
bone,Myeloid progenitor cell,MED21
bone,Myeloid progenitor cell,SGMS2
bone,Myeloid progenitor cell,TFEC
bone,Neutrophil,ADAM8
bone,Neutrophil,ADPGK
bone,Neutrophil,ARG2
bone,Neutrophil,ASPRV1
bone,Neutrophil,AZU1
bone,Neutrophil,BST1
bone,Neutrophil,C5AR1
bone,Neutrophil,CA1
bone,Neutrophil,CAMP
bone,Neutrophil,CAR1
bone,Neutrophil,CCL3
bone,Neutrophil,CCL6
bone,Neutrophil,CCL9
bone,Neutrophil,CCR1
bone,Neutrophil,CCRL2
bone,Neutrophil,CD14
bone,Neutrophil,CD177
bone,Neutrophil,CD24
bone,Neutrophil,CD33
bone,Neutrophil,CEACAM1
bone,Neutrophil,CEACAM8
bone,Neutrophil,CFP
bone,Neutrophil,CHIL3
bone,Neutrophil,CLEC4D
bone,Neutrophil,CLEC4E
bone,Neutrophil,CRP
bone,Neutrophil,CSF3R
bone,Neutrophil,CTSG
bone,Neutrophil,CXCL2
bone,Neutrophil,CXCR1
bone,Neutrophil,CXCR2
bone,Neutrophil,DEFA1
bone,Neutrophil,DEFA2
bone,Neutrophil,DEFA3
bone,Neutrophil,DOCK8
bone,Neutrophil,ELANE
bone,Neutrophil,FCGR1A
bone,Neutrophil,FCGR3A
bone,Neutrophil,FCGR4
bone,Neutrophil,FUT4
bone,Neutrophil,HDC
bone,Neutrophil,HP
bone,Neutrophil,IL1B
bone,Neutrophil,IL1R2
bone,Neutrophil,ITGAM
bone,Neutrophil,ITGAX
bone,Neutrophil,JAML
bone,Neutrophil,LCN2
bone,Neutrophil,LRG1
bone,Neutrophil,LTF
bone,Neutrophil,LY6G
bone,Neutrophil,LYST
bone,Neutrophil,LYZ
bone,Neutrophil,LYZ1
bone,Neutrophil,MMP8
bone,Neutrophil,MMP9
bone,Neutrophil,MPO
bone,Neutrophil,MRGPRA2B
bone,Neutrophil,MYLK
bone,Neutrophil,NCF1
bone,Neutrophil,NGP
bone,Neutrophil,NLRP3
bone,Neutrophil,NR1I3
bone,Neutrophil,OAS3
bone,Neutrophil,OSM
bone,Neutrophil,PECAM1
bone,Neutrophil,PILRA
bone,Neutrophil,PRTN3
bone,Neutrophil,PSTPIP1
bone,Neutrophil,PTGS2
bone,Neutrophil,RETNLG
bone,Neutrophil,S100A4
bone,Neutrophil,S100A8
bone,Neutrophil,S100A9
bone,Neutrophil,SELL
bone,Neutrophil,SERPINB1
bone,Neutrophil,SLC1A5
bone,Neutrophil,SNX20
bone,Neutrophil,SORL1
bone,Neutrophil,STFA2L1
bone,Neutrophil,TLR2
bone,Neutrophil,TREM1
bone,Neutrophil,TREM3
bone,Osteoblast,ADDITIONAL GABA COMPOUNDS
bone,Osteoblast,ALPL
bone,Osteoblast,B220
bone,Osteoblast,BGLAP
bone,Osteoblast,BGLAP2
bone,Osteoblast,BMP1
bone,Osteoblast,C5AR1
bone,Osteoblast,CALB1
bone,Osteoblast,CALCITONIN AND RELATED RECEPTOR AGONISTS
bone,Osteoblast,CALCITONIN AND RELATED RECEPTOR ANTAGONISTS
bone,Osteoblast,CALCITONIN R
bone,Osteoblast,CCL11
bone,Osteoblast,CD105
bone,Osteoblast,CD166
bone,Osteoblast,CD44
bone,Osteoblast,CD45
bone,Osteoblast,CD45.1
bone,Osteoblast,CD45.2
bone,Osteoblast,CD45RO
bone,Osteoblast,CD51
bone,Osteoblast,CD73
bone,Osteoblast,CD90
bone,Osteoblast,COL11A1
bone,Osteoblast,COL11A2
bone,Osteoblast,COL12A1
bone,Osteoblast,COL1A1
bone,Osteoblast,CX3CL1
bone,Osteoblast,CXCL12
bone,Osteoblast,CYP27B1
bone,Osteoblast,DC-STAMP
bone,Osteoblast,DLX5
bone,Osteoblast,E4BP4
bone,Osteoblast,EBF2
bone,Osteoblast,EFNB2
bone,Osteoblast,EGFL6
bone,Osteoblast,ENG
bone,Osteoblast,EPHB4
bone,Osteoblast,ESR1
bone,Osteoblast,F2R
bone,Osteoblast,FAS
bone,Osteoblast,FGFR1
bone,Osteoblast,FGFR2
bone,Osteoblast,FOXO1
bone,Osteoblast,GABA B RECEPTOR COMPOUNDS
bone,Osteoblast,GABA TRANSPORTER INHIBITORS
bone,Osteoblast,GABA-B R1
bone,Osteoblast,GABA-B RECEPTOR AGONISTS
bone,Osteoblast,GABA-B RECEPTOR ANTAGONISTS
bone,Osteoblast,GABA-B RECEPTOR MODULATORS
bone,Osteoblast,GPER1
bone,Osteoblast,HIF1A
bone,Osteoblast,IBSP
bone,Osteoblast,IL33
bone,Osteoblast,INSR
bone,Osteoblast,ITGA2
bone,Osteoblast,ITGA5
bone,Osteoblast,LRP4
bone,Osteoblast,LRP5
bone,Osteoblast,MAGED1
bone,Osteoblast,MMP13
bone,Osteoblast,NF2
bone,Osteoblast,NLRP3
bone,Osteoblast,NOD1
bone,Osteoblast,NOD2
bone,Osteoblast,NPNT
bone,Osteoblast,OC-STAMP
bone,Osteoblast,OLFML1
bone,Osteoblast,OLFML2B
bone,Osteoblast,OSCAR
bone,Osteoblast,P2RX4
bone,Osteoblast,P2RX5
bone,Osteoblast,PARD6G
bone,Osteoblast,PENK
bone,Osteoblast,PHEX
bone,Osteoblast,PLCD4
bone,Osteoblast,POSTN
bone,Osteoblast,PTH1R
bone,Osteoblast,PTPRC
bone,Osteoblast,RUNX2
bone,Osteoblast,SFRP4
bone,Osteoblast,SLC6A6
bone,Osteoblast,SOCS3
bone,Osteoblast,SP7
bone,Osteoblast,SPP1
bone,Osteoblast,TBX2
bone,Osteoblast,TBX3
bone,Osteoblast,TBX5
bone,Osteoblast,TCIRG1
bone,Osteoblast,THY1
bone,Osteoblast,TLR5
bone,Osteoblast,TNFRSF10A
bone,Osteoblast,TNFRSF11A
bone,Osteoblast,TNFSF11
bone,Osteoblast,VCAM1
bone,Osteoblast,VDR
bone,Osteoblast,WDR5
bone,Osteoblast,WISP2
bone,Osteoblast,WNT5A
bone,Osteoclast,ACP5
bone,Osteoclast,AGER
bone,Osteoclast,AQP9
bone,Osteoclast,C-FOS
bone,Osteoclast,CA2
bone,Osteoclast,CALCR
bone,Osteoclast,CASR
bone,Osteoclast,CCL3
bone,Osteoclast,CD40LG
bone,Osteoclast,CD56
bone,Osteoclast,CD68
bone,Osteoclast,CTR
bone,Osteoclast,CTSK
bone,Osteoclast,CX3CR1
bone,Osteoclast,DC-STAMP
bone,Osteoclast,DCSTAMP
bone,Osteoclast,EFNB2
bone,Osteoclast,EGFL7
bone,Osteoclast,EPHB1
bone,Osteoclast,ESR1
bone,Osteoclast,FOS
bone,Osteoclast,GRM8
bone,Osteoclast,HIF1A
bone,Osteoclast,IRAK3
bone,Osteoclast,ITGA2
bone,Osteoclast,ITGAV
bone,Osteoclast,ITGB1
bone,Osteoclast,ITGB3
bone,Osteoclast,ITGB5
bone,Osteoclast,ITPR3
bone,Osteoclast,KCNMA1
bone,Osteoclast,LTB4R
bone,Osteoclast,MMP-9
bone,Osteoclast,MMP9
bone,Osteoclast,NCAM1
bone,Osteoclast,NFATC1
bone,Osteoclast,NRP2
bone,Osteoclast,ONECUT1
bone,Osteoclast,OSCAR
bone,Osteoclast,P2RY6
bone,Osteoclast,PTH1R
bone,Osteoclast,PTPRA
bone,Osteoclast,RAB3B
bone,Osteoclast,RANK
bone,Osteoclast,RGS18
bone,Osteoclast,RUNX2
bone,Osteoclast,SEMA4D
bone,Osteoclast,SERPINF1
bone,Osteoclast,SLC2A1
bone,Osteoclast,SLC39A14
bone,Osteoclast,SMAD4
bone,Osteoclast,SNX10
bone,Osteoclast,SOFAT
bone,Osteoclast,SOST
bone,Osteoclast,SPP1
bone,Osteoclast,TAS1R3
bone,Osteoclast,THNSL2
bone,Osteoclast,THRA
bone,Osteoclast,TNFRSF11A
bone,Osteoclast,TNFRSF11B
bone,Osteoclast,TRACP
bone,Osteoclast,TRAP
bone,Osteoclast,TRPV5
bone,Osteoclast,VDR
bone,Osteoclast,ZBTB7A
bone,Osteoclast precursor cell,CYSLTR1
bone,Osteoclast precursor cell,MITF
bone,Osteoclast precursor cell,NFKB1
bone,Osteoclast precursor cell,NFKB2
bone,Osteoclast precursor cell,TLR4
bone,Osteoclast precursor cell,TNFRSF11A
bone,Osteoclast precursor cell,TRAF6
bone,Osteoclast precursor cell,TREM2
bone,Osteocyte,ANASTELLIN
bone,Osteocyte,BETA-CATENIN
bone,Osteocyte,BGLAP
bone,Osteocyte,BGLAP2
bone,Osteocyte,BGLAP3
bone,Osteocyte,BIGLYCAN
bone,Osteocyte,CD44
bone,Osteocyte,CTNNB1
bone,Osteocyte,CX43
bone,Osteocyte,DMP1
bone,Osteocyte,E11
bone,Osteocyte,EFNB2
bone,Osteocyte,FGF23
bone,Osteocyte,FIBRONECTIN
bone,Osteocyte,GJA1
bone,Osteocyte,LOC111674475
bone,Osteocyte,MEPE
bone,Osteocyte,OSTEOCALCIN
bone,Osteocyte,PDPN
bone,Osteocyte,PFN1
bone,Osteocyte,PHEX
bone,Osteocyte,PODOPLANIN
bone,Osteocyte,SOST
bone,Osteocyte,SPARC
bone,Periosteum-derived progenitor cell,ALCAM
bone,Periosteum-derived progenitor cell,CD166
bone,Periosteum-derived progenitor cell,CD45
bone,Periosteum-derived progenitor cell,CD9
bone,Periosteum-derived progenitor cell,CD90
bone,Periosteum-derived progenitor cell,PTPRC
bone,Periosteum-derived progenitor cell,THY1
bone marrow,B cell,ARHGAP24
bone marrow,B cell,B3GAT1
bone marrow,B cell,BACH2
bone marrow,B cell,BANK1
bone marrow,B cell,BCL11A
bone marrow,B cell,BIRC3
bone marrow,B cell,BLNK
bone marrow,B cell,BST1
bone marrow,B cell,BTLA
bone marrow,B cell,CCR7
bone marrow,B cell,CD14
bone marrow,B cell,CD19
bone marrow,B cell,CD2
bone marrow,B cell,CD22
bone marrow,B cell,CD24
bone marrow,B cell,CD27
bone marrow,B cell,CD37
bone marrow,B cell,CD38
bone marrow,B cell,CD40
bone marrow,B cell,CD5
bone marrow,B cell,CD52
bone marrow,B cell,CD55
bone marrow,B cell,CD69
bone marrow,B cell,CD70
bone marrow,B cell,CD72
bone marrow,B cell,CD74
bone marrow,B cell,CD79A
bone marrow,B cell,CD79B
bone marrow,B cell,CD80
bone marrow,B cell,CD86
bone marrow,B cell,CMAH
bone marrow,B cell,CMAHP
bone marrow,B cell,CR2
bone marrow,B cell,CRELD2
bone marrow,B cell,CXCR4
bone marrow,B cell,DERL3
bone marrow,B cell,DNTT
bone marrow,B cell,DOK3
bone marrow,B cell,EAF2
bone marrow,B cell,EBF1
bone marrow,B cell,EDEM1
bone marrow,B cell,EDEM2
bone marrow,B cell,FAM129C
bone marrow,B cell,FAM46C
bone marrow,B cell,FCER2
bone marrow,B cell,FCER2A
bone marrow,B cell,FCHSD2
bone marrow,B cell,FCMR
bone marrow,B cell,FCRL1
bone marrow,B cell,FCRL2
bone marrow,B cell,FCRLA
bone marrow,B cell,FCRLB
bone marrow,B cell,FKBP11
bone marrow,B cell,FLI1
bone marrow,B cell,H2-DMB2
bone marrow,B cell,H2-OA
bone marrow,B cell,H2-OB
bone marrow,B cell,HLA-DQA1
bone marrow,B cell,HLA-DRA
bone marrow,B cell,HMGA1
bone marrow,B cell,HVCN1
bone marrow,B cell,IFIT3
bone marrow,B cell,IGHA
bone marrow,B cell,IGHD
bone marrow,B cell,IGHG1
bone marrow,B cell,IGHG3
bone marrow,B cell,IGHG4
bone marrow,B cell,IGHM
bone marrow,B cell,IGKC
bone marrow,B cell,IGLC1
bone marrow,B cell,IGLC2
bone marrow,B cell,IGLC3
bone marrow,B cell,IGLL1
bone marrow,B cell,IGLV1
bone marrow,B cell,IL21R
bone marrow,B cell,JCHAIN
bone marrow,B cell,KLHL6
bone marrow,B cell,LAIR1
bone marrow,B cell,LRMP
bone marrow,B cell,LTB
bone marrow,B cell,LY6D
bone marrow,B cell,MME
bone marrow,B cell,MS4A1
bone marrow,B cell,MSH5
bone marrow,B cell,MUM1
bone marrow,B cell,MZB1
bone marrow,B cell,PAX5
bone marrow,B cell,PDCD1
bone marrow,B cell,POLD4
bone marrow,B cell,POU2AF1
bone marrow,B cell,PTPRC
bone marrow,B cell,PXK
bone marrow,B cell,RALGPS2
bone marrow,B cell,RASGRP3
bone marrow,B cell,SCD1
bone marrow,B cell,SDC1
bone marrow,B cell,SEC61A1
bone marrow,B cell,SEMA6D
bone marrow,B cell,SIGLECG
bone marrow,B cell,SLAMF6
bone marrow,B cell,SMAP2
bone marrow,B cell,SPCS3
bone marrow,B cell,SPIB
bone marrow,B cell,SPN
bone marrow,B cell,SWAP70
bone marrow,B cell,TLR9
bone marrow,B cell,TNFRSF13B
bone marrow,B cell,TNFRSF13C
bone marrow,B cell,TNFRSF17
bone marrow,B cell,TNFRSF9
bone marrow,B cell,TNFSF4
bone marrow,B cell,TRP53INP1
bone marrow,B cell,TXNDC11
bone marrow,B cell,VPREB1
bone marrow,B cell,VPREB2
bone marrow,B cell,VPREB3
bone marrow,Basophil,ALOX5
bone marrow,Basophil,CCL3
bone marrow,Basophil,CCL4
bone marrow,Basophil,CD53
bone marrow,Basophil,CEBPA
bone marrow,Basophil,CPA3
bone marrow,Basophil,CTSG
bone marrow,Basophil,ETV6
bone marrow,Basophil,FOXP1
bone marrow,Basophil,GATA2
bone marrow,Basophil,IER3
bone marrow,Basophil,IFITM1
bone marrow,Basophil,LMO4
bone marrow,Basophil,LY6E
bone marrow,Basophil,MCPT8
bone marrow,Basophil,MPO
bone marrow,Basophil,PLAC8
bone marrow,Basophil,PRSS34
bone marrow,Basophil,PU.1
bone marrow,Basophil,RUNX1
bone marrow,Basophil,SPI1
bone marrow,Basophil,SRGN
bone marrow,Basophil,STAT3
bone marrow,Blastema cell,CD31
bone marrow,Blastema cell,LY6A
bone marrow,Blastema cell,PECAM1
bone marrow,Blastema cell,SCA-1
bone marrow,Blastema cell,VIM
bone marrow,Common lymphoid progenitor cell,ACY3
bone marrow,Common lymphoid progenitor cell,C1QTNF4
bone marrow,Common lymphoid progenitor cell,CD34
bone marrow,Common lymphoid progenitor cell,DNTT
bone marrow,Common lymphoid progenitor cell,FLT3
bone marrow,Common lymphoid progenitor cell,NREP
bone marrow,Common lymphoid progenitor cell,PRSS2
bone marrow,Common lymphoid progenitor cell,SMIM24
bone marrow,Common lymphoid progenitor cell,SPINK2
bone marrow,Common lymphoid progenitor cell,SPNS3
bone marrow,Common myeloid progenitor,C-KIT
bone marrow,Common myeloid progenitor,CD34
bone marrow,Common myeloid progenitor,KIT
bone marrow,Common myeloid progenitor,LIN
bone marrow,Common myeloid progenitor,LY6A
bone marrow,Common myeloid progenitor,SCA-1
bone marrow,Dendritic cell,AXL
bone marrow,Dendritic cell,BST2
bone marrow,Dendritic cell,CCL22
bone marrow,Dendritic cell,CCR7
bone marrow,Dendritic cell,CD11C
bone marrow,Dendritic cell,CD1A
bone marrow,Dendritic cell,CD1D1
bone marrow,Dendritic cell,CD40
bone marrow,Dendritic cell,CD74
bone marrow,Dendritic cell,CD80
bone marrow,Dendritic cell,CD83
bone marrow,Dendritic cell,CD86
bone marrow,Dendritic cell,CEBPA
bone marrow,Dendritic cell,CHD3
bone marrow,Dendritic cell,CLEC10A
bone marrow,Dendritic cell,CLEC4C
bone marrow,Dendritic cell,CST3
bone marrow,Dendritic cell,CTSS
bone marrow,Dendritic cell,DNASE1L3
bone marrow,Dendritic cell,ELF1
bone marrow,Dendritic cell,ENHO
bone marrow,Dendritic cell,ETV6
bone marrow,Dendritic cell,FOXP1
bone marrow,Dendritic cell,FSCN1
bone marrow,Dendritic cell,H2-AA
bone marrow,Dendritic cell,H2-AB1
bone marrow,Dendritic cell,H2-EB1
bone marrow,Dendritic cell,ID2
bone marrow,Dendritic cell,IFIT1
bone marrow,Dendritic cell,IRF8
bone marrow,Dendritic cell,ITGAX
bone marrow,Dendritic cell,LILRA4
bone marrow,Dendritic cell,MHC CLASS II
bone marrow,Dendritic cell,NFE2
bone marrow,Dendritic cell,PLD4
bone marrow,Dendritic cell,PPM1J
bone marrow,Dendritic cell,PPP1R14A
bone marrow,Dendritic cell,PROC
bone marrow,Dendritic cell,PU.1
bone marrow,Dendritic cell,SCN9A
bone marrow,Dendritic cell,SCT
bone marrow,Dendritic cell,SHD
bone marrow,Dendritic cell,SOX4
bone marrow,Dendritic cell,SPI1
bone marrow,Dendritic cell,STAT3
bone marrow,Dendritic cell,TGFBI
bone marrow,Dendritic cell,UPK3A
bone marrow,Dendritic progenitor cell,ALDH2
bone marrow,Dendritic progenitor cell,AXL
bone marrow,Dendritic progenitor cell,CD115
bone marrow,Dendritic progenitor cell,CD116
bone marrow,Dendritic progenitor cell,CD117
bone marrow,Dendritic progenitor cell,CD123
bone marrow,Dendritic progenitor cell,CD135
bone marrow,Dendritic progenitor cell,CD169
bone marrow,Dendritic progenitor cell,CD22
bone marrow,Dendritic progenitor cell,CD303
bone marrow,Dendritic progenitor cell,CD33
bone marrow,Dendritic progenitor cell,CD34
bone marrow,Dendritic progenitor cell,CD45RA
bone marrow,Dendritic progenitor cell,CLEC10A
bone marrow,Dendritic progenitor cell,CLEC4C
bone marrow,Dendritic progenitor cell,CSF1R
bone marrow,Dendritic progenitor cell,CSF2RA
bone marrow,Dendritic progenitor cell,CX3CR1
bone marrow,Dendritic progenitor cell,EAR2
bone marrow,Dendritic progenitor cell,ENHO
bone marrow,Dendritic progenitor cell,FCER1A
bone marrow,Dendritic progenitor cell,FLT3
bone marrow,Dendritic progenitor cell,IFI211
bone marrow,Dendritic progenitor cell,IGSF6
bone marrow,Dendritic progenitor cell,IL3RA
bone marrow,Dendritic progenitor cell,KIT
bone marrow,Dendritic progenitor cell,MNDA
bone marrow,Dendritic progenitor cell,NR2F6
bone marrow,Dendritic progenitor cell,PAK1
bone marrow,Dendritic progenitor cell,PLBD1
bone marrow,Dendritic progenitor cell,PTPRC
bone marrow,Dendritic progenitor cell,RNASE2
bone marrow,Dendritic progenitor cell,SAMHD1
bone marrow,Dendritic progenitor cell,SIGLEC1
bone marrow,Dendritic progenitor cell,SIGLEC6
bone marrow,Endothelial cell,CD106
bone marrow,Endothelial cell,CD117
bone marrow,Endothelial cell,CD146
bone marrow,Endothelial cell,CD31
bone marrow,Endothelial cell,CD34
bone marrow,Endothelial cell,CD62E
bone marrow,Endothelial cell,CD62P
bone marrow,Endothelial cell,CDH5
bone marrow,Endothelial cell,CXCR4
bone marrow,Endothelial cell,EDG1
bone marrow,Endothelial cell,EDG3
bone marrow,Endothelial cell,EDG5
bone marrow,Endothelial cell,EDG6
bone marrow,Endothelial cell,EDG8
bone marrow,Endothelial cell,FLT1
bone marrow,Endothelial cell,IGFBP7
bone marrow,Endothelial cell,KDR
bone marrow,Endothelial cell,PECAM1
bone marrow,Endothelial cell,PLVAP
bone marrow,Endothelial cell,TIE-2
bone marrow,Endothelial cell,VE-CADHERIN
bone marrow,Endothelial cell,VEGFR-2
bone marrow,Endothelial progenitor cell,CD117
bone marrow,Endothelial progenitor cell,CD133
bone marrow,Endothelial progenitor cell,CD135
bone marrow,Endothelial progenitor cell,CD309
bone marrow,Endothelial progenitor cell,CD31
bone marrow,Endothelial progenitor cell,CD34
bone marrow,Endothelial progenitor cell,CD90
bone marrow,Endothelial progenitor cell,CDH5
bone marrow,Endothelial progenitor cell,FLT3
bone marrow,Endothelial progenitor cell,KDR
bone marrow,Endothelial progenitor cell,KIT
bone marrow,Endothelial progenitor cell,NANOG
bone marrow,Endothelial progenitor cell,PECAM1
bone marrow,Endothelial progenitor cell,PROM1
bone marrow,Endothelial progenitor cell,THY1
bone marrow,Endothelial progenitor cell,VE-CADHERIN
bone marrow,Endothelial progenitor cell,VEGFR-2
bone marrow,Eosinophil,CEBPA
bone marrow,Eosinophil,CEBPE
bone marrow,Eosinophil,EAR1
bone marrow,Eosinophil,EAR2
bone marrow,Eosinophil,EAR6
bone marrow,Eosinophil,EPX
bone marrow,Eosinophil,ETV6
bone marrow,Eosinophil,FOXP1
bone marrow,Eosinophil,GFI1
bone marrow,Eosinophil,MPO
bone marrow,Eosinophil,NR2F6
bone marrow,Eosinophil,PRG2
bone marrow,Eosinophil,PRG3
bone marrow,Eosinophil,PU.1
bone marrow,Eosinophil,SPI1
bone marrow,Eosinophil,STAT3
bone marrow,Erythroid cell,6330403K07RIK
bone marrow,Erythroid cell,ACTC1
bone marrow,Erythroid cell,ADD2
bone marrow,Erythroid cell,ALAD
bone marrow,Erythroid cell,ALAS2
bone marrow,Erythroid cell,ALDH
bone marrow,Erythroid cell,ALDH3A1
bone marrow,Erythroid cell,ATP5IF1
bone marrow,Erythroid cell,ATPIF1
bone marrow,Erythroid cell,BETA-S
bone marrow,Erythroid cell,BEX2
bone marrow,Erythroid cell,BLVRB
bone marrow,Erythroid cell,BNIP3L
bone marrow,Erythroid cell,BPGM
bone marrow,Erythroid cell,CA1
bone marrow,Erythroid cell,CA2
bone marrow,Erythroid cell,CAR1
bone marrow,Erythroid cell,CAR2
bone marrow,Erythroid cell,CD24
bone marrow,Erythroid cell,CD24A
bone marrow,Erythroid cell,CD59A
bone marrow,Erythroid cell,CITED4
bone marrow,Erythroid cell,CKB
bone marrow,Erythroid cell,CPOX
bone marrow,Erythroid cell,CREG1
bone marrow,Erythroid cell,CRIP2
bone marrow,Erythroid cell,CRMP1
bone marrow,Erythroid cell,CTSE
bone marrow,Erythroid cell,CTXN1
bone marrow,Erythroid cell,DPYSL3
bone marrow,Erythroid cell,ELAVL3
bone marrow,Erythroid cell,ELOB
bone marrow,Erythroid cell,EPCAM
bone marrow,Erythroid cell,FAM104A
bone marrow,Erythroid cell,FAM174B
bone marrow,Erythroid cell,FAM210B
bone marrow,Erythroid cell,FAM46C
bone marrow,Erythroid cell,FECH
bone marrow,Erythroid cell,FIS1
bone marrow,Erythroid cell,FTH1
bone marrow,Erythroid cell,FTL1
bone marrow,Erythroid cell,FTL1-PS1
bone marrow,Erythroid cell,GAP43
bone marrow,Erythroid cell,GATA1
bone marrow,Erythroid cell,GATA2
bone marrow,Erythroid cell,GCLM
bone marrow,Erythroid cell,GFI1B
bone marrow,Erythroid cell,GLRX5
bone marrow,Erythroid cell,GM1673
bone marrow,Erythroid cell,GM1821
bone marrow,Erythroid cell,GNG3
bone marrow,Erythroid cell,GPX1
bone marrow,Erythroid cell,GYPA
bone marrow,Erythroid cell,GZMA
bone marrow,Erythroid cell,H19
bone marrow,Erythroid cell,HBA-A1
bone marrow,Erythroid cell,HBA-A2
bone marrow,Erythroid cell,HBA-X
bone marrow,Erythroid cell,HBB-BH0
bone marrow,Erythroid cell,HBB-BH1
bone marrow,Erythroid cell,HBB-BS
bone marrow,Erythroid cell,HBB-BT
bone marrow,Erythroid cell,HBB-Y
bone marrow,Erythroid cell,HBG1
bone marrow,Erythroid cell,HBQ1B
bone marrow,Erythroid cell,HIST3H2BA
bone marrow,Erythroid cell,HN1
bone marrow,Erythroid cell,HSD3B6
bone marrow,Erythroid cell,IFIT1B
bone marrow,Erythroid cell,IGFBPL1
bone marrow,Erythroid cell,KLF1
bone marrow,Erythroid cell,LY6H
bone marrow,Erythroid cell,MAP1LC3B
bone marrow,Erythroid cell,MAPT
bone marrow,Erythroid cell,MARCKSL1
bone marrow,Erythroid cell,MKRN1
bone marrow,Erythroid cell,MLLT11
bone marrow,Erythroid cell,MYL2
bone marrow,Erythroid cell,MYL3
bone marrow,Erythroid cell,MYL7
bone marrow,Erythroid cell,NNAT
bone marrow,Erythroid cell,NR1I3
bone marrow,Erythroid cell,NREP
bone marrow,Erythroid cell,NSG1
bone marrow,Erythroid cell,NSG2
bone marrow,Erythroid cell,NUDT4
bone marrow,Erythroid cell,OAZ1
bone marrow,Erythroid cell,PANTR1
bone marrow,Erythroid cell,PCSK1N
bone marrow,Erythroid cell,PDZK1IP1
bone marrow,Erythroid cell,PHF10
bone marrow,Erythroid cell,PRDX2
bone marrow,Erythroid cell,PRR13
bone marrow,Erythroid cell,REC114
bone marrow,Erythroid cell,RHAG
bone marrow,Erythroid cell,RHCE
bone marrow,Erythroid cell,RHD
bone marrow,Erythroid cell,RPL41
bone marrow,Erythroid cell,RTN1
bone marrow,Erythroid cell,SCG5
bone marrow,Erythroid cell,SEC61G
bone marrow,Erythroid cell,SELENOW
bone marrow,Erythroid cell,SERF1
bone marrow,Erythroid cell,SERF1A
bone marrow,Erythroid cell,SLC25A39
bone marrow,Erythroid cell,SLC48A1
bone marrow,Erythroid cell,SLC4A1
bone marrow,Erythroid cell,SMDT1
bone marrow,Erythroid cell,SNCA
bone marrow,Erythroid cell,SNRPN
bone marrow,Erythroid cell,SOX11
bone marrow,Erythroid cell,SPTA1
bone marrow,Erythroid cell,STMN2
bone marrow,Erythroid cell,STMN3
bone marrow,Erythroid cell,STMN4
bone marrow,Erythroid cell,TAGLN3
bone marrow,Erythroid cell,TAL1
bone marrow,Erythroid cell,TFRC
bone marrow,Erythroid cell,TMEM56
bone marrow,Erythroid cell,TNNT2
bone marrow,Erythroid cell,TSPO2
bone marrow,Erythroid cell,TTR
bone marrow,Erythroid cell,TUBB
bone marrow,Erythroid cell,TUBB2B
bone marrow,Erythroid cell,TUBB3
bone marrow,Erythroid cell,TUBB4A
bone marrow,Erythroid cell,TUBB5
bone marrow,Erythroid cell,UBB-PS
bone marrow,Erythroid cell,UBE2L6
bone marrow,Erythroid cell,UCHL1
bone marrow,Erythroid cell,YPEL3
bone marrow,Erythroid cell,YPEL5
bone marrow,Erythroid cell,ZFPM1
bone marrow,Erythroid megakaryocyte progenitor cell,AVP
bone marrow,Erythroid megakaryocyte progenitor cell,C-KIT
bone marrow,Erythroid megakaryocyte progenitor cell,CD150
bone marrow,Erythroid megakaryocyte progenitor cell,CD34
bone marrow,Erythroid megakaryocyte progenitor cell,CRHBP
bone marrow,Erythroid megakaryocyte progenitor cell,CRYGD
bone marrow,Erythroid megakaryocyte progenitor cell,CYTL1
bone marrow,Erythroid megakaryocyte progenitor cell,GATA2
bone marrow,Erythroid megakaryocyte progenitor cell,HPGDS
bone marrow,Erythroid megakaryocyte progenitor cell,IGSF10
bone marrow,Erythroid megakaryocyte progenitor cell,KIT
bone marrow,Erythroid megakaryocyte progenitor cell,LIN
bone marrow,Erythroid megakaryocyte progenitor cell,LY6A
bone marrow,Erythroid megakaryocyte progenitor cell,MYCT1
bone marrow,Erythroid megakaryocyte progenitor cell,NPR3
bone marrow,Erythroid megakaryocyte progenitor cell,PBX1
bone marrow,Erythroid megakaryocyte progenitor cell,SCA-1
bone marrow,Erythroid megakaryocyte progenitor cell,SLAMF1
bone marrow,Erythroid precursor cell,CD35
bone marrow,Erythroid precursor cell,CD71
bone marrow,Erythroid precursor cell,CR1
bone marrow,Erythroid precursor cell,CR2
bone marrow,Erythroid precursor cell,GLYA
bone marrow,Erythroid precursor cell,LY76
bone marrow,Erythroid precursor cell,SHMT2
bone marrow,Erythroid precursor cell,TDGF1
bone marrow,Erythroid precursor cell,TER119
bone marrow,Erythroid precursor cell,TFRC
bone marrow,Granulocyte monocyte progenitor cell,ARHGDIB
bone marrow,Granulocyte monocyte progenitor cell,AZU1
bone marrow,Granulocyte monocyte progenitor cell,C-KIT
bone marrow,Granulocyte monocyte progenitor cell,CD34
bone marrow,Granulocyte monocyte progenitor cell,CMTM7
bone marrow,Granulocyte monocyte progenitor cell,CTSG
bone marrow,Granulocyte monocyte progenitor cell,CYBA
bone marrow,Granulocyte monocyte progenitor cell,EAR2
bone marrow,Granulocyte monocyte progenitor cell,ELANE
bone marrow,Granulocyte monocyte progenitor cell,GSTM1
bone marrow,Granulocyte monocyte progenitor cell,HMGN2
bone marrow,Granulocyte monocyte progenitor cell,KIT
bone marrow,Granulocyte monocyte progenitor cell,LIN
bone marrow,Granulocyte monocyte progenitor cell,LTA4H
bone marrow,Granulocyte monocyte progenitor cell,LY6A
bone marrow,Granulocyte monocyte progenitor cell,LY6C2
bone marrow,Granulocyte monocyte progenitor cell,MPO
bone marrow,Granulocyte monocyte progenitor cell,MS4A3
bone marrow,Granulocyte monocyte progenitor cell,NKG7
bone marrow,Granulocyte monocyte progenitor cell,NPW
bone marrow,Granulocyte monocyte progenitor cell,NR2F6
bone marrow,Granulocyte monocyte progenitor cell,PLAC8
bone marrow,Granulocyte monocyte progenitor cell,PRTN3
bone marrow,Granulocyte monocyte progenitor cell,RAC2
bone marrow,Granulocyte monocyte progenitor cell,RETN
bone marrow,Granulocyte monocyte progenitor cell,RGCC
bone marrow,Granulocyte monocyte progenitor cell,RNASE2
bone marrow,Granulocyte monocyte progenitor cell,RNASE3
bone marrow,Granulocyte monocyte progenitor cell,SCA-1
bone marrow,Granulocyte monocyte progenitor cell,SERPINB10
bone marrow,Granulocyte monocyte progenitor cell,SERPINB1A
bone marrow,Granulocyte monocyte progenitor cell,SH3BGRL3
bone marrow,Granulocyte monocyte progenitor cell,WFDC21
bone marrow,Hematopoietic stem cell,ABCB1
bone marrow,Hematopoietic stem cell,ABCB1B
bone marrow,Hematopoietic stem cell,ABCG2
bone marrow,Hematopoietic stem cell,ACE
bone marrow,Hematopoietic stem cell,ADGRG1
bone marrow,Hematopoietic stem cell,ALDH1A1
bone marrow,Hematopoietic stem cell,ANGPT1
bone marrow,Hematopoietic stem cell,ANPEP
bone marrow,Hematopoietic stem cell,APC
bone marrow,Hematopoietic stem cell,ARID3A
bone marrow,Hematopoietic stem cell,AVP
bone marrow,Hematopoietic stem cell,BAALC
bone marrow,Hematopoietic stem cell,BEX1
bone marrow,Hematopoietic stem cell,BMI1
bone marrow,Hematopoietic stem cell,CD33
bone marrow,Hematopoietic stem cell,CD34
bone marrow,Hematopoietic stem cell,CD44
bone marrow,Hematopoietic stem cell,CD48
bone marrow,Hematopoietic stem cell,CD59
bone marrow,Hematopoietic stem cell,CD59A
bone marrow,Hematopoietic stem cell,CDCP1
bone marrow,Hematopoietic stem cell,CDH2
bone marrow,Hematopoietic stem cell,CRHBP
bone marrow,Hematopoietic stem cell,CRYGD
bone marrow,Hematopoietic stem cell,CTNNAL1
bone marrow,Hematopoietic stem cell,CXCR4
bone marrow,Hematopoietic stem cell,DNMT3B
bone marrow,Hematopoietic stem cell,EGR1
bone marrow,Hematopoietic stem cell,EGR3
bone marrow,Hematopoietic stem cell,ELF1
bone marrow,Hematopoietic stem cell,ERG
bone marrow,Hematopoietic stem cell,ESAM
bone marrow,Hematopoietic stem cell,FGD5
bone marrow,Hematopoietic stem cell,FLT3
bone marrow,Hematopoietic stem cell,G0S2
bone marrow,Hematopoietic stem cell,GATA2
bone marrow,Hematopoietic stem cell,GATA3
bone marrow,Hematopoietic stem cell,GFI1
bone marrow,Hematopoietic stem cell,GFI1B
bone marrow,Hematopoietic stem cell,GJB1
bone marrow,Hematopoietic stem cell,GNL3
bone marrow,Hematopoietic stem cell,GPR171
bone marrow,Hematopoietic stem cell,HHEX
bone marrow,Hematopoietic stem cell,HLF
bone marrow,Hematopoietic stem cell,HLX
bone marrow,Hematopoietic stem cell,HMGB3
bone marrow,Hematopoietic stem cell,HOXB5
bone marrow,Hematopoietic stem cell,IL3RA
bone marrow,Hematopoietic stem cell,ITGA2B
bone marrow,Hematopoietic stem cell,ITGA4
bone marrow,Hematopoietic stem cell,ITGA6
bone marrow,Hematopoietic stem cell,KIT
bone marrow,Hematopoietic stem cell,KITL
bone marrow,Hematopoietic stem cell,KITLG
bone marrow,Hematopoietic stem cell,LYL1
bone marrow,Hematopoietic stem cell,MAFF
bone marrow,Hematopoietic stem cell,MECOM
bone marrow,Hematopoietic stem cell,MEIS1
bone marrow,Hematopoietic stem cell,MGST1
bone marrow,Hematopoietic stem cell,MLLT3
bone marrow,Hematopoietic stem cell,MPL
bone marrow,Hematopoietic stem cell,MSRB3
bone marrow,Hematopoietic stem cell,MYADM
bone marrow,Hematopoietic stem cell,MYCN
bone marrow,Hematopoietic stem cell,MYCT1
bone marrow,Hematopoietic stem cell,NCOR2
bone marrow,Hematopoietic stem cell,NEO1
bone marrow,Hematopoietic stem cell,NFE2
bone marrow,Hematopoietic stem cell,NKX2-3
bone marrow,Hematopoietic stem cell,NKX3-1
bone marrow,Hematopoietic stem cell,NOTCH1
bone marrow,Hematopoietic stem cell,NOTCH2
bone marrow,Hematopoietic stem cell,NPDC1
bone marrow,Hematopoietic stem cell,NPR3
bone marrow,Hematopoietic stem cell,PBX2
bone marrow,Hematopoietic stem cell,PITX2
bone marrow,Hematopoietic stem cell,PLXDC2
bone marrow,Hematopoietic stem cell,PRNP
bone marrow,Hematopoietic stem cell,PROCR
bone marrow,Hematopoietic stem cell,PROM1
bone marrow,Hematopoietic stem cell,PTPRC
bone marrow,Hematopoietic stem cell,PTPRE
bone marrow,Hematopoietic stem cell,PTPRS
bone marrow,Hematopoietic stem cell,RGS18
bone marrow,Hematopoietic stem cell,ROBO4
bone marrow,Hematopoietic stem cell,RUNX1
bone marrow,Hematopoietic stem cell,SLAMF1
bone marrow,Hematopoietic stem cell,SPN
bone marrow,Hematopoietic stem cell,TAF7
bone marrow,Hematopoietic stem cell,TAL1
bone marrow,Hematopoietic stem cell,TEK
bone marrow,Hematopoietic stem cell,TET2
bone marrow,Hematopoietic stem cell,TGFB2
bone marrow,Hematopoietic stem cell,THSD1
bone marrow,Hematopoietic stem cell,THY1
bone marrow,Hematopoietic stem cell,TLR2
bone marrow,Hematopoietic stem cell,TRPC6
bone marrow,Hematopoietic stem cell,TXNIP
bone marrow,Hematopoietic stem cell,VWF
bone marrow,Immature dendritic cell,CD74
bone marrow,Immature dendritic cell,CD86
bone marrow,Immature dendritic cell,CST3
bone marrow,Immature dendritic cell,H2-AB1
bone marrow,Immature dendritic cell,H2-EB1
bone marrow,Innate lymphoid cell,CD160
bone marrow,Innate lymphoid cell,GZMM
bone marrow,Innate lymphoid cell,KLRB1
bone marrow,Innate lymphoid cell,KLRC1
bone marrow,Innate lymphoid cell,KLRD1
bone marrow,Innate lymphoid cell,KLRF1
bone marrow,Innate lymphoid cell,LDB2
bone marrow,Innate lymphoid cell,TRDC
bone marrow,Innate lymphoid cell,XCL1
bone marrow,Innate lymphoid cell,XCL2
bone marrow,Langerhans cell,ACHE
bone marrow,Langerhans cell,AHR
bone marrow,Langerhans cell,CCR6
bone marrow,Langerhans cell,CD1A
bone marrow,Langerhans cell,CD1D1
bone marrow,Langerhans cell,CD207
bone marrow,Langerhans cell,CD80
bone marrow,Langerhans cell,CLDN1
bone marrow,Langerhans cell,DEFB103A
bone marrow,Langerhans cell,DEFB3
bone marrow,Langerhans cell,EHF
bone marrow,Langerhans cell,EPCAM
bone marrow,Langerhans cell,FCGR1A
bone marrow,Langerhans cell,FCGR2A
bone marrow,Langerhans cell,FCGR2B
bone marrow,Langerhans cell,GPNMB
bone marrow,Langerhans cell,HLA-DMA
bone marrow,Langerhans cell,HLA-DMB
bone marrow,Langerhans cell,HLA-DQA1
bone marrow,Langerhans cell,HLA-DQA2
bone marrow,Langerhans cell,HLA-DQB1
bone marrow,Langerhans cell,HLA-DQB2
bone marrow,Langerhans cell,HLA-DQB3
bone marrow,Langerhans cell,HLA-DRA
bone marrow,Langerhans cell,HLA-DRB1
bone marrow,Langerhans cell,HLA-DRB5
bone marrow,Langerhans cell,HLA-DRB6
bone marrow,Langerhans cell,HLA-DRB9
bone marrow,Langerhans cell,ITGAX
bone marrow,Langerhans cell,LY75
bone marrow,Langerhans cell,PRKCB
bone marrow,Langerhans cell,PTPRC
bone marrow,Langerhans cell,TLR2
bone marrow,Langerhans cell,TLR4
bone marrow,Langerhans cell,TLR9
bone marrow,Lymphoid-primed multipotent progenitor cell,AVP
bone marrow,Lymphoid-primed multipotent progenitor cell,BEX1
bone marrow,Lymphoid-primed multipotent progenitor cell,C-KIT
bone marrow,Lymphoid-primed multipotent progenitor cell,C1QTNF4
bone marrow,Lymphoid-primed multipotent progenitor cell,CD10
bone marrow,Lymphoid-primed multipotent progenitor cell,CD34
bone marrow,Lymphoid-primed multipotent progenitor cell,CD38
bone marrow,Lymphoid-primed multipotent progenitor cell,CD45RA
bone marrow,Lymphoid-primed multipotent progenitor cell,CD52
bone marrow,Lymphoid-primed multipotent progenitor cell,CD62L
bone marrow,Lymphoid-primed multipotent progenitor cell,CRHBP
bone marrow,Lymphoid-primed multipotent progenitor cell,CSF3R
bone marrow,Lymphoid-primed multipotent progenitor cell,FLT3
bone marrow,Lymphoid-primed multipotent progenitor cell,KIT
bone marrow,Lymphoid-primed multipotent progenitor cell,LIN
bone marrow,Lymphoid-primed multipotent progenitor cell,LY6A
bone marrow,Lymphoid-primed multipotent progenitor cell,MME
bone marrow,Lymphoid-primed multipotent progenitor cell,NPDC1
bone marrow,Lymphoid-primed multipotent progenitor cell,NPR3
bone marrow,Lymphoid-primed multipotent progenitor cell,NPW
bone marrow,Lymphoid-primed multipotent progenitor cell,PTPRC
bone marrow,Lymphoid-primed multipotent progenitor cell,SCA-1
bone marrow,Lymphoid-primed multipotent progenitor cell,SELL
bone marrow,Lymphoid-primed multipotent progenitor cell,SMIM24
bone marrow,Macrophage,AA
bone marrow,Macrophage,ADAM8
bone marrow,Macrophage,ADGRE1
bone marrow,Macrophage,ADGRE4
bone marrow,Macrophage,ADGRE5
bone marrow,Macrophage,AHR
bone marrow,Macrophage,AIF1
bone marrow,Macrophage,AKR1B3
bone marrow,Macrophage,ARL11
bone marrow,Macrophage,C3AR1
bone marrow,Macrophage,C5AR1
bone marrow,Macrophage,CCL12
bone marrow,Macrophage,CCL2
bone marrow,Macrophage,CCL22
bone marrow,Macrophage,CCL24
bone marrow,Macrophage,CCL3
bone marrow,Macrophage,CCL5
bone marrow,Macrophage,CCL6
bone marrow,Macrophage,CCL7
bone marrow,Macrophage,CCL9
bone marrow,Macrophage,CCR2
bone marrow,Macrophage,CCR5
bone marrow,Macrophage,CCR7
bone marrow,Macrophage,CD11B
bone marrow,Macrophage,CD14
bone marrow,Macrophage,CD163
bone marrow,Macrophage,CD180
bone marrow,Macrophage,CD19
bone marrow,Macrophage,CD200
bone marrow,Macrophage,CD200R1
bone marrow,Macrophage,CD209A
bone marrow,Macrophage,CD209F
bone marrow,Macrophage,CD300A
bone marrow,Macrophage,CD33
bone marrow,Macrophage,CD36
bone marrow,Macrophage,CD3E
bone marrow,Macrophage,CD5L
bone marrow,Macrophage,CD68
bone marrow,Macrophage,CD74
bone marrow,Macrophage,CD80
bone marrow,Macrophage,CD83
bone marrow,Macrophage,CD86
bone marrow,Macrophage,CHIT1
bone marrow,Macrophage,CLEC10A
bone marrow,Macrophage,CLEC4A1
bone marrow,Macrophage,CLEC4A2
bone marrow,Macrophage,CLEC4A3
bone marrow,Macrophage,CLEC4D
bone marrow,Macrophage,CLEC4N
bone marrow,Macrophage,CLEC7A
bone marrow,Macrophage,CPM
bone marrow,Macrophage,CSF1R
bone marrow,Macrophage,CTSK
bone marrow,Macrophage,CX3CR1
bone marrow,Macrophage,CXCL1
bone marrow,Macrophage,CXCL16
bone marrow,Macrophage,CXCL2
bone marrow,Macrophage,CYBB
bone marrow,Macrophage,CYP27A1
bone marrow,Macrophage,CYTH4
bone marrow,Macrophage,DAB2
bone marrow,Macrophage,DSE1L3
bone marrow,Macrophage,DUSP5
bone marrow,Macrophage,EGLN3
bone marrow,Macrophage,F13A1
bone marrow,Macrophage,FABP4
bone marrow,Macrophage,FCGR1
bone marrow,Macrophage,FCGR1A
bone marrow,Macrophage,FCGR3A
bone marrow,Macrophage,FCGR4
bone marrow,Macrophage,FGD2
bone marrow,Macrophage,FGL2
bone marrow,Macrophage,FGR
bone marrow,Macrophage,FMNL1
bone marrow,Macrophage,FPR1
bone marrow,Macrophage,FUT4
bone marrow,Macrophage,GATA6
bone marrow,Macrophage,GDF15
bone marrow,Macrophage,GPNMB
bone marrow,Macrophage,GPR132
bone marrow,Macrophage,GPR171
bone marrow,Macrophage,GPR34
bone marrow,Macrophage,H2-AB1
bone marrow,Macrophage,H2-DMA
bone marrow,Macrophage,H2-EB1
bone marrow,Macrophage,HFE
bone marrow,Macrophage,HILPDA
bone marrow,Macrophage,HPGD
bone marrow,Macrophage,HPGDS
bone marrow,Macrophage,IFR2
bone marrow,Macrophage,IL1B
bone marrow,Macrophage,IL4RA
bone marrow,Macrophage,IRF5
bone marrow,Macrophage,ITGAL
bone marrow,Macrophage,ITGAX
bone marrow,Macrophage,JAML
bone marrow,Macrophage,LGALS3
bone marrow,Macrophage,LILR4B
bone marrow,Macrophage,LILRA5
bone marrow,Macrophage,LILRB4
bone marrow,Macrophage,LILRB4A
bone marrow,Macrophage,LILRB4B
bone marrow,Macrophage,LPCAT2
bone marrow,Macrophage,LY6C1
bone marrow,Macrophage,LYVE1
bone marrow,Macrophage,LYZ1
bone marrow,Macrophage,LYZ2
bone marrow,Macrophage,MAF
bone marrow,Macrophage,MGL2
bone marrow,Macrophage,MMP12
bone marrow,Macrophage,MMP9
bone marrow,Macrophage,MRC1
bone marrow,Macrophage,MS4A4A
bone marrow,Macrophage,MS4A6A
bone marrow,Macrophage,MS4A7
bone marrow,Macrophage,MYO1G
bone marrow,Macrophage,NCEH1
bone marrow,Macrophage,NR4A3
bone marrow,Macrophage,NRP2
bone marrow,Macrophage,P2RY6
bone marrow,Macrophage,PARP14
bone marrow,Macrophage,PLTP
bone marrow,Macrophage,PPARG
bone marrow,Macrophage,RAB20
bone marrow,Macrophage,RAB7B
bone marrow,Macrophage,RBPJ
bone marrow,Macrophage,RETNLA
bone marrow,Macrophage,RGS1
bone marrow,Macrophage,RUNX3
bone marrow,Macrophage,S100A4
bone marrow,Macrophage,S100A8
bone marrow,Macrophage,SAMSN1
bone marrow,Macrophage,SCIMP
bone marrow,Macrophage,SEPP1
bone marrow,Macrophage,SIGLECF
bone marrow,Macrophage,SLAMF7
bone marrow,Macrophage,SLAMF9
bone marrow,Macrophage,SLC11A1
bone marrow,Macrophage,SLC15A3
bone marrow,Macrophage,SLC37A2
bone marrow,Macrophage,SLC7A7
bone marrow,Macrophage,SLCO2B1
bone marrow,Macrophage,SNX20
bone marrow,Macrophage,STAB1
bone marrow,Macrophage,SYK
bone marrow,Macrophage,TGFBR1
bone marrow,Macrophage,TLR2
bone marrow,Macrophage,TLR4
bone marrow,Macrophage,TNF
bone marrow,Macrophage,TREM2
bone marrow,Macrophage,TREML4
bone marrow,Macrophage,TYROBP
bone marrow,Macrophage,UCP2
bone marrow,Macrophage,VSIG4
bone marrow,Macrophage,WFDC17
bone marrow,Mast cell,ADCYAP1
bone marrow,Mast cell,ADORA3
bone marrow,Mast cell,BTK
bone marrow,Mast cell,CD117
bone marrow,Mast cell,CPA3
bone marrow,Mast cell,CSF2RB2
bone marrow,Mast cell,CSF2RBP1
bone marrow,Mast cell,FCER1A
bone marrow,Mast cell,GATA2
bone marrow,Mast cell,GRAP2
bone marrow,Mast cell,HDC
bone marrow,Mast cell,HPGDS
bone marrow,Mast cell,IL18R1
bone marrow,Mast cell,IL1RL1
bone marrow,Mast cell,IL2RA
bone marrow,Mast cell,IL4
bone marrow,Mast cell,KIT
bone marrow,Mast cell,MAOB
bone marrow,Mast cell,MCPT4
bone marrow,Mast cell,MLPH
bone marrow,Mast cell,MRGPRB1
bone marrow,Mast cell,MS4A2
bone marrow,Mast cell,RGS13
bone marrow,Mast cell,SLC18A2
bone marrow,Mast cell,SLC24A3
bone marrow,Mast cell,SLC8A3
bone marrow,Mast cell,TESPA1
bone marrow,Mast cell,TPSAB1
bone marrow,Mast cell,TPSB2
bone marrow,Mast cell,TPSD1
bone marrow,Mature T cell,GZMK
bone marrow,Mature T cell,IL7R
bone marrow,Mature T cell,KLRB1
bone marrow,Mature T cell,LYAR
bone marrow,Mature T cell,MAF
bone marrow,Mature T cell,RORA
bone marrow,Mature T cell,SLC4A10
bone marrow,Mature T cell,SPOCK2
bone marrow,Mature T cell,TNFRSF25
bone marrow,Mature T cell,ZFP36L2
bone marrow,Megakaryocyte,CD41
bone marrow,Megakaryocyte,CD61
bone marrow,Megakaryocyte,CITED2
bone marrow,Megakaryocyte,CTLA2A
bone marrow,Megakaryocyte,ETV6
bone marrow,Megakaryocyte,FLI1
bone marrow,Megakaryocyte,FOXP1
bone marrow,Megakaryocyte,GATA2
bone marrow,Megakaryocyte,ITGA2B
bone marrow,Megakaryocyte,ITGB3
bone marrow,Megakaryocyte,MEF2C
bone marrow,Megakaryocyte,MEIS1
bone marrow,Megakaryocyte,PBX1
bone marrow,Megakaryocyte,PF4
bone marrow,Megakaryocyte,STAT3
bone marrow,Megakaryocyte,VWF
bone marrow,Megakaryocyte,ZFPM1
bone marrow,Megakaryocyte progenitor cell,ABCG4
bone marrow,Megakaryocyte progenitor cell,ADD2
bone marrow,Megakaryocyte progenitor cell,ANXA3
bone marrow,Megakaryocyte progenitor cell,ARHGAP6
bone marrow,Megakaryocyte progenitor cell,C-KIT
bone marrow,Megakaryocyte progenitor cell,CD34
bone marrow,Megakaryocyte progenitor cell,CLEC1B
bone marrow,Megakaryocyte progenitor cell,CMTM5
bone marrow,Megakaryocyte progenitor cell,COL5A1
bone marrow,Megakaryocyte progenitor cell,GP9
bone marrow,Megakaryocyte progenitor cell,HBA-A1
bone marrow,Megakaryocyte progenitor cell,KIT
bone marrow,Megakaryocyte progenitor cell,LIN
bone marrow,Megakaryocyte progenitor cell,LTBP1
bone marrow,Megakaryocyte progenitor cell,LY6A
bone marrow,Megakaryocyte progenitor cell,PAQR9
bone marrow,Megakaryocyte progenitor cell,PKLR
bone marrow,Megakaryocyte progenitor cell,PRSS50
bone marrow,Megakaryocyte progenitor cell,RBPMS2
bone marrow,Megakaryocyte progenitor cell,SCA-1
bone marrow,Megakaryocyte progenitor cell,SELP
bone marrow,Megakaryocyte progenitor cell,SMIM1
bone marrow,Megakaryocyte progenitor cell,SNCA
bone marrow,Megakaryocyte progenitor cell,SPTB
bone marrow,Megakaryocyte progenitor cell,SPX
bone marrow,Megakaryocyte progenitor cell,WFDC1
bone marrow,Mesenchymal stem cell,ALPL
bone marrow,Mesenchymal stem cell,ANPEP
bone marrow,Mesenchymal stem cell,B2M
bone marrow,Mesenchymal stem cell,B4GALNT1
bone marrow,Mesenchymal stem cell,BETA-2-MICROGLOBULIN
bone marrow,Mesenchymal stem cell,BSG
bone marrow,Mesenchymal stem cell,C-KIT
bone marrow,Mesenchymal stem cell,CASP3
bone marrow,Mesenchymal stem cell,CD10
bone marrow,Mesenchymal stem cell,CD105
bone marrow,Mesenchymal stem cell,CD106
bone marrow,Mesenchymal stem cell,CD11A
bone marrow,Mesenchymal stem cell,CD11B
bone marrow,Mesenchymal stem cell,CD13
bone marrow,Mesenchymal stem cell,CD14
bone marrow,Mesenchymal stem cell,CD146
bone marrow,Mesenchymal stem cell,CD147
bone marrow,Mesenchymal stem cell,CD151
bone marrow,Mesenchymal stem cell,CD18
bone marrow,Mesenchymal stem cell,CD19
bone marrow,Mesenchymal stem cell,CD271
bone marrow,Mesenchymal stem cell,CD276
bone marrow,Mesenchymal stem cell,CD29
bone marrow,Mesenchymal stem cell,CD31
bone marrow,Mesenchymal stem cell,CD34
bone marrow,Mesenchymal stem cell,CD4
bone marrow,Mesenchymal stem cell,CD44
bone marrow,Mesenchymal stem cell,CD45
bone marrow,Mesenchymal stem cell,CD45RB
bone marrow,Mesenchymal stem cell,CD47
bone marrow,Mesenchymal stem cell,CD49F
bone marrow,Mesenchymal stem cell,CD59
bone marrow,Mesenchymal stem cell,CD59A
bone marrow,Mesenchymal stem cell,CD73
bone marrow,Mesenchymal stem cell,CD79A
bone marrow,Mesenchymal stem cell,CD81
bone marrow,Mesenchymal stem cell,CD90
bone marrow,Mesenchymal stem cell,CD98
bone marrow,Mesenchymal stem cell,COL3A1
bone marrow,Mesenchymal stem cell,CSPG4
bone marrow,Mesenchymal stem cell,CXCR4
bone marrow,Mesenchymal stem cell,ENG
bone marrow,Mesenchymal stem cell,FAP
bone marrow,Mesenchymal stem cell,FIBROBLAST ACTIVATION PROTEIN ALPHA
bone marrow,Mesenchymal stem cell,FN1
bone marrow,Mesenchymal stem cell,GD2
bone marrow,Mesenchymal stem cell,GP130
bone marrow,Mesenchymal stem cell,GSN
bone marrow,Mesenchymal stem cell,HLA-ABC
bone marrow,Mesenchymal stem cell,HLA-DR
bone marrow,Mesenchymal stem cell,IL6ST
bone marrow,Mesenchymal stem cell,ITGA6
bone marrow,Mesenchymal stem cell,ITGAL
bone marrow,Mesenchymal stem cell,ITGAM
bone marrow,Mesenchymal stem cell,ITGB1
bone marrow,Mesenchymal stem cell,ITGB2
bone marrow,Mesenchymal stem cell,KIT
bone marrow,Mesenchymal stem cell,LEUKEMIA INHIBITORY FACTOR RECEPTOR
bone marrow,Mesenchymal stem cell,LIFR
bone marrow,Mesenchymal stem cell,LY6A
bone marrow,Mesenchymal stem cell,LY76
bone marrow,Mesenchymal stem cell,MCAM
bone marrow,Mesenchymal stem cell,MHC CLASS I
bone marrow,Mesenchymal stem cell,MHC CLASS II
bone marrow,Mesenchymal stem cell,MME
bone marrow,Mesenchymal stem cell,MSCA-1
bone marrow,Mesenchymal stem cell,NES
bone marrow,Mesenchymal stem cell,NESTIN
bone marrow,Mesenchymal stem cell,NG2
bone marrow,Mesenchymal stem cell,NGFR
bone marrow,Mesenchymal stem cell,NT5E
bone marrow,Mesenchymal stem cell,PDGFR-ALPHA
bone marrow,Mesenchymal stem cell,PDGFRA
bone marrow,Mesenchymal stem cell,PECAM1
bone marrow,Mesenchymal stem cell,PTPRC
bone marrow,Mesenchymal stem cell,S100A6
bone marrow,Mesenchymal stem cell,SCA-1
bone marrow,Mesenchymal stem cell,SLC3A2
bone marrow,Mesenchymal stem cell,STRO-1
bone marrow,Mesenchymal stem cell,SUSD2
bone marrow,Mesenchymal stem cell,TER119
bone marrow,Mesenchymal stem cell,THY1
bone marrow,Mesenchymal stem cell,VCAM1
bone marrow,Mesenchymal stem cell,VIM
bone marrow,Mesenchymal stem cell,VIMENTIN
bone marrow,Monocyte,ASS1
bone marrow,Monocyte,CTSS
bone marrow,Monocyte,FCN1
bone marrow,Monocyte,FCNA
bone marrow,Monocyte,IFI211
bone marrow,Monocyte,LYZ
bone marrow,Monocyte,LYZ1
bone marrow,Monocyte,MNDA
bone marrow,Monocyte,NEAT1
bone marrow,Monocyte,PSAP
bone marrow,Monocyte,S100A9
bone marrow,Monocyte,SERPINA1
bone marrow,Monocyte,TYROBP
bone marrow,Monocyte derived dendritic cell,CD11C
bone marrow,Monocyte derived dendritic cell,CD1A
bone marrow,Monocyte derived dendritic cell,CD1C
bone marrow,Monocyte derived dendritic cell,CD1D1
bone marrow,Monocyte derived dendritic cell,CD206
bone marrow,Monocyte derived dendritic cell,CD209
bone marrow,Monocyte derived dendritic cell,CD209A
bone marrow,Monocyte derived dendritic cell,ITGAX
bone marrow,Monocyte derived dendritic cell,MRC1
bone marrow,Monocyte derived dendritic cell,S100A8
bone marrow,Monocyte derived dendritic cell,S100A9
bone marrow,Monocyte derived dendritic cell,SIRPA
bone marrow,Mucosal-associated invariant T cell,CD6
bone marrow,Mucosal-associated invariant T cell,GZMK
bone marrow,Mucosal-associated invariant T cell,IL7R
bone marrow,Mucosal-associated invariant T cell,KLRB1
bone marrow,Mucosal-associated invariant T cell,KLRG1
bone marrow,Mucosal-associated invariant T cell,NCR3
bone marrow,Mucosal-associated invariant T cell,NCR3-PS
bone marrow,Mucosal-associated invariant T cell,RORA
bone marrow,Mucosal-associated invariant T cell,SPOCK2
bone marrow,Mucosal-associated invariant T cell,TNFRSF25
bone marrow,Mucosal-associated invariant T cell,TRGC2
bone marrow,Myeloid cell,ACTG1
bone marrow,Myeloid cell,ADGRE1
bone marrow,Myeloid cell,ALOX5AP
bone marrow,Myeloid cell,ANXA2
bone marrow,Myeloid cell,ARHGDIB
bone marrow,Myeloid cell,ARPC1B
bone marrow,Myeloid cell,ARPC2
bone marrow,Myeloid cell,ARPC3
bone marrow,Myeloid cell,B2M
bone marrow,Myeloid cell,CALM1
bone marrow,Myeloid cell,CAPZB
bone marrow,Myeloid cell,CCL6
bone marrow,Myeloid cell,CCL9
bone marrow,Myeloid cell,CCR2
bone marrow,Myeloid cell,CCR3
bone marrow,Myeloid cell,CCR4
bone marrow,Myeloid cell,CD10
bone marrow,Myeloid cell,CD106
bone marrow,Myeloid cell,CD115
bone marrow,Myeloid cell,CD117
bone marrow,Myeloid cell,CD119
bone marrow,Myeloid cell,CD11B
bone marrow,Myeloid cell,CD11C
bone marrow,Myeloid cell,CD122
bone marrow,Myeloid cell,CD123
bone marrow,Myeloid cell,CD126
bone marrow,Myeloid cell,CD127
bone marrow,Myeloid cell,CD13
bone marrow,Myeloid cell,CD130
bone marrow,Myeloid cell,CD14
bone marrow,Myeloid cell,CD141
bone marrow,Myeloid cell,CD15
bone marrow,Myeloid cell,CD154
bone marrow,Myeloid cell,CD16
bone marrow,Myeloid cell,CD163
bone marrow,Myeloid cell,CD165
bone marrow,Myeloid cell,CD169
bone marrow,Myeloid cell,CD170
bone marrow,Myeloid cell,CD177
bone marrow,Myeloid cell,CD178
bone marrow,Myeloid cell,CD182
bone marrow,Myeloid cell,CD183
bone marrow,Myeloid cell,CD19
bone marrow,Myeloid cell,CD192
bone marrow,Myeloid cell,CD193
bone marrow,Myeloid cell,CD194
bone marrow,Myeloid cell,CD195
bone marrow,Myeloid cell,CD198
bone marrow,Myeloid cell,CD1D
bone marrow,Myeloid cell,CD1D1
bone marrow,Myeloid cell,CD200R
bone marrow,Myeloid cell,CD203C
bone marrow,Myeloid cell,CD205
bone marrow,Myeloid cell,CD206
bone marrow,Myeloid cell,CD212
bone marrow,Myeloid cell,CD217
bone marrow,Myeloid cell,CD218 ALPHA
bone marrow,Myeloid cell,CD218A
bone marrow,Myeloid cell,CD23
bone marrow,Myeloid cell,CD24
bone marrow,Myeloid cell,CD244
bone marrow,Myeloid cell,CD244A
bone marrow,Myeloid cell,CD25
bone marrow,Myeloid cell,CD273
bone marrow,Myeloid cell,CD282
bone marrow,Myeloid cell,CD284
bone marrow,Myeloid cell,CD289
bone marrow,Myeloid cell,CD294
bone marrow,Myeloid cell,CD3
bone marrow,Myeloid cell,CD31
bone marrow,Myeloid cell,CD32
bone marrow,Myeloid cell,CD33
bone marrow,Myeloid cell,CD34
bone marrow,Myeloid cell,CD35
bone marrow,Myeloid cell,CD357
bone marrow,Myeloid cell,CD38
bone marrow,Myeloid cell,CD3E
bone marrow,Myeloid cell,CD4
bone marrow,Myeloid cell,CD40
bone marrow,Myeloid cell,CD41
bone marrow,Myeloid cell,CD43
bone marrow,Myeloid cell,CD44
bone marrow,Myeloid cell,CD45
bone marrow,Myeloid cell,CD45RA
bone marrow,Myeloid cell,CD45RO
bone marrow,Myeloid cell,CD48
bone marrow,Myeloid cell,CD49B
bone marrow,Myeloid cell,CD49D
bone marrow,Myeloid cell,CD49F
bone marrow,Myeloid cell,CD51
bone marrow,Myeloid cell,CD52
bone marrow,Myeloid cell,CD53
bone marrow,Myeloid cell,CD62L
bone marrow,Myeloid cell,CD64
bone marrow,Myeloid cell,CD66B
bone marrow,Myeloid cell,CD68
bone marrow,Myeloid cell,CD69
bone marrow,Myeloid cell,CD78
bone marrow,Myeloid cell,CD80
bone marrow,Myeloid cell,CD81
bone marrow,Myeloid cell,CD84
bone marrow,Myeloid cell,CD86
bone marrow,Myeloid cell,CD87
bone marrow,Myeloid cell,CD9
bone marrow,Myeloid cell,CD90
bone marrow,Myeloid cell,CD93
bone marrow,Myeloid cell,CDK2AP2
bone marrow,Myeloid cell,CEACAM8
bone marrow,Myeloid cell,CLEC4A3
bone marrow,Myeloid cell,CLIC1
bone marrow,Myeloid cell,CORO1A
bone marrow,Myeloid cell,COTL1
bone marrow,Myeloid cell,CRIP1
bone marrow,Myeloid cell,CSF1R
bone marrow,Myeloid cell,CSF2RA
bone marrow,Myeloid cell,CST3
bone marrow,Myeloid cell,CTSB
bone marrow,Myeloid cell,CTSC
bone marrow,Myeloid cell,CTSH
bone marrow,Myeloid cell,CTSS
bone marrow,Myeloid cell,CX3CR1
bone marrow,Myeloid cell,CXCR2
bone marrow,Myeloid cell,CXCR3
bone marrow,Myeloid cell,CYBA
bone marrow,Myeloid cell,CYBB
bone marrow,Myeloid cell,CYTIP
bone marrow,Myeloid cell,DECTIN-1
bone marrow,Myeloid cell,DUSP1
bone marrow,Myeloid cell,EMB
bone marrow,Myeloid cell,EMP3
bone marrow,Myeloid cell,F13A1
bone marrow,Myeloid cell,F4/80
bone marrow,Myeloid cell,FC-EPSILON R1-ALPHA
bone marrow,Myeloid cell,FC-EPSILON RI-ALPHA
bone marrow,Myeloid cell,FCER1G
bone marrow,Myeloid cell,FLT3
bone marrow,Myeloid cell,FOS
bone marrow,Myeloid cell,FTL1
bone marrow,Myeloid cell,FUT4
bone marrow,Myeloid cell,FXYD5
bone marrow,Myeloid cell,GM2A
bone marrow,Myeloid cell,GMFG
bone marrow,Myeloid cell,GNAI2
bone marrow,Myeloid cell,GPX1
bone marrow,Myeloid cell,GR-1
bone marrow,Myeloid cell,GRN
bone marrow,Myeloid cell,GSR
bone marrow,Myeloid cell,H2-D1
bone marrow,Myeloid cell,H2-DMA
bone marrow,Myeloid cell,H2-K1
bone marrow,Myeloid cell,HP
bone marrow,Myeloid cell,I830127L07RIK
bone marrow,Myeloid cell,IFI27L2A
bone marrow,Myeloid cell,IFI30
bone marrow,Myeloid cell,IFITM3
bone marrow,Myeloid cell,IFITM6
bone marrow,Myeloid cell,IL-1R
bone marrow,Myeloid cell,IL-1R1
bone marrow,Myeloid cell,IL-1R2
bone marrow,Myeloid cell,IL17RA
bone marrow,Myeloid cell,IL18R1
bone marrow,Myeloid cell,IL1R1
bone marrow,Myeloid cell,INOS
bone marrow,Myeloid cell,IRF8
bone marrow,Myeloid cell,ITGA4
bone marrow,Myeloid cell,ITGAM
bone marrow,Myeloid cell,ITM2B
bone marrow,Myeloid cell,LAPTM5
bone marrow,Myeloid cell,LGALS3
bone marrow,Myeloid cell,LILRB4A
bone marrow,Myeloid cell,LSP1
bone marrow,Myeloid cell,LST1
bone marrow,Myeloid cell,LY6A
bone marrow,Myeloid cell,LY6A2
bone marrow,Myeloid cell,LY6C
bone marrow,Myeloid cell,LY6C1
bone marrow,Myeloid cell,LY6C2
bone marrow,Myeloid cell,LY6E
bone marrow,Myeloid cell,LY6G
bone marrow,Myeloid cell,LYZ2
bone marrow,Myeloid cell,MARCO
bone marrow,Myeloid cell,MHC CLASS II
bone marrow,Myeloid cell,MPEG1
bone marrow,Myeloid cell,MS4A4C
bone marrow,Myeloid cell,MS4A6B
bone marrow,Myeloid cell,MS4A6C
bone marrow,Myeloid cell,MSRB1
bone marrow,Myeloid cell,NAPSA
bone marrow,Myeloid cell,NPC2
bone marrow,Myeloid cell,PDCD1LG2
bone marrow,Myeloid cell,PLAC8
bone marrow,Myeloid cell,PLD4
bone marrow,Myeloid cell,PRDX5
bone marrow,Myeloid cell,PRKCD
bone marrow,Myeloid cell,PSAP
bone marrow,Myeloid cell,PSMB8
bone marrow,Myeloid cell,PTGDR2
bone marrow,Myeloid cell,PTPN18
bone marrow,Myeloid cell,RAC2
bone marrow,Myeloid cell,RGS2
bone marrow,Myeloid cell,S100A4
bone marrow,Myeloid cell,S100A6
bone marrow,Myeloid cell,SAMHD1
bone marrow,Myeloid cell,SAT1
bone marrow,Myeloid cell,SCA-1
bone marrow,Myeloid cell,SH3BGRL3
bone marrow,Myeloid cell,SHISA5
bone marrow,Myeloid cell,SIGLEC-F
bone marrow,Myeloid cell,SIGLEC5
bone marrow,Myeloid cell,SIGLEC8
bone marrow,Myeloid cell,SMPDL3A
bone marrow,Myeloid cell,SPI1
bone marrow,Myeloid cell,SRGN
bone marrow,Myeloid cell,ST2
bone marrow,Myeloid cell,TAGLN2
bone marrow,Myeloid cell,TALDO1
bone marrow,Myeloid cell,TCR ALPHA/BETA
bone marrow,Myeloid cell,TLR2
bone marrow,Myeloid cell,TLR4
bone marrow,Myeloid cell,TLR9
bone marrow,Myeloid cell,TMSB10
bone marrow,Myeloid cell,TMSB4X
bone marrow,Myeloid cell,TNFRSF18
bone marrow,Myeloid cell,TSPO
bone marrow,Myeloid cell,TYROBP
bone marrow,Myeloid cell,UCP2
bone marrow,Myeloid cell,VEGF
bone marrow,Myeloid cell,VIM
bone marrow,Myeloid cell,WFDC17
bone marrow,Myeloid cell,ZAP70
bone marrow,Myeloid cell,ZFP36
bone marrow,Myeloid cell,ZYX
bone marrow,Myeloid dendritic cell,BATF3
bone marrow,Myeloid dendritic cell,BDCA1
bone marrow,Myeloid dendritic cell,BTLA
bone marrow,Myeloid dendritic cell,CADM1
bone marrow,Myeloid dendritic cell,CD11B
bone marrow,Myeloid dendritic cell,CD11C
bone marrow,Myeloid dendritic cell,CD141
bone marrow,Myeloid dendritic cell,CD1C
bone marrow,Myeloid dendritic cell,CD2
bone marrow,Myeloid dendritic cell,CD226
bone marrow,Myeloid dendritic cell,CD26
bone marrow,Myeloid dendritic cell,CD33
bone marrow,Myeloid dendritic cell,CLEC10A
bone marrow,Myeloid dendritic cell,CLEC4A
bone marrow,Myeloid dendritic cell,CLEC9A
bone marrow,Myeloid dendritic cell,CLNK
bone marrow,Myeloid dendritic cell,DCIR
bone marrow,Myeloid dendritic cell,DNAM-1
bone marrow,Myeloid dendritic cell,DNASE1L3
bone marrow,Myeloid dendritic cell,DPP4
bone marrow,Myeloid dendritic cell,ENHO
bone marrow,Myeloid dendritic cell,FC-EPSILON RI-ALPHA
bone marrow,Myeloid dendritic cell,FCER1A
bone marrow,Myeloid dendritic cell,IDO1
bone marrow,Myeloid dendritic cell,IFI30
bone marrow,Myeloid dendritic cell,IGSF6
bone marrow,Myeloid dendritic cell,IL13RA1
bone marrow,Myeloid dendritic cell,ILT1
bone marrow,Myeloid dendritic cell,ITGAM
bone marrow,Myeloid dendritic cell,ITGAX
bone marrow,Myeloid dendritic cell,LGALS2
bone marrow,Myeloid dendritic cell,LILRA2
bone marrow,Myeloid dendritic cell,PLBD1
bone marrow,Myeloid dendritic cell,SIRPA
bone marrow,Myeloid dendritic cell,TACSTD2
bone marrow,Myeloid dendritic cell,THBD
bone marrow,Myeloid dendritic cell,WFDC21P
bone marrow,Myeloid dendritic cell,XCR1
bone marrow,Myeloid progenitor cell,B220
bone marrow,Myeloid progenitor cell,C-KIT
bone marrow,Myeloid progenitor cell,CD11B
bone marrow,Myeloid progenitor cell,CD19
bone marrow,Myeloid progenitor cell,CD3
bone marrow,Myeloid progenitor cell,CD34
bone marrow,Myeloid progenitor cell,CD3D
bone marrow,Myeloid progenitor cell,CD3E
bone marrow,Myeloid progenitor cell,CD3G
bone marrow,Myeloid progenitor cell,CD4
bone marrow,Myeloid progenitor cell,CD8
bone marrow,Myeloid progenitor cell,CD8A
bone marrow,Myeloid progenitor cell,FCGR
bone marrow,Myeloid progenitor cell,GR-1
bone marrow,Myeloid progenitor cell,GSR
bone marrow,Myeloid progenitor cell,ITGAM
bone marrow,Myeloid progenitor cell,KIT
bone marrow,Myeloid progenitor cell,LY6A
bone marrow,Myeloid progenitor cell,LY6G
bone marrow,Myeloid progenitor cell,LY76
bone marrow,Myeloid progenitor cell,PTPRC
bone marrow,Myeloid progenitor cell,SCA1
bone marrow,Myeloid progenitor cell,TER119
bone marrow,Natural killer cell,B3GNT7
bone marrow,Natural killer cell,CCL4
bone marrow,Natural killer cell,CCL5
bone marrow,Natural killer cell,CD11C
bone marrow,Natural killer cell,CD160
bone marrow,Natural killer cell,CD247
bone marrow,Natural killer cell,CEBPA
bone marrow,Natural killer cell,ETV6
bone marrow,Natural killer cell,FCRL6
bone marrow,Natural killer cell,FGFBP2
bone marrow,Natural killer cell,FOXP1
bone marrow,Natural killer cell,GZMA
bone marrow,Natural killer cell,GZMB
bone marrow,Natural killer cell,GZMH
bone marrow,Natural killer cell,IL18RAP
bone marrow,Natural killer cell,IL2RB
bone marrow,Natural killer cell,ITGAX
bone marrow,Natural killer cell,KLRC1
bone marrow,Natural killer cell,KLRC2
bone marrow,Natural killer cell,KLRD1
bone marrow,Natural killer cell,KLRF1
bone marrow,Natural killer cell,LAIR2
bone marrow,Natural killer cell,MPO
bone marrow,Natural killer cell,NCAM1
bone marrow,Natural killer cell,NCR1
bone marrow,Natural killer cell,PRF1
bone marrow,Natural killer cell,PRSS23
bone marrow,Natural killer cell,PTGDR
bone marrow,Natural killer cell,PU.1
bone marrow,Natural killer cell,S1PR5
bone marrow,Natural killer cell,SH2D1B
bone marrow,Natural killer cell,SH2D1B1
bone marrow,Natural killer cell,SPI1
bone marrow,Natural killer cell,SPTSSB
bone marrow,Natural killer cell,STAT3
bone marrow,Natural killer cell,TBX21
bone marrow,Natural killer cell,TNFRSF18
bone marrow,Natural killer cell,TRDC
bone marrow,Natural killer cell,TYMS
bone marrow,Natural killer cell,XCL1
bone marrow,Natural killer cell,XCL2
bone marrow,Neutrophil,ADAM8
bone marrow,Neutrophil,ADPGK
bone marrow,Neutrophil,ARG2
bone marrow,Neutrophil,ASPRV1
bone marrow,Neutrophil,AZU1
bone marrow,Neutrophil,BST1
bone marrow,Neutrophil,C5AR1
bone marrow,Neutrophil,CA1
bone marrow,Neutrophil,CAMP
bone marrow,Neutrophil,CAR1
bone marrow,Neutrophil,CCL3
bone marrow,Neutrophil,CCL6
bone marrow,Neutrophil,CCL9
bone marrow,Neutrophil,CCR1
bone marrow,Neutrophil,CCRL2
bone marrow,Neutrophil,CD14
bone marrow,Neutrophil,CD177
bone marrow,Neutrophil,CD24
bone marrow,Neutrophil,CD33
bone marrow,Neutrophil,CEACAM1
bone marrow,Neutrophil,CEACAM8
bone marrow,Neutrophil,CFP
bone marrow,Neutrophil,CHIL3
bone marrow,Neutrophil,CLEC4D
bone marrow,Neutrophil,CLEC4E
bone marrow,Neutrophil,CRP
bone marrow,Neutrophil,CSF3R
bone marrow,Neutrophil,CTSG
bone marrow,Neutrophil,CXCL2
bone marrow,Neutrophil,CXCR1
bone marrow,Neutrophil,CXCR2
bone marrow,Neutrophil,DEFA1
bone marrow,Neutrophil,DEFA2
bone marrow,Neutrophil,DEFA3
bone marrow,Neutrophil,DOCK8
bone marrow,Neutrophil,ELANE
bone marrow,Neutrophil,FCGR1A
bone marrow,Neutrophil,FCGR3A
bone marrow,Neutrophil,FCGR4
bone marrow,Neutrophil,FUT4
bone marrow,Neutrophil,HDC
bone marrow,Neutrophil,HP
bone marrow,Neutrophil,IL1B
bone marrow,Neutrophil,IL1R2
bone marrow,Neutrophil,ITGAM
bone marrow,Neutrophil,ITGAX
bone marrow,Neutrophil,JAML
bone marrow,Neutrophil,LCN2
bone marrow,Neutrophil,LRG1
bone marrow,Neutrophil,LTF
bone marrow,Neutrophil,LY6G
bone marrow,Neutrophil,LYST
bone marrow,Neutrophil,LYZ
bone marrow,Neutrophil,LYZ1
bone marrow,Neutrophil,MME
bone marrow,Neutrophil,MMP8
bone marrow,Neutrophil,MMP9
bone marrow,Neutrophil,MPO
bone marrow,Neutrophil,MRGPRA2B
bone marrow,Neutrophil,MYLK
bone marrow,Neutrophil,NCF1
bone marrow,Neutrophil,NGP
bone marrow,Neutrophil,NLRP3
bone marrow,Neutrophil,NR1I3
bone marrow,Neutrophil,OAS3
bone marrow,Neutrophil,OSM
bone marrow,Neutrophil,PECAM1
bone marrow,Neutrophil,PILRA
bone marrow,Neutrophil,PRTN3
bone marrow,Neutrophil,PSTPIP1
bone marrow,Neutrophil,PTGS2
bone marrow,Neutrophil,RETNLG
bone marrow,Neutrophil,S100A4
bone marrow,Neutrophil,S100A8
bone marrow,Neutrophil,S100A9
bone marrow,Neutrophil,SELL
bone marrow,Neutrophil,SERPINB1
bone marrow,Neutrophil,SLC1A5
bone marrow,Neutrophil,SNX20
bone marrow,Neutrophil,SORL1
bone marrow,Neutrophil,STFA2L1
bone marrow,Neutrophil,TLR2
bone marrow,Neutrophil,TREM1
bone marrow,Neutrophil,TREM3
bone marrow,Osteoclast precursor cell,CD115
bone marrow,Osteoclast precursor cell,CD117
bone marrow,Osteoclast precursor cell,CD11B
bone marrow,Osteoclast precursor cell,CD3
bone marrow,Osteoclast precursor cell,CD3D
bone marrow,Osteoclast precursor cell,CD3E
bone marrow,Osteoclast precursor cell,CD3G
bone marrow,Osteoclast precursor cell,CD45R
bone marrow,Osteoclast precursor cell,CSF1R
bone marrow,Osteoclast precursor cell,ITGAM
bone marrow,Osteoclast precursor cell,KIT
bone marrow,Osteoclast precursor cell,PTPRC
bone marrow,Plasma cell,CD117
bone marrow,Plasma cell,CD138
bone marrow,Plasma cell,CD229
bone marrow,Plasma cell,CD269
bone marrow,Plasma cell,CD319
bone marrow,Plasma cell,CD54
bone marrow,Plasma cell,FCRL5
bone marrow,Plasma cell,ICAM1
bone marrow,Plasma cell,IGKV1-5
bone marrow,Plasma cell,IGLC6
bone marrow,Plasma cell,IGLC7
bone marrow,Plasma cell,IGLV3-1
bone marrow,Plasma cell,IGLV6-57
bone marrow,Plasma cell,JSRP1
bone marrow,Plasma cell,KIT
bone marrow,Plasma cell,LY9
bone marrow,Plasma cell,SDC1
bone marrow,Plasma cell,SLAMF7
bone marrow,Plasma cell,TNFRSF13B
bone marrow,Plasma cell,TNFRSF17
bone marrow,Plasmacytoid dendritic cell,ASIP
bone marrow,Plasmacytoid dendritic cell,BDCA-4
bone marrow,Plasmacytoid dendritic cell,BDCA2
bone marrow,Plasmacytoid dendritic cell,CD123
bone marrow,Plasmacytoid dendritic cell,CD303
bone marrow,Plasmacytoid dendritic cell,CD304
bone marrow,Plasmacytoid dendritic cell,CLEC4C
bone marrow,Plasmacytoid dendritic cell,DR6
bone marrow,Plasmacytoid dendritic cell,FC-EPSILON RI-ALPHA
bone marrow,Plasmacytoid dendritic cell,FCER1A
bone marrow,Plasmacytoid dendritic cell,IL3RA
bone marrow,Plasmacytoid dendritic cell,ILT3
bone marrow,Plasmacytoid dendritic cell,ILT7
bone marrow,Plasmacytoid dendritic cell,LILRA4
bone marrow,Plasmacytoid dendritic cell,LILRB4
bone marrow,Plasmacytoid dendritic cell,LILRB4A
bone marrow,Plasmacytoid dendritic cell,LRRC26
bone marrow,Plasmacytoid dendritic cell,NRP1
bone marrow,Plasmacytoid dendritic cell,PARD3
bone marrow,Plasmacytoid dendritic cell,PPM1J
bone marrow,Plasmacytoid dendritic cell,PROC
bone marrow,Plasmacytoid dendritic cell,PTCRA
bone marrow,Plasmacytoid dendritic cell,SCAMP5
bone marrow,Plasmacytoid dendritic cell,SCT
bone marrow,Plasmacytoid dendritic cell,SHD
bone marrow,Plasmacytoid dendritic cell,SIGLECH
bone marrow,Plasmacytoid dendritic cell,TNFRSF21
bone marrow,Platelet,C2ORF88
bone marrow,Platelet,CD31
bone marrow,Platelet,DAB2
bone marrow,Platelet,F13A1
bone marrow,Platelet,GP9
bone marrow,Platelet,PECAM1
bone marrow,Platelet,PF4
bone marrow,Platelet,PPBP
bone marrow,Platelet,RGS18
bone marrow,Platelet,RUFY1
bone marrow,Platelet,SPARC
bone marrow,Platelet,TMEM40
bone marrow,Precursor plasmacytoid dendritic cell,IRF8
bone marrow,Precursor plasmacytoid dendritic cell,LILRA4
bone marrow,Precursor plasmacytoid dendritic cell,LILRB4
bone marrow,Precursor plasmacytoid dendritic cell,LILRB4A
bone marrow,Precursor plasmacytoid dendritic cell,PLD4
bone marrow,Precursor plasmacytoid dendritic cell,PTPRS
bone marrow,Precursor plasmacytoid dendritic cell,SCT
bone marrow,Precursor plasmacytoid dendritic cell,SHD
bone marrow,Precursor plasmacytoid dendritic cell,SPIB
bone marrow,Precursor plasmacytoid dendritic cell,TNFRSF21
bone marrow,Precursor plasmacytoid dendritic cell,TNNI2
bone marrow,T cell,CD3D
bone marrow,T cell,CST7
bone marrow,T cell,GZMA
bone marrow,T cell,GZMK
bone marrow,T cell,KLRB1
bone marrow,T cell,KLRG1
bone marrow,T cell,LYAR
bone marrow,T cell,NKG7
bone marrow,T cell,TRDC
bone marrow,T cell,TRGC2
brain,Adrenergic neurons,DBH
brain,Adrenergic neurons,DDC
brain,Adrenergic neurons,NPFF
brain,Adrenergic neurons,PNMT
brain,Adrenergic neurons,SLC12A7
brain,Adrenergic neurons,SLC18A2
brain,Adrenergic neurons,SYT1
brain,Adrenergic neurons,TH
brain,Anterior pituitary gland cell,AGA
brain,Anterior pituitary gland cell,ANGPT1
brain,Anterior pituitary gland cell,ASB4
brain,Anterior pituitary gland cell,CHGA
brain,Anterior pituitary gland cell,CPEB4
brain,Anterior pituitary gland cell,DDX26B
brain,Anterior pituitary gland cell,FGF10
brain,Anterior pituitary gland cell,FSHB
brain,Anterior pituitary gland cell,GH
brain,Anterior pituitary gland cell,GH1
brain,Anterior pituitary gland cell,GMPPA
brain,Anterior pituitary gland cell,GNB3
brain,Anterior pituitary gland cell,GNRHR
brain,Anterior pituitary gland cell,HEPACAM2
brain,Anterior pituitary gland cell,IGSF1
brain,Anterior pituitary gland cell,LHB
brain,Anterior pituitary gland cell,MEST
brain,Anterior pituitary gland cell,NKTR
brain,Anterior pituitary gland cell,NKX2-1
brain,Anterior pituitary gland cell,NUCB2
brain,Anterior pituitary gland cell,PAX7
brain,Anterior pituitary gland cell,PCSK1
brain,Anterior pituitary gland cell,PITX1
brain,Anterior pituitary gland cell,PITX2
brain,Anterior pituitary gland cell,POMC
brain,Anterior pituitary gland cell,POU1F1
brain,Anterior pituitary gland cell,PRL
brain,Anterior pituitary gland cell,RAB27A
brain,Anterior pituitary gland cell,RAX
brain,Anterior pituitary gland cell,RCN3
brain,Anterior pituitary gland cell,SEZ6L2
brain,Anterior pituitary gland cell,SIX6
brain,Anterior pituitary gland cell,TBRG1
brain,Anterior pituitary gland cell,TMEM130
brain,Anterior pituitary gland cell,TRIM30B
brain,Anterior pituitary gland cell,TSHB
brain,Astrocyte,AANAT
brain,Astrocyte,ACSBG1
brain,Astrocyte,ACSL6
brain,Astrocyte,ADGRV1
brain,Astrocyte,AGT
brain,Astrocyte,ALDH1L1
brain,Astrocyte,ALDOC
brain,Astrocyte,APOE
brain,Astrocyte,AQP4
brain,Astrocyte,ARHGAP24
brain,Astrocyte,BYSL
brain,Astrocyte,CCR7
brain,Astrocyte,CD40
brain,Astrocyte,CLDN10
brain,Astrocyte,CMTM5
brain,Astrocyte,COL5A3
brain,Astrocyte,CST3
brain,Astrocyte,DIO2
brain,Astrocyte,ENTPD2
brain,Astrocyte,ETS1
brain,Astrocyte,FABP7
brain,Astrocyte,FGFR3
brain,Astrocyte,FZD2
brain,Astrocyte,GFAP
brain,Astrocyte,GJA1
brain,Astrocyte,GJB6
brain,Astrocyte,GPC5
brain,Astrocyte,GPR37L1
brain,Astrocyte,GSTA4
brain,Astrocyte,HMG20A
brain,Astrocyte,HPSE2
brain,Astrocyte,HSPA2
brain,Astrocyte,HSPB6
brain,Astrocyte,HTRA1
brain,Astrocyte,IL23A
brain,Astrocyte,ITIH3
brain,Astrocyte,LCAT
brain,Astrocyte,LCN2
brain,Astrocyte,LUZP2
brain,Astrocyte,NFATC3
brain,Astrocyte,NKAIN4
brain,Astrocyte,NTSR2
brain,Astrocyte,PLA2G7
brain,Astrocyte,PLPP3
brain,Astrocyte,PLXNB1
brain,Astrocyte,RLBP1
brain,Astrocyte,RMST
brain,Astrocyte,RNF219.AS1
brain,Astrocyte,RORB
brain,Astrocyte,S100A8
brain,Astrocyte,S1PR1
brain,Astrocyte,SLC16A2
brain,Astrocyte,SLC1A2
brain,Astrocyte,SLC1A3
brain,Astrocyte,SLC1A6
brain,Astrocyte,SLC25A28
brain,Astrocyte,SLC25A46
brain,Astrocyte,SLC39A12
brain,Astrocyte,SLC4A4
brain,Astrocyte,SLC6A11
brain,Astrocyte,SLC7A10
brain,Astrocyte,SLIT1
brain,Astrocyte,SNPH
brain,Astrocyte,SOCS3
brain,Astrocyte,SOX9
brain,Astrocyte,SRR
brain,Astrocyte,SYNE1
brain,Astrocyte,SYNM
brain,Astrocyte,TEAD1
brain,Astrocyte,TRIL
brain,Astrocyte,VIM
brain,Astrocyte,WDR17
brain,Astrocyte,WNT3
brain,B cell,ABCB4
brain,B cell,B3GAT1
brain,B cell,BACH2
brain,B cell,BANK1
brain,B cell,BCL11A
brain,B cell,BIRC3
brain,B cell,BLNK
brain,B cell,BST1
brain,B cell,BTLA
brain,B cell,CCR7
brain,B cell,CD14
brain,B cell,CD19
brain,B cell,CD2
brain,B cell,CD22
brain,B cell,CD24
brain,B cell,CD27
brain,B cell,CD37
brain,B cell,CD38
brain,B cell,CD40
brain,B cell,CD5
brain,B cell,CD52
brain,B cell,CD55
brain,B cell,CD69
brain,B cell,CD70
brain,B cell,CD72
brain,B cell,CD74
brain,B cell,CD79A
brain,B cell,CD79B
brain,B cell,CD80
brain,B cell,CD86
brain,B cell,CMAH
brain,B cell,CMAHP
brain,B cell,CR2
brain,B cell,CRELD2
brain,B cell,CXCR4
brain,B cell,DERL3
brain,B cell,DNTT
brain,B cell,DOK3
brain,B cell,EAF2
brain,B cell,EBF1
brain,B cell,EDEM1
brain,B cell,EDEM2
brain,B cell,FAM129C
brain,B cell,FAM46C
brain,B cell,FCER2
brain,B cell,FCER2A
brain,B cell,FCHSD2
brain,B cell,FCMR
brain,B cell,FCRL1
brain,B cell,FCRL2
brain,B cell,FCRLA
brain,B cell,FCRLB
brain,B cell,FKBP11
brain,B cell,FLI1
brain,B cell,H2-DMB2
brain,B cell,H2-OA
brain,B cell,H2-OB
brain,B cell,HLA-DQA1
brain,B cell,HLA-DRA
brain,B cell,HMGA1
brain,B cell,HVCN1
brain,B cell,IFIT3
brain,B cell,IGHA
brain,B cell,IGHD
brain,B cell,IGHG1
brain,B cell,IGHG3
brain,B cell,IGHG4
brain,B cell,IGHM
brain,B cell,IGKC
brain,B cell,IGLC1
brain,B cell,IGLC2
brain,B cell,IGLC3
brain,B cell,IGLL1
brain,B cell,IGLV1
brain,B cell,IL21R
brain,B cell,JCHAIN
brain,B cell,KLHL6
brain,B cell,LAIR1
brain,B cell,LRMP
brain,B cell,LTB
brain,B cell,LY6D
brain,B cell,MME
brain,B cell,MS4A1
brain,B cell,MSH5
brain,B cell,MUM1
brain,B cell,MZB1
brain,B cell,PAX5
brain,B cell,PDCD1
brain,B cell,POLD4
brain,B cell,POU2AF1
brain,B cell,PTPRC
brain,B cell,PXK
brain,B cell,RALGPS2
brain,B cell,RASGRP3
brain,B cell,SCD1
brain,B cell,SDC1
brain,B cell,SEC61A1
brain,B cell,SEMA6D
brain,B cell,SIGLECG
brain,B cell,SLAMF6
brain,B cell,SMAP2
brain,B cell,SPCS3
brain,B cell,SPIB
brain,B cell,SPN
brain,B cell,SWAP70
brain,B cell,TLR9
brain,B cell,TNFRSF13B
brain,B cell,TNFRSF13C
brain,B cell,TNFRSF17
brain,B cell,TNFRSF9
brain,B cell,TNFSF4
brain,B cell,TRP53INP1
brain,B cell,TXNDC11
brain,B cell,VPREB1
brain,B cell,VPREB2
brain,B cell,VPREB3
brain,Basket cell,1190002N15RIK
brain,Basket cell,CARTPT
brain,Basket cell,COX6A2
brain,Basket cell,DIPK2A
brain,Basket cell,EIF5A2
brain,Basket cell,ESRRG
brain,Basket cell,ETV6
brain,Basket cell,FAM43A
brain,Basket cell,HADHB
brain,Basket cell,HAPLN4
brain,Basket cell,IQGAP2
brain,Basket cell,KCNJ9
brain,Basket cell,MITF
brain,Basket cell,MOXD1
brain,Basket cell,NEFH
brain,Basket cell,NOG
brain,Basket cell,NXPH2
brain,Basket cell,PRSS23
brain,Basket cell,SLIT2
brain,Basket cell,SLIT3
brain,Basket cell,ST6GALNAC5
brain,Basket cell,SYT2
brain,Basket cell,TAC1
brain,Basket cell,VAMP1
brain,Bergmann glial cell,A2M
brain,Bergmann glial cell,ACSBG1
brain,Bergmann glial cell,ALDH1L1
brain,Bergmann glial cell,AQP4
brain,Bergmann glial cell,ARHGEF26
brain,Bergmann glial cell,ARHGEF4
brain,Bergmann glial cell,ATP7A
brain,Bergmann glial cell,BICD2
brain,Bergmann glial cell,BMPR1B
brain,Bergmann glial cell,BTBD17
brain,Bergmann glial cell,CDC42EP4
brain,Bergmann glial cell,COL23A1
brain,Bergmann glial cell,DAO
brain,Bergmann glial cell,EDNRB
brain,Bergmann glial cell,EGFR
brain,Bergmann glial cell,EMID1
brain,Bergmann glial cell,EPS15
brain,Bergmann glial cell,FABP7
brain,Bergmann glial cell,FBXL7
brain,Bergmann glial cell,FGFR1
brain,Bergmann glial cell,GDF10
brain,Bergmann glial cell,GFAP
brain,Bergmann glial cell,GJA1
brain,Bergmann glial cell,GJB6
brain,Bergmann glial cell,GLI2
brain,Bergmann glial cell,GLI3
brain,Bergmann glial cell,GM3764
brain,Bergmann glial cell,GPM6B
brain,Bergmann glial cell,GPR37L1
brain,Bergmann glial cell,GREB1L
brain,Bergmann glial cell,GRIA1
brain,Bergmann glial cell,GRIA4
brain,Bergmann glial cell,GRID2
brain,Bergmann glial cell,GRIN2B
brain,Bergmann glial cell,GRIN3A
brain,Bergmann glial cell,GRM3
brain,Bergmann glial cell,GSAP
brain,Bergmann glial cell,HEPACAM
brain,Bergmann glial cell,HOPX
brain,Bergmann glial cell,ITGB1
brain,Bergmann glial cell,ITIH3
brain,Bergmann glial cell,KIF1BP
brain,Bergmann glial cell,LRIG1
brain,Bergmann glial cell,LUZP2
brain,Bergmann glial cell,MCC
brain,Bergmann glial cell,MEGF10
brain,Bergmann glial cell,MEIS1
brain,Bergmann glial cell,METRN
brain,Bergmann glial cell,NHSL1
brain,Bergmann glial cell,NPAS3
brain,Bergmann glial cell,NRXN3
brain,Bergmann glial cell,NTSR2
brain,Bergmann glial cell,NWD1
brain,Bergmann glial cell,P2RX7
brain,Bergmann glial cell,P2RY1
brain,Bergmann glial cell,PAQR8
brain,Bergmann glial cell,PAX3
brain,Bergmann glial cell,PCX
brain,Bergmann glial cell,PDE3A
brain,Bergmann glial cell,PDZRN3
brain,Bergmann glial cell,PLA2G7
brain,Bergmann glial cell,PLCE1
brain,Bergmann glial cell,PLPP3
brain,Bergmann glial cell,PPAP2B
brain,Bergmann glial cell,PREX1
brain,Bergmann glial cell,PREX2
brain,Bergmann glial cell,PTCH1
brain,Bergmann glial cell,RFX4
brain,Bergmann glial cell,RGMA
brain,Bergmann glial cell,S100B
brain,Bergmann glial cell,SFXN5
brain,Bergmann glial cell,SH3PXD2B
brain,Bergmann glial cell,SHROOM3
brain,Bergmann glial cell,SLC1A2
brain,Bergmann glial cell,SLC1A3
brain,Bergmann glial cell,SLC4A4
brain,Bergmann glial cell,SNED1
brain,Bergmann glial cell,SPARCL1
brain,Bergmann glial cell,STK32A
brain,Bergmann glial cell,TCF7L1
brain,Bergmann glial cell,TNC
brain,Bergmann glial cell,TTC21B
brain,Bergmann glial cell,UFL1
brain,Bergmann glial cell,USP6NL
brain,Bergmann glial cell,VCAN
brain,Bergmann glial cell,VIM
brain,Bergmann glial cell,ZEB2
brain,CCK basket cell,AGO2
brain,CCK basket cell,CADPS2
brain,CCK basket cell,CCND3
brain,CCK basket cell,CNR1
brain,CCK basket cell,COL15A1
brain,CCK basket cell,CRYAB
brain,CCK basket cell,CXCL14
brain,CCK basket cell,EGLN3
brain,CCK basket cell,EIF2C2
brain,CCK basket cell,EPS8
brain,CCK basket cell,FAM163A
brain,CCK basket cell,IL4RA
brain,CCK basket cell,JAM2
brain,CCK basket cell,KCNF1
brain,CCK basket cell,LARP1B
brain,CCK basket cell,LDB2
brain,CCK basket cell,MXD1
brain,CCK basket cell,PDE7B
brain,CCK basket cell,PNOC
brain,CCK basket cell,RAMP1
brain,CCK basket cell,SCYL2
brain,CCK basket cell,SH3BP4
brain,CCK basket cell,SLC25A29
brain,CCK basket cell,SNTB1
brain,CCK basket cell,SP8
brain,CCK basket cell,TAC1
brain,CCK basket cell,TAC2
brain,CCK basket cell,UNK
brain,CCK basket cell,USP53
brain,Cajal-Retzius cell,5330417C22RIK
brain,Cajal-Retzius cell,AATF
brain,Cajal-Retzius cell,ABCC5
brain,Cajal-Retzius cell,ACHE
brain,Cajal-Retzius cell,ANGPT1
brain,Cajal-Retzius cell,ATP13A2
brain,Cajal-Retzius cell,B3GALT1
brain,Cajal-Retzius cell,BARHL2
brain,Cajal-Retzius cell,BBX
brain,Cajal-Retzius cell,BIN1
brain,Cajal-Retzius cell,CACNA2D1
brain,Cajal-Retzius cell,CACNA2D2
brain,Cajal-Retzius cell,CALB2
brain,Cajal-Retzius cell,CAR10
brain,Cajal-Retzius cell,CCDC148
brain,Cajal-Retzius cell,CCM2
brain,Cajal-Retzius cell,CDH4
brain,Cajal-Retzius cell,CDYL
brain,Cajal-Retzius cell,CEP112
brain,Cajal-Retzius cell,CIB2
brain,Cajal-Retzius cell,CLSTN2
brain,Cajal-Retzius cell,CNR1
brain,Cajal-Retzius cell,CNRIP1
brain,Cajal-Retzius cell,CNTNAP2
brain,Cajal-Retzius cell,COBLL1
brain,Cajal-Retzius cell,DACH1
brain,Cajal-Retzius cell,DACT1
brain,Cajal-Retzius cell,DIABLO
brain,Cajal-Retzius cell,DNM3
brain,Cajal-Retzius cell,DSCAML1
brain,Cajal-Retzius cell,DYNC1I1
brain,Cajal-Retzius cell,EBF3
brain,Cajal-Retzius cell,EDIL3
brain,Cajal-Retzius cell,ELAPOR1
brain,Cajal-Retzius cell,EMX2
brain,Cajal-Retzius cell,EMX2OS
brain,Cajal-Retzius cell,EOMES
brain,Cajal-Retzius cell,EPHA3
brain,Cajal-Retzius cell,ERC2
brain,Cajal-Retzius cell,FAM196A
brain,Cajal-Retzius cell,FAM65B
brain,Cajal-Retzius cell,FAM69B
brain,Cajal-Retzius cell,FAT3
brain,Cajal-Retzius cell,FLRT3
brain,Cajal-Retzius cell,FMN1
brain,Cajal-Retzius cell,FNDC3B
brain,Cajal-Retzius cell,FRMD4B
brain,Cajal-Retzius cell,FSD1
brain,Cajal-Retzius cell,FUT9
brain,Cajal-Retzius cell,GDF5
brain,Cajal-Retzius cell,GFRA1
brain,Cajal-Retzius cell,GNL3L
brain,Cajal-Retzius cell,GPC1
brain,Cajal-Retzius cell,HAR1A
brain,Cajal-Retzius cell,HOMER2
brain,Cajal-Retzius cell,ISOC1
brain,Cajal-Retzius cell,KCNB2
brain,Cajal-Retzius cell,KCNC2
brain,Cajal-Retzius cell,KCNH7
brain,Cajal-Retzius cell,LHX1
brain,Cajal-Retzius cell,LHX1OS
brain,Cajal-Retzius cell,LHX5
brain,Cajal-Retzius cell,LINGO1
brain,Cajal-Retzius cell,LINGO2
brain,Cajal-Retzius cell,LNPK
brain,Cajal-Retzius cell,LZTFL1
brain,Cajal-Retzius cell,MAML3
brain,Cajal-Retzius cell,MAP9
brain,Cajal-Retzius cell,MAPK8
brain,Cajal-Retzius cell,MSI2
brain,Cajal-Retzius cell,NANOS1
brain,Cajal-Retzius cell,NBEA
brain,Cajal-Retzius cell,NDNF
brain,Cajal-Retzius cell,NHLH2
brain,Cajal-Retzius cell,NRG1
brain,Cajal-Retzius cell,NSMCE3
brain,Cajal-Retzius cell,NUDT2
brain,Cajal-Retzius cell,PABPN1
brain,Cajal-Retzius cell,PDZD2
brain,Cajal-Retzius cell,PLEKHA7
brain,Cajal-Retzius cell,PNOC
brain,Cajal-Retzius cell,POU6F2
brain,Cajal-Retzius cell,RAB11FIP2
brain,Cajal-Retzius cell,RALGPS2
brain,Cajal-Retzius cell,RBMS1
brain,Cajal-Retzius cell,RELN
brain,Cajal-Retzius cell,RGMB
brain,Cajal-Retzius cell,RIPOR2
brain,Cajal-Retzius cell,RNF138
brain,Cajal-Retzius cell,ROBO2
brain,Cajal-Retzius cell,SLC17A6
brain,Cajal-Retzius cell,SLC22A15
brain,Cajal-Retzius cell,SLC25A36
brain,Cajal-Retzius cell,SLC25A46
brain,Cajal-Retzius cell,SLC2A13
brain,Cajal-Retzius cell,SLITRK5
brain,Cajal-Retzius cell,SMAD1
brain,Cajal-Retzius cell,SMOC2
brain,Cajal-Retzius cell,SRGAP3
brain,Cajal-Retzius cell,ST3GAL5
brain,Cajal-Retzius cell,TBCK
brain,Cajal-Retzius cell,TBR1
brain,Cajal-Retzius cell,TCEAL1
brain,Cajal-Retzius cell,THSD7B
brain,Cajal-Retzius cell,TMEM163
brain,Cajal-Retzius cell,TMEM170B
brain,Cajal-Retzius cell,TMEM200A
brain,Cajal-Retzius cell,TRIM44
brain,Cajal-Retzius cell,TRP73
brain,Cajal-Retzius cell,UTRN
brain,Cajal-Retzius cell,WNT7B
brain,Cajal-Retzius cell,WRAP73
brain,Cajal-Retzius cell,ZCCHC12
brain,Cajal-Retzius cell,ZDBF2
brain,Cajal-Retzius cell,ZIC2
brain,Chandelier cell,CPNE5
brain,Chandelier cell,DUSP14
brain,Chandelier cell,EPB4.1L4A
brain,Chandelier cell,EPB41L4A
brain,Chandelier cell,ERRFI1
brain,Chandelier cell,FAM163B
brain,Chandelier cell,FGF13
brain,Chandelier cell,GDF10
brain,Chandelier cell,GPR12
brain,Chandelier cell,HAPLN1
brain,Chandelier cell,HS3ST4
brain,Chandelier cell,IBSP
brain,Chandelier cell,IER2
brain,Chandelier cell,IFI27
brain,Chandelier cell,IFI27L1
brain,Chandelier cell,KRT12
brain,Chandelier cell,L2HGDH
brain,Chandelier cell,MCTP2
brain,Chandelier cell,NANP
brain,Chandelier cell,NECAB2
brain,Chandelier cell,PDE3A
brain,Chandelier cell,PDLIM3
brain,Chandelier cell,PELI1
brain,Chandelier cell,PTHLH
brain,Chandelier cell,PYGM
brain,Chandelier cell,RAMP3
brain,Chandelier cell,RASGRP1
brain,Chandelier cell,TGFB3
brain,Chandelier cell,THBS1
brain,Chandelier cell,TRPS1
brain,Chandelier cell,UNC5B
brain,Chandelier cell,VCAN
brain,Cholinergic neuron,ACHE
brain,Cholinergic neuron,ACLY
brain,Cholinergic neuron,BRCA1
brain,Cholinergic neuron,CHAT
brain,Cholinergic neuron,SLC18A3
brain,Cholinergic neuron,SLC5A7
brain,Cholinergic neuron,TAC1
brain,Choroid plexus cell,AQP1
brain,Choroid plexus cell,CAR12
brain,Choroid plexus cell,CHMP1A
brain,Choroid plexus cell,CLDN1
brain,Choroid plexus cell,CLDN2
brain,Choroid plexus cell,CLIC6
brain,Choroid plexus cell,HTR2C
brain,Choroid plexus cell,KL
brain,Choroid plexus cell,PRLR
brain,Choroid plexus cell,SLC13A4
brain,Choroid plexus cell,SLC16A2
brain,Choroid plexus cell,SLC23A2
brain,Choroid plexus cell,SLC26A11
brain,Choroid plexus cell,SLC29A4
brain,Choroid plexus cell,SLC2A12
brain,Choroid plexus cell,SLC31A1
brain,Choroid plexus cell,SLC4A10
brain,Choroid plexus cell,SLC4A2
brain,Choroid plexus cell,SLC4A5
brain,Choroid plexus cell,SOSTDC1
brain,Choroid plexus cell,TTR
brain,Choroid plexus cell,WFIKKN2
brain,Dopaminergic neuron,CACNA2D2
brain,Dopaminergic neuron,CADPS2
brain,Dopaminergic neuron,CHRNA6
brain,Dopaminergic neuron,DDC
brain,Dopaminergic neuron,FOXA2
brain,Dopaminergic neuron,KCNJ6
brain,Dopaminergic neuron,LMX1B
brain,Dopaminergic neuron,MAPK8IP2
brain,Dopaminergic neuron,NEUROD6
brain,Dopaminergic neuron,NR4A2
brain,Dopaminergic neuron,NTN1
brain,Dopaminergic neuron,PITX3
brain,Dopaminergic neuron,PRKCG
brain,Dopaminergic neuron,SCN2A
brain,Dopaminergic neuron,SLC18A2
brain,Dopaminergic neuron,SLC18A3
brain,Dopaminergic neuron,SLC6A3
brain,Dopaminergic neuron,SMAD3
brain,Dopaminergic neuron,TENM1
brain,Dopaminergic neuron,TH
brain,Dopaminergic neuron,ZIM3
brain,Endothelial cell,9430020K01RIK
brain,Endothelial cell,A2M
brain,Endothelial cell,ABCB1A
brain,Endothelial cell,ABCG2
brain,Endothelial cell,ACVRL1
brain,Endothelial cell,ADGRF5
brain,Endothelial cell,ADGRL4
brain,Endothelial cell,APCDD1
brain,Endothelial cell,APOLD1
brain,Endothelial cell,BSG
brain,Endothelial cell,CA4
brain,Endothelial cell,CAR4
brain,Endothelial cell,CAVIN2
brain,Endothelial cell,CCDC141
brain,Endothelial cell,CD106
brain,Endothelial cell,CD31
brain,Endothelial cell,CD34
brain,Endothelial cell,CD93
brain,Endothelial cell,CDH5
brain,Endothelial cell,CGNL1
brain,Endothelial cell,CLDN5
brain,Endothelial cell,CLEC3B
brain,Endothelial cell,CLIC5
brain,Endothelial cell,CTLA2A
brain,Endothelial cell,CXCL12
brain,Endothelial cell,CYYR1
brain,Endothelial cell,EBF1
brain,Endothelial cell,EGFL7
brain,Endothelial cell,ELTD1
brain,Endothelial cell,EMCN
brain,Endothelial cell,ENG
brain,Endothelial cell,EPAS1
brain,Endothelial cell,ERG
brain,Endothelial cell,ESAM
brain,Endothelial cell,ETS1
brain,Endothelial cell,FLI1
brain,Endothelial cell,FLT1
brain,Endothelial cell,FN1
brain,Endothelial cell,FOXQ1
brain,Endothelial cell,FZD6
brain,Endothelial cell,GPR116
brain,Endothelial cell,HLA.E
brain,Endothelial cell,HMCN1
brain,Endothelial cell,HSPB1
brain,Endothelial cell,HSPG2
brain,Endothelial cell,IFI27
brain,Endothelial cell,IFITM3
brain,Endothelial cell,IFLTD1
brain,Endothelial cell,IGFBP7
brain,Endothelial cell,ITGA1
brain,Endothelial cell,ITGA4
brain,Endothelial cell,ITM2A
brain,Endothelial cell,JCAD
brain,Endothelial cell,KANK3
brain,Endothelial cell,KDR
brain,Endothelial cell,KITL
brain,Endothelial cell,KITLG
brain,Endothelial cell,KLF2
brain,Endothelial cell,LAMA4
brain,Endothelial cell,LEF1
brain,Endothelial cell,LMNTD1
brain,Endothelial cell,LSR
brain,Endothelial cell,LY6A
brain,Endothelial cell,LY6C1
brain,Endothelial cell,LY6C2
brain,Endothelial cell,LY75
brain,Endothelial cell,MECOM
brain,Endothelial cell,MFSD2A
brain,Endothelial cell,NOS3
brain,Endothelial cell,NOSTRIN
brain,Endothelial cell,PALMD
brain,Endothelial cell,PAQR5
brain,Endothelial cell,PCP4L1
brain,Endothelial cell,PECAM1
brain,Endothelial cell,PGLYRP1
brain,Endothelial cell,PLTP
brain,Endothelial cell,PODXL
brain,Endothelial cell,PTPRB
brain,Endothelial cell,RAMP2
brain,Endothelial cell,RASGRP3
brain,Endothelial cell,RASSF9
brain,Endothelial cell,RBPMS
brain,Endothelial cell,RGS5
brain,Endothelial cell,RHOJ
brain,Endothelial cell,SDPR
brain,Endothelial cell,SEMA3C
brain,Endothelial cell,SGMS1
brain,Endothelial cell,SLC16A1
brain,Endothelial cell,SLC22A8
brain,Endothelial cell,SLC2A1
brain,Endothelial cell,SLC40A1
brain,Endothelial cell,SLC7A1
brain,Endothelial cell,SLC7A5
brain,Endothelial cell,SLC9A3R2
brain,Endothelial cell,SLCO1A4
brain,Endothelial cell,SLCO1C1
brain,Endothelial cell,SLCO2B1
brain,Endothelial cell,SOX17
brain,Endothelial cell,SPARC
brain,Endothelial cell,SRGN
brain,Endothelial cell,ST3GAL6
brain,Endothelial cell,TEK
brain,Endothelial cell,TM4SF1
brain,Endothelial cell,VCAM1
brain,Endothelial cell,VE-CADHERIN
brain,Endothelial cell,VON WILLEBRAND FACTOR
brain,Endothelial cell,VWF
brain,Endothelial cell,WFDC1
brain,Endothelial cell,WWTR1
brain,Endothelial cell,ZFP366
brain,Ependymal cell,1700007G11RIK
brain,Ependymal cell,3300002A11RIK
brain,Ependymal cell,4930529M08RIK
brain,Ependymal cell,9330101J02RIK
brain,Ependymal cell,ACTA2
brain,Ependymal cell,ADAMTS20
brain,Ependymal cell,AK7
brain,Ependymal cell,AK8
brain,Ependymal cell,AK9
brain,Ependymal cell,ANGPTL2
brain,Ependymal cell,AQP1
brain,Ependymal cell,AQP4
brain,Ependymal cell,ARMC3
brain,Ependymal cell,CALML4
brain,Ependymal cell,CATIP
brain,Ependymal cell,CCDC108
brain,Ependymal cell,CCDC114
brain,Ependymal cell,CCDC146
brain,Ependymal cell,CCDC153
brain,Ependymal cell,CCDC162
brain,Ependymal cell,CCDC162P
brain,Ependymal cell,CCDC170
brain,Ependymal cell,CCDC180
brain,Ependymal cell,CCDC60
brain,Ependymal cell,CELSR2
brain,Ependymal cell,CETN4
brain,Ependymal cell,CFAP126
brain,Ependymal cell,CFAP299
brain,Ependymal cell,CFAP43
brain,Ependymal cell,CFAP44
brain,Ependymal cell,CFAP46
brain,Ependymal cell,CFAP54
brain,Ependymal cell,CFAP61
brain,Ependymal cell,CFAP65
brain,Ependymal cell,CHEK2
brain,Ependymal cell,CLU
brain,Ependymal cell,CROCC
brain,Ependymal cell,CRYGN
brain,Ependymal cell,DAW1
brain,Ependymal cell,DNAH10
brain,Ependymal cell,DNAH11
brain,Ependymal cell,DNAH12
brain,Ependymal cell,DNAH3
brain,Ependymal cell,DNAH5
brain,Ependymal cell,DNAH6
brain,Ependymal cell,DNAI3
brain,Ependymal cell,DRC3
brain,Ependymal cell,DYNLRB2
brain,Ependymal cell,E230008N13RIK
brain,Ependymal cell,EFHB
brain,Ependymal cell,EFNB3
brain,Ependymal cell,ENKUR
brain,Ependymal cell,FAM166B
brain,Ependymal cell,FAM183B
brain,Ependymal cell,FAM183BP
brain,Ependymal cell,FAM216B
brain,Ependymal cell,FHAD1
brain,Ependymal cell,FOXJ1
brain,Ependymal cell,GFAP
brain,Ependymal cell,GJA1
brain,Ependymal cell,GM973
brain,Ependymal cell,HDC
brain,Ependymal cell,HSPA2
brain,Ependymal cell,HYDIN
brain,Ependymal cell,IFLTD1
brain,Ependymal cell,IQCG
brain,Ependymal cell,IQCK
brain,Ependymal cell,KIF6
brain,Ependymal cell,KIF9
brain,Ependymal cell,KRT15
brain,Ependymal cell,LMNTD1
brain,Ependymal cell,LRGUK
brain,Ependymal cell,LRRC23
brain,Ependymal cell,LRRC48
brain,Ependymal cell,LRRIQ1
brain,Ependymal cell,MEIG1
brain,Ependymal cell,MIA
brain,Ependymal cell,MYB
brain,Ependymal cell,MYO16
brain,Ependymal cell,NEK11
brain,Ependymal cell,NME9
brain,Ependymal cell,ODAD1
brain,Ependymal cell,ODF3B
brain,Ependymal cell,PCP4L1
brain,Ependymal cell,PIFO
brain,Ependymal cell,PLTP
brain,Ependymal cell,PLXNB2
brain,Ependymal cell,PVALB
brain,Ependymal cell,RABL2
brain,Ependymal cell,RARRES2
brain,Ependymal cell,RFX2
brain,Ependymal cell,RGS22
brain,Ependymal cell,RIIAD1
brain,Ependymal cell,RSPH1
brain,Ependymal cell,S100B
brain,Ependymal cell,SIX3
brain,Ependymal cell,SOX9
brain,Ependymal cell,SPAG16
brain,Ependymal cell,SPAG17
brain,Ependymal cell,SPATA17
brain,Ependymal cell,SPEF2
brain,Ependymal cell,SSPO
brain,Ependymal cell,SSPOP
brain,Ependymal cell,STOML3
brain,Ependymal cell,TEKT1
brain,Ependymal cell,TEKT4
brain,Ependymal cell,TM4SF1
brain,Ependymal cell,TMEM107
brain,Ependymal cell,TMEM212
brain,Ependymal cell,TMEM232
brain,Ependymal cell,TRIM71
brain,Ependymal cell,TTC21A
brain,Ependymal cell,TTC29
brain,Ependymal cell,TTLL8
brain,Ependymal cell,USP18
brain,Ependymal cell,VWA3A
brain,Ependymal cell,WDR52
brain,Ependymal cell,WDR63
brain,Ependymal cell,WDR96
brain,Ependymal cell,ZBBX
brain,Ependymal cell,ZMYND10
brain,GABAergic neuron,9330158H04RIK
brain,GABAergic neuron,ADAMTS17
brain,GABAergic neuron,ADARB2
brain,GABAergic neuron,ALK
brain,GABAergic neuron,ANKRD34B
brain,GABAergic neuron,ASIC2
brain,GABAergic neuron,BACE2
brain,GABAergic neuron,BTBD11
brain,GABAergic neuron,CACNA1A
brain,GABAergic neuron,CACNA2D3
brain,GABAergic neuron,CADPS2
brain,GABAergic neuron,CD1D1
brain,GABAergic neuron,CD24
brain,GABAergic neuron,CD24A
brain,GABAergic neuron,CHODL
brain,GABAergic neuron,CNR1
brain,GABAergic neuron,CNTN4
brain,GABAergic neuron,CNTN5
brain,GABAergic neuron,CNTNAP2
brain,GABAergic neuron,CNTNAP5C
brain,GABAergic neuron,COL19A1
brain,GABAergic neuron,COL25A1
brain,GABAergic neuron,CRH
brain,GABAergic neuron,CRHBP
brain,GABAergic neuron,CXCL14
brain,GABAergic neuron,DLX1
brain,GABAergic neuron,DLX6OS1
brain,GABAergic neuron,DPP10
brain,GABAergic neuron,DRAXIN
brain,GABAergic neuron,ERBB4
brain,GABAergic neuron,EYA4
brain,GABAergic neuron,FAM19A2
brain,GABAergic neuron,FAM46A
brain,GABAergic neuron,FBXL7
brain,GABAergic neuron,FGF13
brain,GABAergic neuron,FNDC1
brain,GABAergic neuron,FSTL5
brain,GABAergic neuron,GABBR2
brain,GABAergic neuron,GABRG1
brain,GABAergic neuron,GAD1
brain,GABAergic neuron,GAD2
brain,GABAergic neuron,GADD45B
brain,GABAergic neuron,GALNTL6
brain,GABAergic neuron,GM17750
brain,GABAergic neuron,GM26905
brain,GABAergic neuron,GM29260
brain,GABAergic neuron,GRIA4
brain,GABAergic neuron,GRID2
brain,GABAergic neuron,GRIK1
brain,GABAergic neuron,GRIN3A
brain,GABAergic neuron,GRIP1
brain,GABAergic neuron,GRM1
brain,GABAergic neuron,GRM7
brain,GABAergic neuron,IGF1
brain,GABAergic neuron,IGFBPL1
brain,GABAergic neuron,IL1RAPL2
brain,GABAergic neuron,KAZN
brain,GABAergic neuron,KCNC2
brain,GABAergic neuron,KCNH7
brain,GABAergic neuron,KCNIP1
brain,GABAergic neuron,KCNMB2
brain,GABAergic neuron,KCNT2
brain,GABAergic neuron,LAMP5
brain,GABAergic neuron,LIMCH1
brain,GABAergic neuron,LOCKD
brain,GABAergic neuron,LRP1B
brain,GABAergic neuron,LRRC4C
brain,GABAergic neuron,MAF
brain,GABAergic neuron,MAML3
brain,GABAergic neuron,MEGF10
brain,GABAergic neuron,MEIS2
brain,GABAergic neuron,MGAT4C
brain,GABAergic neuron,MYBPC1
brain,GABAergic neuron,MYO16
brain,GABAergic neuron,NDST4
brain,GABAergic neuron,NHS
brain,GABAergic neuron,NOS1
brain,GABAergic neuron,NPAS3
brain,GABAergic neuron,NPY
brain,GABAergic neuron,NPY2R
brain,GABAergic neuron,NXPH1
brain,GABAergic neuron,OTOF
brain,GABAergic neuron,PARM1
brain,GABAergic neuron,PAX2
brain,GABAergic neuron,PRELID2
brain,GABAergic neuron,PTCHD4
brain,GABAergic neuron,PTPRM
brain,GABAergic neuron,PTPRT
brain,GABAergic neuron,PVALB
brain,GABAergic neuron,RALYL
brain,GABAergic neuron,RBMS3
brain,GABAergic neuron,RELN
brain,GABAergic neuron,RGS6
brain,GABAergic neuron,SDK1
brain,GABAergic neuron,SEMA3C
brain,GABAergic neuron,SGCD
brain,GABAergic neuron,SLC24A3
brain,GABAergic neuron,SLC32A1
brain,GABAergic neuron,SLC44A5
brain,GABAergic neuron,SLC6A1
brain,GABAergic neuron,SLC8A1
brain,GABAergic neuron,SLIT2
brain,GABAergic neuron,SNCG
brain,GABAergic neuron,SOX5
brain,GABAergic neuron,SOX6
brain,GABAergic neuron,SP8
brain,GABAergic neuron,SST
brain,GABAergic neuron,ST6GALNAC5
brain,GABAergic neuron,ST8SIA2
brain,GABAergic neuron,STAC
brain,GABAergic neuron,SYNPR
brain,GABAergic neuron,TAC1
brain,GABAergic neuron,TAC2
brain,GABAergic neuron,TACR1
brain,GABAergic neuron,TCF4
brain,GABAergic neuron,THSD7A
brain,GABAergic neuron,TNFAIP8L3
brain,GABAergic neuron,TRHDE
brain,GABAergic neuron,UNC5C
brain,GABAergic neuron,UNC5D
brain,GABAergic neuron,VIP
brain,GABAergic neuron,ZNF804A
brain,Ganglion cell,ABLIM3
brain,Ganglion cell,AKAP7
brain,Ganglion cell,ATF6B
brain,Ganglion cell,BARHL2
brain,Ganglion cell,BBC3
brain,Ganglion cell,BTBD10
brain,Ganglion cell,CACNB3
brain,Ganglion cell,CCDC184
brain,Ganglion cell,CDK14
brain,Ganglion cell,CHRNA6
brain,Ganglion cell,CHRNB3
brain,Ganglion cell,CPNE4
brain,Ganglion cell,CPNE5
brain,Ganglion cell,CSDC2
brain,Ganglion cell,DCTN1
brain,Ganglion cell,DNER
brain,Ganglion cell,DPP10
brain,Ganglion cell,DTX1
brain,Ganglion cell,EFNA3
brain,Ganglion cell,EVC2
brain,Ganglion cell,FBXO44
brain,Ganglion cell,FGF12
brain,Ganglion cell,FXYD7
brain,Ganglion cell,GALNT14
brain,Ganglion cell,GALNT9
brain,Ganglion cell,GALNTL6
brain,Ganglion cell,GGT7
brain,Ganglion cell,GPHN
brain,Ganglion cell,GRIP1
brain,Ganglion cell,HPCA
brain,Ganglion cell,IGLON5
brain,Ganglion cell,IRX5
brain,Ganglion cell,IRX6
brain,Ganglion cell,ISL1
brain,Ganglion cell,KCTD8
brain,Ganglion cell,KLHDC8A
brain,Ganglion cell,LHFPL5
brain,Ganglion cell,MAB21L2
brain,Ganglion cell,MTUS2
brain,Ganglion cell,NARF
brain,Ganglion cell,NEFM
brain,Ganglion cell,NELL1
brain,Ganglion cell,NGF
brain,Ganglion cell,NHLH2
brain,Ganglion cell,NKAIN3
brain,Ganglion cell,POU4F1
brain,Ganglion cell,POU4F2
brain,Ganglion cell,POU6F2
brain,Ganglion cell,PRKCA
brain,Ganglion cell,RBPMS
brain,Ganglion cell,RBPMS2
brain,Ganglion cell,RNU1-1
brain,Ganglion cell,RTN2
brain,Ganglion cell,SCAPER
brain,Ganglion cell,SHD
brain,Ganglion cell,SIX6
brain,Ganglion cell,SLC17A6
brain,Ganglion cell,SLC29A4
brain,Ganglion cell,SMIM18
brain,Ganglion cell,SNCG
brain,Ganglion cell,SNX16
brain,Ganglion cell,SRRM3
brain,Ganglion cell,STOML1
brain,Ganglion cell,SYT16
brain,Ganglion cell,THEM4
brain,Ganglion cell,TMEM163
brain,Ganglion cell,TOX2
brain,Ganglion cell,TTLL1
brain,Ganglion cell,YDJC
brain,Ganglion cell,ZFP580
brain,Glutamatergic neuron,6530403H02RIK
brain,Glutamatergic neuron,ADAMTSL1
brain,Glutamatergic neuron,AK5
brain,Glutamatergic neuron,ANO3
brain,Glutamatergic neuron,ARPP21
brain,Glutamatergic neuron,ASIC2
brain,Glutamatergic neuron,B3GAT2
brain,Glutamatergic neuron,C10ORF11
brain,Glutamatergic neuron,C1QL3
brain,Glutamatergic neuron,CA10
brain,Glutamatergic neuron,CADPS2
brain,Glutamatergic neuron,CAR10
brain,Glutamatergic neuron,CAR12
brain,Glutamatergic neuron,CBLN2
brain,Glutamatergic neuron,CCK
brain,Glutamatergic neuron,CDH12
brain,Glutamatergic neuron,CDH13
brain,Glutamatergic neuron,CDH18
brain,Glutamatergic neuron,CDH6
brain,Glutamatergic neuron,CDH9
brain,Glutamatergic neuron,CELF2
brain,Glutamatergic neuron,CHGB
brain,Glutamatergic neuron,CHN1
brain,Glutamatergic neuron,CHN2
brain,Glutamatergic neuron,CNTN5
brain,Glutamatergic neuron,COL11A1
brain,Glutamatergic neuron,COL24A1
brain,Glutamatergic neuron,COL5A2
brain,Glutamatergic neuron,CPNE4
brain,Glutamatergic neuron,CRYM
brain,Glutamatergic neuron,CTGF
brain,Glutamatergic neuron,CUX2
brain,Glutamatergic neuron,DCC
brain,Glutamatergic neuron,DSCAML1
brain,Glutamatergic neuron,EGFEM1P
brain,Glutamatergic neuron,EPHA6
brain,Glutamatergic neuron,FAM19A1
brain,Glutamatergic neuron,FOXP2
brain,Glutamatergic neuron,FSTL4
brain,Glutamatergic neuron,FSTL5
brain,Glutamatergic neuron,GALNT14
brain,Glutamatergic neuron,GALNTL6
brain,Glutamatergic neuron,GARNL3
brain,Glutamatergic neuron,GAS2L3
brain,Glutamatergic neuron,GLS
brain,Glutamatergic neuron,GM2164
brain,Glutamatergic neuron,GM26883
brain,Glutamatergic neuron,GM28928
brain,Glutamatergic neuron,GM32647
brain,Glutamatergic neuron,GPC6
brain,Glutamatergic neuron,GRIK1
brain,Glutamatergic neuron,GRIN1
brain,Glutamatergic neuron,GRIN2B
brain,Glutamatergic neuron,HOMER1
brain,Glutamatergic neuron,HS3ST4
brain,Glutamatergic neuron,HS6ST3
brain,Glutamatergic neuron,HTR2C
brain,Glutamatergic neuron,IL1RAPL2
brain,Glutamatergic neuron,INPP4B
brain,Glutamatergic neuron,ITGA8
brain,Glutamatergic neuron,KALRN
brain,Glutamatergic neuron,KCNAB1
brain,Glutamatergic neuron,KCNMB2
brain,Glutamatergic neuron,KCTD16
brain,Glutamatergic neuron,KHDRBS3
brain,Glutamatergic neuron,KIAA1217
brain,Glutamatergic neuron,KIRREL3
brain,Glutamatergic neuron,LAMA2
brain,Glutamatergic neuron,LDB2
brain,Glutamatergic neuron,LINC01378
brain,Glutamatergic neuron,LINGO2
brain,Glutamatergic neuron,LRMDA
brain,Glutamatergic neuron,LRRTM4
brain,Glutamatergic neuron,LXN
brain,Glutamatergic neuron,LY86.AS1
brain,Glutamatergic neuron,MDFIC
brain,Glutamatergic neuron,MEIS2
brain,Glutamatergic neuron,MGAT4C
brain,Glutamatergic neuron,MLIP
brain,Glutamatergic neuron,NCAM2
brain,Glutamatergic neuron,NELL2
brain,Glutamatergic neuron,NPSR1.AS1
brain,Glutamatergic neuron,NR4A2
brain,Glutamatergic neuron,NRG1
brain,Glutamatergic neuron,NRP1
brain,Glutamatergic neuron,NTM
brain,Glutamatergic neuron,NTNG2
brain,Glutamatergic neuron,NXPH1
brain,Glutamatergic neuron,NXPH2
brain,Glutamatergic neuron,OLFM3
brain,Glutamatergic neuron,OLFML2B
brain,Glutamatergic neuron,OPRK1
brain,Glutamatergic neuron,PCSK2
brain,Glutamatergic neuron,PDZD2
brain,Glutamatergic neuron,PDZRN4
brain,Glutamatergic neuron,PEX5L
brain,Glutamatergic neuron,PHACTR1
brain,Glutamatergic neuron,POSTN
brain,Glutamatergic neuron,POU6F2
brain,Glutamatergic neuron,PTCHD1.AS
brain,Glutamatergic neuron,PTPRD
brain,Glutamatergic neuron,PTPRK
brain,Glutamatergic neuron,RALYL
brain,Glutamatergic neuron,RASGRF2
brain,Glutamatergic neuron,RNF152
brain,Glutamatergic neuron,ROBO1
brain,Glutamatergic neuron,RORB
brain,Glutamatergic neuron,SATB2
brain,Glutamatergic neuron,SDK2
brain,Glutamatergic neuron,SEMA3E
brain,Glutamatergic neuron,SEMA5A
brain,Glutamatergic neuron,SGCZ
brain,Glutamatergic neuron,SLC17A6
brain,Glutamatergic neuron,SLC17A7
brain,Glutamatergic neuron,SLC17A8
brain,Glutamatergic neuron,SLC1A1
brain,Glutamatergic neuron,SLC1A2
brain,Glutamatergic neuron,SLC1A6
brain,Glutamatergic neuron,SLC35F3
brain,Glutamatergic neuron,SLIT3
brain,Glutamatergic neuron,SMOC2
brain,Glutamatergic neuron,SORCS1
brain,Glutamatergic neuron,SSTR2
brain,Glutamatergic neuron,STK32B
brain,Glutamatergic neuron,SV2B
brain,Glutamatergic neuron,SVIL
brain,Glutamatergic neuron,TENM4
brain,Glutamatergic neuron,TFAP2D
brain,Glutamatergic neuron,THEMIS
brain,Glutamatergic neuron,TLE4
brain,Glutamatergic neuron,TOX
brain,Glutamatergic neuron,TRPM3
brain,Glutamatergic neuron,TSHZ2
brain,Glutamatergic neuron,UNC5D
brain,Glutamatergic neuron,VAT1L
brain,Glutamatergic neuron,VGLUT1
brain,Glutamatergic neuron,VGLUT2
brain,Glutamatergic neuron,VWC2L
brain,Glutamatergic neuron,ZFP804B
brain,Glutamatergic neuron,ZFPM2
brain,Glutamatergic neuron,ZNF385D
brain,Hypothalamic ependymal cell,1110017D15RIK
brain,Hypothalamic ependymal cell,1700007K13RIK
brain,Hypothalamic ependymal cell,4933434E20RIK
brain,Hypothalamic ependymal cell,CALML4
brain,Hypothalamic ependymal cell,CCDC153
brain,Hypothalamic ependymal cell,CCPG1OS
brain,Hypothalamic ependymal cell,CD24
brain,Hypothalamic ependymal cell,CD24A
brain,Hypothalamic ependymal cell,CFAP126
brain,Hypothalamic ependymal cell,CHCHD10
brain,Hypothalamic ependymal cell,CRIP1
brain,Hypothalamic ependymal cell,DALRD3
brain,Hypothalamic ependymal cell,DUSP1
brain,Hypothalamic ependymal cell,DYNLRB2
brain,Hypothalamic ependymal cell,ECRG4
brain,Hypothalamic ependymal cell,FAM166C
brain,Hypothalamic ependymal cell,FAM183B
brain,Hypothalamic ependymal cell,FAM183BP
brain,Hypothalamic ependymal cell,FOXJ1
brain,Hypothalamic ependymal cell,GM19935
brain,Hypothalamic ependymal cell,GNG5
brain,Hypothalamic ependymal cell,HSPA2
brain,Hypothalamic ependymal cell,IFITM3
brain,Hypothalamic ependymal cell,IFT20
brain,Hypothalamic ependymal cell,LRP10
brain,Hypothalamic ependymal cell,MEIG1
brain,Hypothalamic ependymal cell,MLC1
brain,Hypothalamic ependymal cell,NME9
brain,Hypothalamic ependymal cell,NNAT
brain,Hypothalamic ependymal cell,NUDC
brain,Hypothalamic ependymal cell,PKM
brain,Hypothalamic ependymal cell,PLTP
brain,Hypothalamic ependymal cell,PRXL2A
brain,Hypothalamic ependymal cell,RARRES2
brain,Hypothalamic ependymal cell,RIIAD1
brain,Hypothalamic ependymal cell,RNASE4
brain,Hypothalamic ependymal cell,RSPH1
brain,Hypothalamic ependymal cell,SOX9
brain,Hypothalamic ependymal cell,SPOP
brain,Hypothalamic ependymal cell,STIP1
brain,Hypothalamic ependymal cell,TM4SF1
brain,Hypothalamic ependymal cell,TMEM107
brain,Hypothalamic ependymal cell,TMEM212
brain,Hypothalamic ependymal cell,TUBA1B
brain,Hypothalamic ependymal cell,TUBB4B
brain,Hypothalamic ependymal cell,ZFP36L1
brain,Immature neuron,ASCL1
brain,Immature neuron,BCL2
brain,Immature neuron,CREB1
brain,Immature neuron,CUL5
brain,Immature neuron,CUX2
brain,Immature neuron,DCX
brain,Immature neuron,EPHA3
brain,Immature neuron,EPHA7
brain,Immature neuron,FEZF2
brain,Immature neuron,FOXD2
brain,Immature neuron,FUT9
brain,Immature neuron,HIVEP2
brain,Immature neuron,ICAM5
brain,Immature neuron,LHX6
brain,Immature neuron,NES
brain,Immature neuron,NEUROD1
brain,Immature neuron,NEUROG2
brain,Immature neuron,NF1
brain,Immature neuron,NOTCH1
brain,Immature neuron,NOTCH3
brain,Immature neuron,NTRK1
brain,Immature neuron,NTRK3
brain,Immature neuron,PAX6
brain,Immature neuron,PCLO
brain,Immature neuron,POMC
brain,Immature neuron,PROX1
brain,Immature neuron,RAX
brain,Immature neuron,RBFOX3
brain,Immature neuron,RND2
brain,Immature neuron,ROBO1
brain,Immature neuron,SLC12A5
brain,Immature neuron,SLC1A1
brain,Immature neuron,SLC6A5
brain,Immature neuron,SOX5
brain,Immature neuron,SSTR2
brain,Immature neuron,STIM2
brain,Immature neuron,SYN1
brain,Immature neuron,TBR1
brain,Immature neuron,YY2
brain,Interneuron,AAK1
brain,Interneuron,ABAT
brain,Interneuron,ABCC5
brain,Interneuron,ABR
brain,Interneuron,ACBD5
brain,Interneuron,ACSL4
brain,Interneuron,ADARB1
brain,Interneuron,ADCY1
brain,Interneuron,ADCY8
brain,Interneuron,ADGRA1
brain,Interneuron,ADGRL2
brain,Interneuron,ADORA2A
brain,Interneuron,AGAP1
brain,Interneuron,AKAP8L
brain,Interneuron,APOC3
brain,Interneuron,AQP4
brain,Interneuron,ARHGAP21
brain,Interneuron,ARX
brain,Interneuron,ATG12
brain,Interneuron,BACE1
brain,Interneuron,BRINP1
brain,Interneuron,CACNA1E
brain,Interneuron,CACNA1I
brain,Interneuron,CACNB1
brain,Interneuron,CACNG2
brain,Interneuron,CACNG7
brain,Interneuron,CALB1
brain,Interneuron,CALB2
brain,Interneuron,CALN1
brain,Interneuron,CAMK2A
brain,Interneuron,CAMK4
brain,Interneuron,CAMKV
brain,Interneuron,CAR11
brain,Interneuron,CASK
brain,Interneuron,CCDC136
brain,Interneuron,CCK
brain,Interneuron,CDH4
brain,Interneuron,CDHR1
brain,Interneuron,CDK17
brain,Interneuron,CDKL5
brain,Interneuron,CES1D
brain,Interneuron,CGA
brain,Interneuron,CHAT
brain,Interneuron,CHN1
brain,Interneuron,CHST1
brain,Interneuron,CLDN9
brain,Interneuron,CPLX1
brain,Interneuron,CPNE5
brain,Interneuron,CRH
brain,Interneuron,CRHR1
brain,Interneuron,CTGF
brain,Interneuron,CXCL14
brain,Interneuron,DCAF7
brain,Interneuron,DDN
brain,Interneuron,DEPTOR
brain,Interneuron,DHRS3
brain,Interneuron,DISP2
brain,Interneuron,DLGAP1
brain,Interneuron,DLX1
brain,Interneuron,DLX2
brain,Interneuron,DLX5
brain,Interneuron,DNAJC6
brain,Interneuron,DNM3
brain,Interneuron,DZANK1
brain,Interneuron,EID2
brain,Interneuron,ELMO1
brain,Interneuron,EML5
brain,Interneuron,EN1
brain,Interneuron,EOMES
brain,Interneuron,ETV1
brain,Interneuron,EVX1
brain,Interneuron,FAM81A
brain,Interneuron,FBXO11
brain,Interneuron,FBXW11
brain,Interneuron,FCHSD2
brain,Interneuron,FGF12
brain,Interneuron,FIGF
brain,Interneuron,FRRS1L
brain,Interneuron,FRYL
brain,Interneuron,GABBR2
brain,Interneuron,GABRA4
brain,Interneuron,GABRA5
brain,Interneuron,GAD1
brain,Interneuron,GAL
brain,Interneuron,GATA2
brain,Interneuron,GDA
brain,Interneuron,GNG4
brain,Interneuron,GRIA4
brain,Interneuron,GRIN2D
brain,Interneuron,GRM1
brain,Interneuron,HAP1
brain,Interneuron,HIVEP2
brain,Interneuron,HLF
brain,Interneuron,HPCAL4
brain,Interneuron,HSPA12A
brain,Interneuron,HTR3A
brain,Interneuron,IDS
brain,Interneuron,IGSF21
brain,Interneuron,ILDR2
brain,Interneuron,INAFM1
brain,Interneuron,ISCA1
brain,Interneuron,ISL1
brain,Interneuron,KCNA2
brain,Interneuron,KCNC1
brain,Interneuron,KCNC2
brain,Interneuron,KCNIP2
brain,Interneuron,KCNK9
brain,Interneuron,KCNMA1
brain,Interneuron,KCNQ5
brain,Interneuron,KITL
brain,Interneuron,KITLG
brain,Interneuron,L1CAM
brain,Interneuron,LHX1
brain,Interneuron,LHX3
brain,Interneuron,LHX5
brain,Interneuron,LHX6
brain,Interneuron,LINGO1
brain,Interneuron,LMO3
brain,Interneuron,LPGAT1
brain,Interneuron,LY6G6E
brain,Interneuron,LYNX1
brain,Interneuron,LYPD1
brain,Interneuron,MAGEE1
brain,Interneuron,NAT14
brain,Interneuron,NBEA
brain,Interneuron,NCALD
brain,Interneuron,NDNF
brain,Interneuron,NEFM
brain,Interneuron,NMB
brain,Interneuron,NOS1
brain,Interneuron,NOV
brain,Interneuron,NPTXR
brain,Interneuron,NPY
brain,Interneuron,NRGN
brain,Interneuron,NRIP3
brain,Interneuron,NRN1
brain,Interneuron,NRSN2
brain,Interneuron,NTNG1
brain,Interneuron,NXPH1
brain,Interneuron,NXPH4
brain,Interneuron,OPRM1
brain,Interneuron,OXR1
brain,Interneuron,PACSIN1
brain,Interneuron,PARM1
brain,Interneuron,PAX2
brain,Interneuron,PAX6
brain,Interneuron,PCBP3
brain,Interneuron,PCF11
brain,Interneuron,PCP4L1
brain,Interneuron,PCSK2
brain,Interneuron,PDE1A
brain,Interneuron,PDE4A
brain,Interneuron,PDP1
brain,Interneuron,PIANP
brain,Interneuron,PITX1
brain,Interneuron,PITX2
brain,Interneuron,PLCB4
brain,Interneuron,PNOC
brain,Interneuron,POU2F2
brain,Interneuron,PRKCB
brain,Interneuron,PRKCD
brain,Interneuron,PRKCG
brain,Interneuron,PSD3
brain,Interneuron,PTPN3
brain,Interneuron,PTPN4
brain,Interneuron,PTPRO
brain,Interneuron,PVALB
brain,Interneuron,RAB15
brain,Interneuron,RAB26
brain,Interneuron,RAB3B
brain,Interneuron,RAMP3
brain,Interneuron,RELN
brain,Interneuron,RGMA
brain,Interneuron,RGS10
brain,Interneuron,RGS17
brain,Interneuron,RGS7BP
brain,Interneuron,RORA
brain,Interneuron,RORB
brain,Interneuron,RPRML
brain,Interneuron,SCAMP1
brain,Interneuron,SCN2B
brain,Interneuron,SCN8A
brain,Interneuron,SCRT1
brain,Interneuron,SEMA3E
brain,Interneuron,SHISA6
brain,Interneuron,SHISA8
brain,Interneuron,SHISA9
brain,Interneuron,SHOX2
brain,Interneuron,SLC12A5
brain,Interneuron,SLC16A1
brain,Interneuron,SLC17A6
brain,Interneuron,SLC17A7
brain,Interneuron,SLC22A15
brain,Interneuron,SLC36A1
brain,Interneuron,SLC5A7
brain,Interneuron,SPOCK3
brain,Interneuron,SPTY2D1
brain,Interneuron,SRGAP1
brain,Interneuron,SRGAP3
brain,Interneuron,SST
brain,Interneuron,SURF1
brain,Interneuron,SV2B
brain,Interneuron,SYN1
brain,Interneuron,SYNPR
brain,Interneuron,SYT13
brain,Interneuron,SYT7
brain,Interneuron,TACR1
brain,Interneuron,TCEAL3
brain,Interneuron,TH
brain,Interneuron,TIMELESS
brain,Interneuron,TMEM132D
brain,Interneuron,TMEM163
brain,Interneuron,TRH
brain,Interneuron,TRIM9
brain,Interneuron,TSHB
brain,Interneuron,VGF
brain,Interneuron,VIP
brain,Interneuron,VLDLR
brain,Interneuron,VSX2
brain,Interneuron,ZDHHC17
brain,Interneuron,ZDHHC22
brain,Interneuron,ZIC4
brain,Interneuron-selective cell,2010300C02RIK
brain,Interneuron-selective cell,BCAR3
brain,Interneuron-selective cell,CELSR3
brain,Interneuron-selective cell,CHRNA4
brain,Interneuron-selective cell,CPOX
brain,Interneuron-selective cell,CRACDL
brain,Interneuron-selective cell,DLGAP3
brain,Interneuron-selective cell,DOK7
brain,Interneuron-selective cell,EGFR
brain,Interneuron-selective cell,KCNH3
brain,Interneuron-selective cell,LRRC3B
brain,Interneuron-selective cell,MIAT
brain,Interneuron-selective cell,NPY2R
brain,Interneuron-selective cell,NR2E1
brain,Interneuron-selective cell,OSTF1
brain,Interneuron-selective cell,PTMS
brain,Interneuron-selective cell,RASD2
brain,Interneuron-selective cell,RGS16
brain,Interneuron-selective cell,RPRM
brain,Interneuron-selective cell,SEMA5B
brain,Interneuron-selective cell,SLC12A4
brain,Interneuron-selective cell,ST3GAL1
brain,Interneuron-selective cell,TPBG
brain,Interneuron-selective cell,UNC5A
brain,Interneuron-selective cell,WSCD2
brain,Lepotomeningeal cell,ADAM12
brain,Lepotomeningeal cell,APOD
brain,Lepotomeningeal cell,BMP6
brain,Lepotomeningeal cell,BNC2
brain,Lepotomeningeal cell,C7
brain,Lepotomeningeal cell,COL1A2
brain,Lepotomeningeal cell,COL6A2
brain,Lepotomeningeal cell,COLEC12
brain,Lepotomeningeal cell,CPED1
brain,Lepotomeningeal cell,EBF1
brain,Lepotomeningeal cell,EYA2
brain,Lepotomeningeal cell,FLVCR2
brain,Lepotomeningeal cell,FMO2
brain,Lepotomeningeal cell,ITIH5
brain,Lepotomeningeal cell,MGP
brain,Lepotomeningeal cell,PTGDS
brain,Lepotomeningeal cell,RANBP3L
brain,Lepotomeningeal cell,SLC7A11
brain,Lepotomeningeal cell,SRPX2
brain,Lepotomeningeal cell,TBX18
brain,Macrophage,AA
brain,Macrophage,ADAM8
brain,Macrophage,ADGRE1
brain,Macrophage,ADGRE4
brain,Macrophage,ADGRE5
brain,Macrophage,AHR
brain,Macrophage,AIF1
brain,Macrophage,AKR1B3
brain,Macrophage,ARL11
brain,Macrophage,C3AR1
brain,Macrophage,C5AR1
brain,Macrophage,CCL12
brain,Macrophage,CCL2
brain,Macrophage,CCL22
brain,Macrophage,CCL24
brain,Macrophage,CCL3
brain,Macrophage,CCL5
brain,Macrophage,CCL6
brain,Macrophage,CCL7
brain,Macrophage,CCL9
brain,Macrophage,CCR2
brain,Macrophage,CCR5
brain,Macrophage,CCR7
brain,Macrophage,CD14
brain,Macrophage,CD163
brain,Macrophage,CD180
brain,Macrophage,CD19
brain,Macrophage,CD200
brain,Macrophage,CD200R1
brain,Macrophage,CD209A
brain,Macrophage,CD209F
brain,Macrophage,CD300A
brain,Macrophage,CD33
brain,Macrophage,CD36
brain,Macrophage,CD3E
brain,Macrophage,CD5L
brain,Macrophage,CD68
brain,Macrophage,CD74
brain,Macrophage,CD80
brain,Macrophage,CD83
brain,Macrophage,CD86
brain,Macrophage,CHIT1
brain,Macrophage,CLEC10A
brain,Macrophage,CLEC4A1
brain,Macrophage,CLEC4A2
brain,Macrophage,CLEC4A3
brain,Macrophage,CLEC4D
brain,Macrophage,CLEC4N
brain,Macrophage,CLEC7A
brain,Macrophage,CPM
brain,Macrophage,CSF1R
brain,Macrophage,CTSK
brain,Macrophage,CX3CR1
brain,Macrophage,CXCL1
brain,Macrophage,CXCL16
brain,Macrophage,CXCL2
brain,Macrophage,CYBB
brain,Macrophage,CYP27A1
brain,Macrophage,CYTH4
brain,Macrophage,DAB2
brain,Macrophage,DSE1L3
brain,Macrophage,DUSP5
brain,Macrophage,EGLN3
brain,Macrophage,F13A1
brain,Macrophage,FABP4
brain,Macrophage,FCGR1
brain,Macrophage,FCGR1A
brain,Macrophage,FCGR3A
brain,Macrophage,FCGR4
brain,Macrophage,FGD2
brain,Macrophage,FGL2
brain,Macrophage,FGR
brain,Macrophage,FMNL1
brain,Macrophage,FPR1
brain,Macrophage,FUT4
brain,Macrophage,GATA6
brain,Macrophage,GDF15
brain,Macrophage,GPNMB
brain,Macrophage,GPR132
brain,Macrophage,GPR171
brain,Macrophage,GPR34
brain,Macrophage,H2-AB1
brain,Macrophage,H2-DMA
brain,Macrophage,H2-EB1
brain,Macrophage,HFE
brain,Macrophage,HILPDA
brain,Macrophage,HPGD
brain,Macrophage,HPGDS
brain,Macrophage,IFR2
brain,Macrophage,IL1B
brain,Macrophage,IL4RA
brain,Macrophage,IRF5
brain,Macrophage,ITGAL
brain,Macrophage,ITGAM
brain,Macrophage,ITGAX
brain,Macrophage,JAML
brain,Macrophage,LGALS3
brain,Macrophage,LILR4B
brain,Macrophage,LILRA5
brain,Macrophage,LILRB4
brain,Macrophage,LILRB4A
brain,Macrophage,LILRB4B
brain,Macrophage,LPCAT2
brain,Macrophage,LY6C1
brain,Macrophage,LYVE1
brain,Macrophage,LYZ1
brain,Macrophage,LYZ2
brain,Macrophage,MAF
brain,Macrophage,MGL2
brain,Macrophage,MMP12
brain,Macrophage,MMP9
brain,Macrophage,MRC1
brain,Macrophage,MS4A4A
brain,Macrophage,MS4A6A
brain,Macrophage,MS4A7
brain,Macrophage,MYO1G
brain,Macrophage,NCEH1
brain,Macrophage,NR4A3
brain,Macrophage,NRP2
brain,Macrophage,P2RY6
brain,Macrophage,PARP14
brain,Macrophage,PLTP
brain,Macrophage,PPARG
brain,Macrophage,RAB20
brain,Macrophage,RAB7B
brain,Macrophage,RBPJ
brain,Macrophage,RETNLA
brain,Macrophage,RGS1
brain,Macrophage,RUNX3
brain,Macrophage,S100A4
brain,Macrophage,S100A8
brain,Macrophage,SAMSN1
brain,Macrophage,SCIMP
brain,Macrophage,SEPP1
brain,Macrophage,SIGLECF
brain,Macrophage,SLAMF7
brain,Macrophage,SLAMF9
brain,Macrophage,SLC11A1
brain,Macrophage,SLC15A3
brain,Macrophage,SLC37A2
brain,Macrophage,SLC7A7
brain,Macrophage,SLCO2B1
brain,Macrophage,SNX20
brain,Macrophage,STAB1
brain,Macrophage,SYK
brain,Macrophage,TGFBR1
brain,Macrophage,TLR2
brain,Macrophage,TLR4
brain,Macrophage,TNF
brain,Macrophage,TREM2
brain,Macrophage,TREML4
brain,Macrophage,TYROBP
brain,Macrophage,UCP2
brain,Macrophage,VSIG4
brain,Macrophage,WFDC17
brain,Martinotti cell,2810011L19RIK
brain,Martinotti cell,ADGRB1
brain,Martinotti cell,ANO3
brain,Martinotti cell,ATP2B4
brain,Martinotti cell,BAI1
brain,Martinotti cell,CAPN5
brain,Martinotti cell,CDH22
brain,Martinotti cell,CDH7
brain,Martinotti cell,FOXRED2
brain,Martinotti cell,HDAC4
brain,Martinotti cell,HOPX
brain,Martinotti cell,HPSE
brain,Martinotti cell,IL34
brain,Martinotti cell,KCNK13
brain,Martinotti cell,LAMA4
brain,Martinotti cell,LIPA
brain,Martinotti cell,RASL11A
brain,Martinotti cell,RELN
brain,Martinotti cell,SGCD
brain,Martinotti cell,SIRT4
brain,Martinotti cell,SLC30A3
brain,Martinotti cell,SNX8
brain,Martinotti cell,TIMP3
brain,Martinotti cell,TUNAR
brain,Martinotti cell,UNC13C
brain,Martinotti cell,ZDHHC18
brain,Meningeal cell,ALDH1A2
brain,Meningeal cell,ALX4
brain,Meningeal cell,BMP7
brain,Meningeal cell,DCN
brain,Meningeal cell,FOXC1
brain,Meningeal cell,FOXC2
brain,Meningeal cell,IGF2
brain,Meningeal cell,IGFBP2
brain,Meningeal cell,IL33
brain,Meningeal cell,LUM
brain,Meningeal cell,NNAT
brain,Meningeal cell,NOV
brain,Meningeal cell,PDGFRA
brain,Meningeal cell,PTGDS
brain,Meningeal cell,SLC47A1
brain,Meningeal cell,VTN
brain,Meningeal cell,ZIC1
brain,Meningeal cell,ZIC3
brain,Microglia cell,ABCA9
brain,Microglia cell,ABI3
brain,Microglia cell,ADAP2
brain,Microglia cell,ADRB2
brain,Microglia cell,AIF1
brain,Microglia cell,APBB1IP
brain,Microglia cell,ARSB
brain,Microglia cell,BHLHE41
brain,Microglia cell,BIN1
brain,Microglia cell,BLNK
brain,Microglia cell,BMP2K
brain,Microglia cell,C1QA
brain,Microglia cell,C1QB
brain,Microglia cell,C1QC
brain,Microglia cell,CCL2
brain,Microglia cell,CCL4
brain,Microglia cell,CCR5
brain,Microglia cell,CD14
brain,Microglia cell,CD37
brain,Microglia cell,CD53
brain,Microglia cell,CD68
brain,Microglia cell,CD83
brain,Microglia cell,CSF1R
brain,Microglia cell,CTSB
brain,Microglia cell,CTSS
brain,Microglia cell,CX3CR1
brain,Microglia cell,CYTH4
brain,Microglia cell,DOCK2
brain,Microglia cell,DOCK8
brain,Microglia cell,ENTPD1
brain,Microglia cell,FCER1G
brain,Microglia cell,FCGR3
brain,Microglia cell,FCGR3A
brain,Microglia cell,FCGR3B
brain,Microglia cell,FCGR4
brain,Microglia cell,FCRLS
brain,Microglia cell,FLI1
brain,Microglia cell,FYB
brain,Microglia cell,FYB1
brain,Microglia cell,GPR183
brain,Microglia cell,GPR34
brain,Microglia cell,HEXB
brain,Microglia cell,HLA-DRA
brain,Microglia cell,HPGD
brain,Microglia cell,HPGDS
brain,Microglia cell,IKZF1
brain,Microglia cell,IL6R
brain,Microglia cell,IL6RA
brain,Microglia cell,INPP5D
brain,Microglia cell,IRF8
brain,Microglia cell,ITGAM
brain,Microglia cell,ITGB5
brain,Microglia cell,JUN
brain,Microglia cell,KLF2
brain,Microglia cell,LAIR1
brain,Microglia cell,LAPTM5
brain,Microglia cell,LCP2
brain,Microglia cell,LGMN
brain,Microglia cell,LPCAT2
brain,Microglia cell,LRP8
brain,Microglia cell,LTC4S
brain,Microglia cell,LY86
brain,Microglia cell,LYN
brain,Microglia cell,MAFB
brain,Microglia cell,MCOLN3
brain,Microglia cell,MERTK
brain,Microglia cell,MFSD10
brain,Microglia cell,MPEG1
brain,Microglia cell,MYO1F
brain,Microglia cell,NAV3
brain,Microglia cell,NCF1
brain,Microglia cell,NCKAP1L
brain,Microglia cell,OLFML3
brain,Microglia cell,P2RY12
brain,Microglia cell,P2RY13
brain,Microglia cell,PIK3AP1
brain,Microglia cell,PLD4
brain,Microglia cell,PROS1
brain,Microglia cell,PTGS1
brain,Microglia cell,PTPRC
brain,Microglia cell,RASGRP3
brain,Microglia cell,RGS2
brain,Microglia cell,RHOB
brain,Microglia cell,RNASE4
brain,Microglia cell,RREB1
brain,Microglia cell,RUNX1
brain,Microglia cell,SALL1
brain,Microglia cell,SELPLG
brain,Microglia cell,SERINC3
brain,Microglia cell,SIGLEC8
brain,Microglia cell,SIGLECH
brain,Microglia cell,SIRPA
brain,Microglia cell,SKAP2
brain,Microglia cell,SLC1A3
brain,Microglia cell,SLC30A5
brain,Microglia cell,SLCO2B1
brain,Microglia cell,SLCO4A1
brain,Microglia cell,SPRY1
brain,Microglia cell,STAB1
brain,Microglia cell,TAL1
brain,Microglia cell,TBXAS1
brain,Microglia cell,TGFBR1
brain,Microglia cell,TGFBR2
brain,Microglia cell,TMEM119
brain,Microglia cell,TREM2
brain,Microglia cell,TYROBP
brain,Microglia cell,UNC93B1
brain,Microglia cell,VAV1
brain,Microglia cell,ZFHX3
brain,Microglia cell,ZFP36
brain,Microglia cell,ZFP710
brain,Motor neuron,CHAT
brain,Motor neuron,EN1
brain,Motor neuron,EVX1
brain,Motor neuron,EVX2
brain,Motor neuron,FGF1
brain,Motor neuron,ISL1
brain,Motor neuron,ISL2
brain,Motor neuron,LHX3
brain,Motor neuron,MNX1
brain,Motor neuron,NGFR
brain,Motor neuron,NKX6-1
brain,Motor neuron,REG2
brain,Motor neuron,SIM1
brain,Motor neuron,VSX2
brain,Mural cell,ACTA2
brain,Mural cell,ARHGAP29
brain,Mural cell,ASPN
brain,Mural cell,BGN
brain,Mural cell,CALD1
brain,Mural cell,CARMN
brain,Mural cell,COLEC12
brain,Mural cell,CP
brain,Mural cell,CRIP1
brain,Mural cell,ECM2
brain,Mural cell,FILIP1L
brain,Mural cell,GJA4
brain,Mural cell,GJC1
brain,Mural cell,GM13861
brain,Mural cell,HIGD1B
brain,Mural cell,HSPB1
brain,Mural cell,IFITM1
brain,Mural cell,IFITM2
brain,Mural cell,IFITM3
brain,Mural cell,IGF2
brain,Mural cell,IGFBP7
brain,Mural cell,KCNJ8
brain,Mural cell,LMOD1
brain,Mural cell,MAP3K7CL
brain,Mural cell,MGP
brain,Mural cell,MIR143HG
brain,Mural cell,MYH11
brain,Mural cell,MYL9
brain,Mural cell,MYLK
brain,Mural cell,MYO1B
brain,Mural cell,NBL1
brain,Mural cell,NDUFA4L2
brain,Mural cell,P2RY14
brain,Mural cell,PCOLCE
brain,Mural cell,PDGFRB
brain,Mural cell,PERP
brain,Mural cell,PHLDB2
brain,Mural cell,PLN
brain,Mural cell,RBPMS
brain,Mural cell,RGS4
brain,Mural cell,RGS5
brain,Mural cell,S1PR3
brain,Mural cell,SERPING1
brain,Mural cell,SLC19A1
brain,Mural cell,SLC38A11
brain,Mural cell,SLC6A20A
brain,Mural cell,TAGLN
brain,Mural cell,TM4SF1
brain,Mural cell,TPM2
brain,Mural cell,VTN
brain,Mural cell,ZIC1
brain,Neural progenitor cell,ADGRG1
brain,Neural progenitor cell,CD271
brain,Neural progenitor cell,DCX
brain,Neural progenitor cell,DPYSL3
brain,Neural progenitor cell,GFAP
brain,Neural progenitor cell,GFAPDELTA
brain,Neural progenitor cell,GPR56
brain,Neural progenitor cell,KSCNS3
brain,Neural progenitor cell,NCAM1
brain,Neural progenitor cell,NES
brain,Neural progenitor cell,NESTIN
brain,Neural progenitor cell,NEUROD
brain,Neural progenitor cell,NEUROD1
brain,Neural progenitor cell,NGFR
brain,Neural progenitor cell,PSA-NCAM
brain,Neural progenitor cell,SLITRK6
brain,Neural progenitor cell,SOX2
brain,Neural progenitor cell,TUC4
brain,Neural stem cell,ABCG2
brain,Neural stem cell,ACSA-2
brain,Neural stem cell,ADGRG1
brain,Neural stem cell,ALDOC
brain,Neural stem cell,APOE
brain,Neural stem cell,ARX
brain,Neural stem cell,ASCL1
brain,Neural stem cell,ASCL2
brain,Neural stem cell,ATP1A2
brain,Neural stem cell,BARHL2
brain,Neural stem cell,BLBP
brain,Neural stem cell,BMI1
brain,Neural stem cell,CALCYCLIN
brain,Neural stem cell,CBX3
brain,Neural stem cell,CCND2
brain,Neural stem cell,CD133
brain,Neural stem cell,CD146
brain,Neural stem cell,CD24
brain,Neural stem cell,CD29
brain,Neural stem cell,CD338
brain,Neural stem cell,CD49F
brain,Neural stem cell,CD81
brain,Neural stem cell,CLU
brain,Neural stem cell,CXCR4
brain,Neural stem cell,DBX1
brain,Neural stem cell,DCX
brain,Neural stem cell,DLL3
brain,Neural stem cell,DLX1
brain,Neural stem cell,DLX2
brain,Neural stem cell,DLX5
brain,Neural stem cell,DPYSL3
brain,Neural stem cell,DYNLT1C
brain,Neural stem cell,EGFR
brain,Neural stem cell,EOMES
brain,Neural stem cell,FABP7
brain,Neural stem cell,GD3
brain,Neural stem cell,GFAP
brain,Neural stem cell,GJA1
brain,Neural stem cell,GLAST
brain,Neural stem cell,GPR56
brain,Neural stem cell,HES5
brain,Neural stem cell,HOPX
brain,Neural stem cell,HTRA1
brain,Neural stem cell,ID4
brain,Neural stem cell,IFI44
brain,Neural stem cell,IFIT1
brain,Neural stem cell,IGF1R
brain,Neural stem cell,IGFBP3
brain,Neural stem cell,INAFM2
brain,Neural stem cell,ISG15
brain,Neural stem cell,JAM-C
brain,Neural stem cell,JAM3
brain,Neural stem cell,KI67
brain,Neural stem cell,KSCNS3
brain,Neural stem cell,LGR5
brain,Neural stem cell,LHX9
brain,Neural stem cell,MFGE8
brain,Neural stem cell,MGAT5
brain,Neural stem cell,MKI67
brain,Neural stem cell,MUSASHI-1
brain,Neural stem cell,NCAM1
brain,Neural stem cell,NES
brain,Neural stem cell,NESTIN
brain,Neural stem cell,NEUROD
brain,Neural stem cell,NEUROD1
brain,Neural stem cell,NEUROD4
brain,Neural stem cell,NEUROG1
brain,Neural stem cell,NEUROG2
brain,Neural stem cell,NGFR
brain,Neural stem cell,NHLH1
brain,Neural stem cell,NOTCH1
brain,Neural stem cell,NTM
brain,Neural stem cell,NTSR2
brain,Neural stem cell,NXPH1
brain,Neural stem cell,OTX1
brain,Neural stem cell,P2RX7
brain,Neural stem cell,PARP12
brain,Neural stem cell,PAX6
brain,Neural stem cell,PBK
brain,Neural stem cell,PITX2
brain,Neural stem cell,PLEKHH2
brain,Neural stem cell,POU3F4
brain,Neural stem cell,PPP1R17
brain,Neural stem cell,PROM1
brain,Neural stem cell,PROMININ-1
brain,Neural stem cell,PRSS56
brain,Neural stem cell,PSA-NCAM
brain,Neural stem cell,RBM3
brain,Neural stem cell,RND3
brain,Neural stem cell,S100A6
brain,Neural stem cell,S100B
brain,Neural stem cell,SHOX2
brain,Neural stem cell,SLC1A3
brain,Neural stem cell,SLITRK6
brain,Neural stem cell,SOX1
brain,Neural stem cell,SOX2
brain,Neural stem cell,SOX3
brain,Neural stem cell,SOX9
brain,Neural stem cell,SP8
brain,Neural stem cell,SP9
brain,Neural stem cell,ST8SIA1
brain,Neural stem cell,THRSP
brain,Neural stem cell,TLR3
brain,Neural stem cell,TMTC4
brain,Neural stem cell,TOX3
brain,Neural stem cell,TUC4
brain,Neural stem cell,VIMENTIN
brain,Neuroblast,ASCL1
brain,Neuroblast,BTG1
brain,Neuroblast,CCKAR
brain,Neuroblast,CCKBR
brain,Neuroblast,CCND2
brain,Neuroblast,CD24
brain,Neuroblast,CELF4
brain,Neuroblast,CNR1
brain,Neuroblast,CRMP1
brain,Neuroblast,CUX2
brain,Neuroblast,DAB1
brain,Neuroblast,DBN1
brain,Neuroblast,DCHS1
brain,Neuroblast,DCX
brain,Neuroblast,DLL3
brain,Neuroblast,DLX1
brain,Neuroblast,DLX2
brain,Neuroblast,DLX5
brain,Neuroblast,DLX6
brain,Neuroblast,DLX6OS1
brain,Neuroblast,DRAXIN
brain,Neuroblast,EFNA2
brain,Neuroblast,EGFR
brain,Neuroblast,EOMES
brain,Neuroblast,EPHA4
brain,Neuroblast,ERBB4
brain,Neuroblast,EVF1
brain,Neuroblast,EZH2
brain,Neuroblast,FOXC1
brain,Neuroblast,FXYD6
brain,Neuroblast,GRM5
brain,Neuroblast,IGFBPL1
brain,Neuroblast,ISL1
brain,Neuroblast,ITGA6
brain,Neuroblast,KLF5A
brain,Neuroblast,KLK3
brain,Neuroblast,KLKB1
brain,Neuroblast,LRP8
brain,Neuroblast,MAPK7
brain,Neuroblast,MARK2
brain,Neuroblast,MEIS2
brain,Neuroblast,NCAM1
brain,Neuroblast,NCAN
brain,Neuroblast,NES
brain,Neuroblast,NEUROD1
brain,Neuroblast,NEUROG1
brain,Neuroblast,NEUROG2
brain,Neuroblast,NKX6-1
brain,Neuroblast,NTNG1
brain,Neuroblast,OLFM1
brain,Neuroblast,PBX1
brain,Neuroblast,PFN2
brain,Neuroblast,PHF1
brain,Neuroblast,POU3F3
brain,Neuroblast,POU6F2
brain,Neuroblast,PROK2
brain,Neuroblast,PROKR2
brain,Neuroblast,PROS1
brain,Neuroblast,PSA-NCAM
brain,Neuroblast,SALL3
brain,Neuroblast,SCGN
brain,Neuroblast,SIRT1
brain,Neuroblast,SOX5
brain,Neuroblast,SP8
brain,Neuroblast,SP9
brain,Neuroblast,STMN2
brain,Neuroblast,TACC3
brain,Neuroblast,TRIM32
brain,Neuroblast,TRN1
brain,Neuroblast,TSHZ1
brain,Neuroblast,TUBB3
brain,Neuroblast,VLDLR
brain,Neuroblast,WT1
brain,Neuroblast,ZBED4
brain,Neuroendocrine cell,ABHD2
brain,Neuroendocrine cell,ARHGDIG
brain,Neuroendocrine cell,ASCL1
brain,Neuroendocrine cell,ATXN1
brain,Neuroendocrine cell,BEX1
brain,Neuroendocrine cell,CALCA
brain,Neuroendocrine cell,CCDC85C
brain,Neuroendocrine cell,CCK
brain,Neuroendocrine cell,CGRP
brain,Neuroendocrine cell,CHGA
brain,Neuroendocrine cell,CHGB
brain,Neuroendocrine cell,CLASP2
brain,Neuroendocrine cell,CXCL14
brain,Neuroendocrine cell,DPF1
brain,Neuroendocrine cell,DUSP26
brain,Neuroendocrine cell,EGR1
brain,Neuroendocrine cell,FAM46A
brain,Neuroendocrine cell,FXYD7
brain,Neuroendocrine cell,GPR88
brain,Neuroendocrine cell,GRM5
brain,Neuroendocrine cell,HES6
brain,Neuroendocrine cell,MKL2
brain,Neuroendocrine cell,NEGR1
brain,Neuroendocrine cell,NENF
brain,Neuroendocrine cell,NEUROD1
brain,Neuroendocrine cell,NKX2-2
brain,Neuroendocrine cell,NPY
brain,Neuroendocrine cell,NRGN
brain,Neuroendocrine cell,PCSK1
brain,Neuroendocrine cell,PCSK1N
brain,Neuroendocrine cell,PDE10A
brain,Neuroendocrine cell,PENK
brain,Neuroendocrine cell,PPP1R1B
brain,Neuroendocrine cell,PRDX2
brain,Neuroendocrine cell,PRSS12
brain,Neuroendocrine cell,RCOR1
brain,Neuroendocrine cell,RESP18
brain,Neuroendocrine cell,SCG5
brain,Neuroendocrine cell,SCGN
brain,Neuroendocrine cell,SCN2B
brain,Neuroendocrine cell,SEC11C
brain,Neuroendocrine cell,SERPINI1
brain,Neuroendocrine cell,SEZ6L2
brain,Neuroendocrine cell,SFXN5
brain,Neuroendocrine cell,SPOCK1
brain,Neuroendocrine cell,SST
brain,Neuroendocrine cell,TAC1
brain,Neuroendocrine cell,TUBB3
brain,Neuron,AAK1
brain,Neuron,ABAT
brain,Neuron,ACSL4
brain,Neuron,AGRP
brain,Neuron,AIM2
brain,Neuron,AKAP8L
brain,Neuron,AQP1
brain,Neuron,ARHGDIG
brain,Neuron,ARID4A
brain,Neuron,ATP6V0A1
brain,Neuron,ATP6V1H
brain,Neuron,AVP
brain,Neuron,B3GAT2
brain,Neuron,BEX1
brain,Neuron,BEX2
brain,Neuron,CAC2D1
brain,Neuron,CAC2D2
brain,Neuron,CACNB3
brain,Neuron,CACNB4
brain,Neuron,CACNG2
brain,Neuron,CALB1
brain,Neuron,CALB2
brain,Neuron,CAMK2N1
brain,Neuron,CAR10
brain,Neuron,CBARP
brain,Neuron,CCDC28B
brain,Neuron,CCK
brain,Neuron,CD59A
brain,Neuron,CDK5
brain,Neuron,CELF6
brain,Neuron,CHAT
brain,Neuron,CHD6
brain,Neuron,CHN1
brain,Neuron,CHODL
brain,Neuron,CKMT1
brain,Neuron,CKMT1A
brain,Neuron,CKMT1B
brain,Neuron,CLSTN3
brain,Neuron,CMIP
brain,Neuron,CNRIP1
brain,Neuron,CNTP2
brain,Neuron,COPG1
brain,Neuron,CPLX1
brain,Neuron,CPNE6
brain,Neuron,CSF3
brain,Neuron,CSPP1
brain,Neuron,CTTNBP2
brain,Neuron,CTXN2
brain,Neuron,CXCL1
brain,Neuron,CXCR5
brain,Neuron,DDN
brain,Neuron,DGKB
brain,Neuron,DISP2
brain,Neuron,DLG4
brain,Neuron,DLGAP1
brain,Neuron,DNER
brain,Neuron,DNM3
brain,Neuron,DTD1
brain,Neuron,DUSP26
brain,Neuron,DYNC1I1
brain,Neuron,DZANK1
brain,Neuron,ELAVL3
brain,Neuron,EML5
brain,Neuron,ENO2
brain,Neuron,EPO
brain,Neuron,FAM181B
brain,Neuron,FAM69B
brain,Neuron,FBLN2
brain,Neuron,FBXW7
brain,Neuron,FLYWCH1
brain,Neuron,FMO1
brain,Neuron,FRRS1L
brain,Neuron,GABBR2
brain,Neuron,GABRA1
brain,Neuron,GABRG2
brain,Neuron,GAD1
brain,Neuron,GHSR
brain,Neuron,GI1
brain,Neuron,GNG2
brain,Neuron,GNL3L
brain,Neuron,GPATCH8
brain,Neuron,GPR162
brain,Neuron,GPRASP2
brain,Neuron,GRIA3
brain,Neuron,GRIA4
brain,Neuron,GRM5
brain,Neuron,HAP1
brain,Neuron,HDAC11
brain,Neuron,HOXC8
brain,Neuron,HPCA
brain,Neuron,ICAM5
brain,Neuron,IFIT3
brain,Neuron,IGF1
brain,Neuron,ISL1
brain,Neuron,KCNC1
brain,Neuron,KCNK1
brain,Neuron,KCNMA1
brain,Neuron,KMT2C
brain,Neuron,LUZP2
brain,Neuron,MAGEE1
brain,Neuron,MAP7D2
brain,Neuron,MATK
brain,Neuron,MATN2
brain,Neuron,MECP2
brain,Neuron,MEG3
brain,Neuron,MIAT
brain,Neuron,MIRG
brain,Neuron,MYO5A
brain,Neuron,NBEA
brain,Neuron,NCALD
brain,Neuron,NDN
brain,Neuron,NECAB2
brain,Neuron,NECAB3
brain,Neuron,NEFH
brain,Neuron,NEFM
brain,Neuron,NICN1
brain,Neuron,NMT1
brain,Neuron,NPY
brain,Neuron,NRGN
brain,Neuron,NRN1
brain,Neuron,NRSN2
brain,Neuron,NWD2
brain,Neuron,OGFOD1
brain,Neuron,OMP
brain,Neuron,PABPN1
brain,Neuron,PACSIN1
brain,Neuron,PCLO
brain,Neuron,PCP4
brain,Neuron,PCSK2
brain,Neuron,PDE1A
brain,Neuron,PG
brain,Neuron,PNCK
brain,Neuron,PNISR
brain,Neuron,PNMAL1
brain,Neuron,PPP1R14C
brain,Neuron,PPP1R1B
brain,Neuron,PPP1R9A
brain,Neuron,PQBP1
brain,Neuron,PRMT2
brain,Neuron,PROX1
brain,Neuron,PRPH
brain,Neuron,PRUNE2
brain,Neuron,PTK2B
brain,Neuron,PTPN11
brain,Neuron,RASGRF1
brain,Neuron,RB1CC1
brain,Neuron,RBFOX3
brain,Neuron,RERE
brain,Neuron,RESP18
brain,Neuron,RGS17
brain,Neuron,RGS7BP
brain,Neuron,RHBDD2
brain,Neuron,RIMS3
brain,Neuron,RIN1
brain,Neuron,RIT2
brain,Neuron,RNF220
brain,Neuron,RNPC3
brain,Neuron,RORA
brain,Neuron,RYR2
brain,Neuron,SACS
brain,Neuron,SAFB
brain,Neuron,SAFB2
brain,Neuron,SCAMP1
brain,Neuron,SCN1A
brain,Neuron,SCN2B
brain,Neuron,SCN8A
brain,Neuron,SCRG1
brain,Neuron,SFSWAP
brain,Neuron,SGIP1
brain,Neuron,SHISA2
brain,Neuron,SLC11A1
brain,Neuron,SLC12A5
brain,Neuron,SLC17A6
brain,Neuron,SLC17A7
brain,Neuron,SLC1A1
brain,Neuron,SLC30A9
brain,Neuron,SLC32A1
brain,Neuron,SLC36A4
brain,Neuron,SLC6A17
brain,Neuron,SNHG11
brain,Neuron,SP25
brain,Neuron,SPOCK3
brain,Neuron,ST8SIA3
brain,Neuron,STMN2
brain,Neuron,STX1A
brain,Neuron,SYNE1
brain,Neuron,SYNPR
brain,Neuron,SYT5
brain,Neuron,TAC1
brain,Neuron,TAC2
brain,Neuron,TCEAL3
brain,Neuron,TCEAL5
brain,Neuron,TCEAL6
brain,Neuron,TESC
brain,Neuron,TFF3
brain,Neuron,TH
brain,Neuron,TMEM130
brain,Neuron,TMEM179
brain,Neuron,TMEM191C
brain,Neuron,TMEM59L
brain,Neuron,TMEM91
brain,Neuron,TRIP11
brain,Neuron,TRO
brain,Neuron,TUBB3
brain,Neuron,UBE2D2A
brain,Neuron,VGF
brain,Neuron,VSNL1
brain,Neuron,WDR60
brain,Neuron,ZCCHC12
brain,Neuron,ZCCHC7
brain,Neuron,ZFP445
brain,Neuron,ZIC1
brain,Neuron,ZMYND11
brain,Neuron,ZRSR1
brain,Neuron,ZRSR2P1
brain,Noradrenergic neuron,DBH
brain,Noradrenergic neuron,DDC
brain,Noradrenergic neuron,SLC18A2
brain,Noradrenergic neuron,SLC18A3
brain,Noradrenergic neuron,SLC39A11
brain,Noradrenergic neuron,SLC6A2
brain,Noradrenergic neuron,SLC9B2
brain,Noradrenergic neuron,TH
brain,Olfactory ensheathing glia,0610040J01RIK
brain,Olfactory ensheathing glia,ADAM12
brain,Olfactory ensheathing glia,ADAMTSL1
brain,Olfactory ensheathing glia,AFAP1L2
brain,Olfactory ensheathing glia,APCDD1
brain,Olfactory ensheathing glia,ATP1A2
brain,Olfactory ensheathing glia,BCAR3
brain,Olfactory ensheathing glia,BMP7
brain,Olfactory ensheathing glia,BNC2
brain,Olfactory ensheathing glia,COL23A1
brain,Olfactory ensheathing glia,COL27A1
brain,Olfactory ensheathing glia,COL5A2
brain,Olfactory ensheathing glia,CPNE8
brain,Olfactory ensheathing glia,DENN2B
brain,Olfactory ensheathing glia,FABP7
brain,Olfactory ensheathing glia,FAT1
brain,Olfactory ensheathing glia,FOXO1
brain,Olfactory ensheathing glia,FRZB
brain,Olfactory ensheathing glia,GM10863
brain,Olfactory ensheathing glia,GRIN3A
brain,Olfactory ensheathing glia,GSAP
brain,Olfactory ensheathing glia,IGF1
brain,Olfactory ensheathing glia,LAMA4
brain,Olfactory ensheathing glia,LAMC1
brain,Olfactory ensheathing glia,LEF1
brain,Olfactory ensheathing glia,LHFP
brain,Olfactory ensheathing glia,LHFPL6
brain,Olfactory ensheathing glia,LRIG1
brain,Olfactory ensheathing glia,MXI1
brain,Olfactory ensheathing glia,MYBPC1
brain,Olfactory ensheathing glia,NOTCH2
brain,Olfactory ensheathing glia,PDE4B
brain,Olfactory ensheathing glia,PHLDB2
brain,Olfactory ensheathing glia,PLCE1
brain,Olfactory ensheathing glia,PLP1
brain,Olfactory ensheathing glia,PRIMA1
brain,Olfactory ensheathing glia,PTN
brain,Olfactory ensheathing glia,PTPN13
brain,Olfactory ensheathing glia,ROR1
brain,Olfactory ensheathing glia,RREB1
brain,Olfactory ensheathing glia,SASH1
brain,Olfactory ensheathing glia,SLC27A1
brain,Olfactory ensheathing glia,SMOC1
brain,Olfactory ensheathing glia,SNTB1
brain,Olfactory ensheathing glia,SPATA13
brain,Olfactory ensheathing glia,ST5
brain,Olfactory ensheathing glia,ST6GAL1
brain,Olfactory ensheathing glia,STARD13
brain,Olfactory ensheathing glia,TNFRSF19
brain,Olfactory ensheathing glia,USP54
brain,Olfactory ensheathing glia,YAP1
brain,Olfactory ensheathing glia,ZBTB7C
brain,Olfactory sensory neuron,ADCY3
brain,Olfactory sensory neuron,ANO2
brain,Olfactory sensory neuron,CNGA2
brain,Olfactory sensory neuron,CNGA4
brain,Olfactory sensory neuron,CNGB1
brain,Olfactory sensory neuron,GNAL
brain,Olfactory sensory neuron,NCAM1
brain,Olfactory sensory neuron,NEUROG1
brain,Olfactory sensory neuron,OMP
brain,Oligodendrocyte,ACTG1
brain,Oligodendrocyte,AFAP1L2
brain,Oligodendrocyte,AMOTL2
brain,Oligodendrocyte,ANGPTL2
brain,Oligodendrocyte,APLP1
brain,Oligodendrocyte,APOD
brain,Oligodendrocyte,ARL4A
brain,Oligodendrocyte,ASIC1
brain,Oligodendrocyte,ASPA
brain,Oligodendrocyte,ATCAY
brain,Oligodendrocyte,BIN1
brain,Oligodendrocyte,C2ORF27A
brain,Oligodendrocyte,CA2
brain,Oligodendrocyte,CAR2
brain,Oligodendrocyte,CCP110
brain,Oligodendrocyte,CDH13
brain,Oligodendrocyte,CDHR1
brain,Oligodendrocyte,CDK18
brain,Oligodendrocyte,CNP
brain,Oligodendrocyte,CNTN2
brain,Oligodendrocyte,COX7C
brain,Oligodendrocyte,CRB1
brain,Oligodendrocyte,CRYAB
brain,Oligodendrocyte,CSPG4
brain,Oligodendrocyte,CSRP1
brain,Oligodendrocyte,CTNNA3
brain,Oligodendrocyte,CXADR
brain,Oligodendrocyte,DAAM2
brain,Oligodendrocyte,DHCR24
brain,Oligodendrocyte,DHCR7
brain,Oligodendrocyte,DLL1
brain,Oligodendrocyte,DLL3
brain,Oligodendrocyte,DPYD
brain,Oligodendrocyte,EBP
brain,Oligodendrocyte,EEF1B2
brain,Oligodendrocyte,EEF2
brain,Oligodendrocyte,EFNB3
brain,Oligodendrocyte,EIF3E
brain,Oligodendrocyte,EIF3L
brain,Oligodendrocyte,ENPP2
brain,Oligodendrocyte,EPN2
brain,Oligodendrocyte,ERMN
brain,Oligodendrocyte,EVI2A
brain,Oligodendrocyte,FA2H
brain,Oligodendrocyte,FABP7
brain,Oligodendrocyte,FAU
brain,Oligodendrocyte,FDPS
brain,Oligodendrocyte,FERMT1
brain,Oligodendrocyte,FEZ1
brain,Oligodendrocyte,FGFBP3
brain,Oligodendrocyte,FXYD6
brain,Oligodendrocyte,GALNT6
brain,Oligodendrocyte,GAP43
brain,Oligodendrocyte,GATM
brain,Oligodendrocyte,GJB1
brain,Oligodendrocyte,GJC2
brain,Oligodendrocyte,GJC3
brain,Oligodendrocyte,GPM6B
brain,Oligodendrocyte,GPR17
brain,Oligodendrocyte,GPR37
brain,Oligodendrocyte,GPR37L1
brain,Oligodendrocyte,GRB14
brain,Oligodendrocyte,GRIA2
brain,Oligodendrocyte,GRIA4
brain,Oligodendrocyte,GRIK2
brain,Oligodendrocyte,GRM3
brain,Oligodendrocyte,GSN
brain,Oligodendrocyte,HAPLN2
brain,Oligodendrocyte,HIP1
brain,Oligodendrocyte,HIPK2
brain,Oligodendrocyte,IFITM10
brain,Oligodendrocyte,IL5
brain,Oligodendrocyte,JOSD2
brain,Oligodendrocyte,KCNH8
brain,Oligodendrocyte,KCNIP3
brain,Oligodendrocyte,KLK6
brain,Oligodendrocyte,KLRC2
brain,Oligodendrocyte,LDHB
brain,Oligodendrocyte,LGI3
brain,Oligodendrocyte,LHFPL3
brain,Oligodendrocyte,LIMA1
brain,Oligodendrocyte,LIMS2
brain,Oligodendrocyte,LMF1
brain,Oligodendrocyte,LPAR1
brain,Oligodendrocyte,LRRN1
brain,Oligodendrocyte,MAG
brain,Oligodendrocyte,MAL
brain,Oligodendrocyte,MAML2
brain,Oligodendrocyte,MAP1A
brain,Oligodendrocyte,MAP2
brain,Oligodendrocyte,MAP6D1
brain,Oligodendrocyte,MARCKSL1
brain,Oligodendrocyte,MBP
brain,Oligodendrocyte,MEST
brain,Oligodendrocyte,MICAL1
brain,Oligodendrocyte,MIF
brain,Oligodendrocyte,MOBP
brain,Oligodendrocyte,MOG
brain,Oligodendrocyte,MTSS1
brain,Oligodendrocyte,MYT1
brain,Oligodendrocyte,NACA
brain,Oligodendrocyte,NAP1L1
brain,Oligodendrocyte,NCKAP5
brain,Oligodendrocyte,NDRG1
brain,Oligodendrocyte,NEU4
brain,Oligodendrocyte,NME1
brain,Oligodendrocyte,NME2
brain,Oligodendrocyte,NPM1
brain,Oligodendrocyte,NPPA
brain,Oligodendrocyte,NXPH1
brain,Oligodendrocyte,OLIG1
brain,Oligodendrocyte,OLIG2
brain,Oligodendrocyte,OMG
brain,Oligodendrocyte,OPALIN
brain,Oligodendrocyte,OPCML
brain,Oligodendrocyte,P2RX7
brain,Oligodendrocyte,PDE4B
brain,Oligodendrocyte,PDLIM2
brain,Oligodendrocyte,PEX5L
brain,Oligodendrocyte,PGRMC1
brain,Oligodendrocyte,PHACTR3
brain,Oligodendrocyte,PHLDA1
brain,Oligodendrocyte,PHLDB1
brain,Oligodendrocyte,PID1
brain,Oligodendrocyte,PLEKHB1
brain,Oligodendrocyte,PLEKHH1
brain,Oligodendrocyte,PLLP
brain,Oligodendrocyte,PLP1
brain,Oligodendrocyte,PLS1
brain,Oligodendrocyte,POLR2F
brain,Oligodendrocyte,PPP1R14A
brain,Oligodendrocyte,PRR5L
brain,Oligodendrocyte,PTGDS
brain,Oligodendrocyte,QDPR
brain,Oligodendrocyte,QK
brain,Oligodendrocyte,QKI
brain,Oligodendrocyte,RAB2A
brain,Oligodendrocyte,RAB33A
brain,Oligodendrocyte,RGMB
brain,Oligodendrocyte,RGR
brain,Oligodendrocyte,RNF220
brain,Oligodendrocyte,RPL13A
brain,Oligodendrocyte,RPL31
brain,Oligodendrocyte,RPS2
brain,Oligodendrocyte,RPS23
brain,Oligodendrocyte,RPSAP58
brain,Oligodendrocyte,RTKN
brain,Oligodendrocyte,S1PR5
brain,Oligodendrocyte,SCD
brain,Oligodendrocyte,SCD1
brain,Oligodendrocyte,SCD2
brain,Oligodendrocyte,SEC14L5
brain,Oligodendrocyte,SEPTIN4
brain,Oligodendrocyte,SEPTIN7
brain,Oligodendrocyte,SERINC5
brain,Oligodendrocyte,SGK1
brain,Oligodendrocyte,SHC4
brain,Oligodendrocyte,SHD
brain,Oligodendrocyte,SHISA4
brain,Oligodendrocyte,SIRT2
brain,Oligodendrocyte,SLC12A2
brain,Oligodendrocyte,SLC1A1
brain,Oligodendrocyte,SLC44A1
brain,Oligodendrocyte,SMCO3
brain,Oligodendrocyte,SNX1
brain,Oligodendrocyte,SNX22
brain,Oligodendrocyte,SOX10
brain,Oligodendrocyte,SOX8
brain,Oligodendrocyte,ST18
brain,Oligodendrocyte,STMN1
brain,Oligodendrocyte,STMN4
brain,Oligodendrocyte,SYT11
brain,Oligodendrocyte,TAGLN3
brain,Oligodendrocyte,TALDO1
brain,Oligodendrocyte,TCF12
brain,Oligodendrocyte,TERF1
brain,Oligodendrocyte,THY1
brain,Oligodendrocyte,TM7SF2
brain,Oligodendrocyte,TMEFF2
brain,Oligodendrocyte,TMEM125
brain,Oligodendrocyte,TMEM151A
brain,Oligodendrocyte,TMEM88B
brain,Oligodendrocyte,TMEM97
brain,Oligodendrocyte,TMSB10
brain,Oligodendrocyte,TMSB4X
brain,Oligodendrocyte,TNFAIP6
brain,Oligodendrocyte,TNK2
brain,Oligodendrocyte,TRAF4
brain,Oligodendrocyte,TRF
brain,Oligodendrocyte,TRIM59
brain,Oligodendrocyte,TSPAN2
brain,Oligodendrocyte,TTLL7
brain,Oligodendrocyte,TUBA1A
brain,Oligodendrocyte,TUBB
brain,Oligodendrocyte,TUBB3
brain,Oligodendrocyte,TUBB4A
brain,Oligodendrocyte,UGT8
brain,Oligodendrocyte,UGT8A
brain,Oligodendrocyte,UQCRB
brain,Oligodendrocyte,VIPR2
brain,Oligodendrocyte,WSCD1
brain,Oligodendrocyte,YWHAQ
brain,Oligodendrocyte,ZCCHC24
brain,Oligodendrocyte,ZDHHC9
brain,Oligodendrocyte,ZEB2
brain,Oligodendrocyte precursor cell,3110035E14RIK
brain,Oligodendrocyte precursor cell,3632451O06RIK
brain,Oligodendrocyte precursor cell,6030443J06RIK
brain,Oligodendrocyte precursor cell,A2B5
brain,Oligodendrocyte precursor cell,A930009A15RIK
brain,Oligodendrocyte precursor cell,ABHD2
brain,Oligodendrocyte precursor cell,ABTB2
brain,Oligodendrocyte precursor cell,ACSL3
brain,Oligodendrocyte precursor cell,ADAM12
brain,Oligodendrocyte precursor cell,AI854517
brain,Oligodendrocyte precursor cell,ALDOC
brain,Oligodendrocyte precursor cell,APOD
brain,Oligodendrocyte precursor cell,ARHGAP31
brain,Oligodendrocyte precursor cell,ARMH4
brain,Oligodendrocyte precursor cell,ASCL1
brain,Oligodendrocyte precursor cell,ATP6AP2
brain,Oligodendrocyte precursor cell,B3GNT7
brain,Oligodendrocyte precursor cell,BCAN
brain,Oligodendrocyte precursor cell,BCAS1
brain,Oligodendrocyte precursor cell,BCHE
brain,Oligodendrocyte precursor cell,BRINP1
brain,Oligodendrocyte precursor cell,BRINP3
brain,Oligodendrocyte precursor cell,C1QL1
brain,Oligodendrocyte precursor cell,C3ORF70
brain,Oligodendrocyte precursor cell,CA10
brain,Oligodendrocyte precursor cell,CACNG4
brain,Oligodendrocyte precursor cell,CD9
brain,Oligodendrocyte precursor cell,CDO1
brain,Oligodendrocyte precursor cell,CHAD
brain,Oligodendrocyte precursor cell,CHL1
brain,Oligodendrocyte precursor cell,CHST11
brain,Oligodendrocyte precursor cell,CNP
brain,Oligodendrocyte precursor cell,CNTN1
brain,Oligodendrocyte precursor cell,COL9A1
brain,Oligodendrocyte precursor cell,CSPG4
brain,Oligodendrocyte precursor cell,CSPG5
brain,Oligodendrocyte precursor cell,CST3
brain,Oligodendrocyte precursor cell,DLL3
brain,Oligodendrocyte precursor cell,DOCK1
brain,Oligodendrocyte precursor cell,DPYSL2
brain,Oligodendrocyte precursor cell,DSCAM
brain,Oligodendrocyte precursor cell,EDIL3
brain,Oligodendrocyte precursor cell,EMID1
brain,Oligodendrocyte precursor cell,ENPP2
brain,Oligodendrocyte precursor cell,EPAS1
brain,Oligodendrocyte precursor cell,EPN2
brain,Oligodendrocyte precursor cell,ETV5
brain,Oligodendrocyte precursor cell,FCHSD2
brain,Oligodendrocyte precursor cell,FERMT1
brain,Oligodendrocyte precursor cell,FYN
brain,Oligodendrocyte precursor cell,G0S2
brain,Oligodendrocyte precursor cell,GJC3
brain,Oligodendrocyte precursor cell,GM10530
brain,Oligodendrocyte precursor cell,GM4876
brain,Oligodendrocyte precursor cell,GNG7
brain,Oligodendrocyte precursor cell,GPM6A
brain,Oligodendrocyte precursor cell,GPM6B
brain,Oligodendrocyte precursor cell,GPR17
brain,Oligodendrocyte precursor cell,GPR37L1
brain,Oligodendrocyte precursor cell,GPRC5B
brain,Oligodendrocyte precursor cell,GRIA2
brain,Oligodendrocyte precursor cell,GRIA3
brain,Oligodendrocyte precursor cell,GRIA4
brain,Oligodendrocyte precursor cell,HLA-C
brain,Oligodendrocyte precursor cell,ITM2B
brain,Oligodendrocyte precursor cell,ITM2C
brain,Oligodendrocyte precursor cell,ITPR2
brain,Oligodendrocyte precursor cell,KANK1
brain,Oligodendrocyte precursor cell,KCNIP3
brain,Oligodendrocyte precursor cell,KIF13A
brain,Oligodendrocyte precursor cell,LAD1
brain,Oligodendrocyte precursor cell,LHFPL3
brain,Oligodendrocyte precursor cell,LNX1
brain,Oligodendrocyte precursor cell,LRP1
brain,Oligodendrocyte precursor cell,LRRN1
brain,Oligodendrocyte precursor cell,MARCKS
brain,Oligodendrocyte precursor cell,MATN4
brain,Oligodendrocyte precursor cell,MEG3
brain,Oligodendrocyte precursor cell,MEGF11
brain,Oligodendrocyte precursor cell,MIR9-3HG
brain,Oligodendrocyte precursor cell,MMP16
brain,Oligodendrocyte precursor cell,MYT1
brain,Oligodendrocyte precursor cell,NAV1
brain,Oligodendrocyte precursor cell,NEU4
brain,Oligodendrocyte precursor cell,NG2
brain,Oligodendrocyte precursor cell,NKX6-2
brain,Oligodendrocyte precursor cell,NLGN3
brain,Oligodendrocyte precursor cell,NNAT
brain,Oligodendrocyte precursor cell,NOVA1
brain,Oligodendrocyte precursor cell,NSG2
brain,Oligodendrocyte precursor cell,NXPH1
brain,Oligodendrocyte precursor cell,OLIG1
brain,Oligodendrocyte precursor cell,OLIG2
brain,Oligodendrocyte precursor cell,PCDH11X
brain,Oligodendrocyte precursor cell,PCDH15
brain,Oligodendrocyte precursor cell,PDE7B
brain,Oligodendrocyte precursor cell,PDGFR-ALPHA
brain,Oligodendrocyte precursor cell,PDGFRA
brain,Oligodendrocyte precursor cell,PHLDA1
brain,Oligodendrocyte precursor cell,PID1
brain,Oligodendrocyte precursor cell,PLEKHB1
brain,Oligodendrocyte precursor cell,PLLP
brain,Oligodendrocyte precursor cell,PLPP4
brain,Oligodendrocyte precursor cell,PPAPDC1A
brain,Oligodendrocyte precursor cell,PPFIBP1
brain,Oligodendrocyte precursor cell,PPP2R2B
brain,Oligodendrocyte precursor cell,PSAP
brain,Oligodendrocyte precursor cell,PTPRE
brain,Oligodendrocyte precursor cell,PTPRZ1
brain,Oligodendrocyte precursor cell,QPCT
brain,Oligodendrocyte precursor cell,RAP1GAP
brain,Oligodendrocyte precursor cell,RLBP1
brain,Oligodendrocyte precursor cell,RTN1
brain,Oligodendrocyte precursor cell,SCG3
brain,Oligodendrocyte precursor cell,SCRG1
brain,Oligodendrocyte precursor cell,SEMA3D
brain,Oligodendrocyte precursor cell,SEMA5A
brain,Oligodendrocyte precursor cell,SEMA5B
brain,Oligodendrocyte precursor cell,SERPINE2
brain,Oligodendrocyte precursor cell,SH3BP4
brain,Oligodendrocyte precursor cell,SH3D19
brain,Oligodendrocyte precursor cell,SLC1A1
brain,Oligodendrocyte precursor cell,SLC1A2
brain,Oligodendrocyte precursor cell,SLC25A47
brain,Oligodendrocyte precursor cell,SLC35F1
brain,Oligodendrocyte precursor cell,SLC9A9
brain,Oligodendrocyte precursor cell,SMOC1
brain,Oligodendrocyte precursor cell,SNX22
brain,Oligodendrocyte precursor cell,SNX25
brain,Oligodendrocyte precursor cell,SOX10
brain,Oligodendrocyte precursor cell,SOX2-OT
brain,Oligodendrocyte precursor cell,SOX2OT
brain,Oligodendrocyte precursor cell,SOX6
brain,Oligodendrocyte precursor cell,SPON1
brain,Oligodendrocyte precursor cell,SPRY4
brain,Oligodendrocyte precursor cell,STK32A
brain,Oligodendrocyte precursor cell,SULF2
brain,Oligodendrocyte precursor cell,SUSD5
brain,Oligodendrocyte precursor cell,SYT11
brain,Oligodendrocyte precursor cell,TMEM100
brain,Oligodendrocyte precursor cell,TMEM132D
brain,Oligodendrocyte precursor cell,TMEM255B
brain,Oligodendrocyte precursor cell,TNR
brain,Oligodendrocyte precursor cell,TNS3
brain,Oligodendrocyte precursor cell,TOX
brain,Oligodendrocyte precursor cell,TPM1
brain,Oligodendrocyte precursor cell,TRAF4
brain,Oligodendrocyte precursor cell,TRIB2
brain,Oligodendrocyte precursor cell,TSC22D1
brain,Oligodendrocyte precursor cell,TSPAN6
brain,Oligodendrocyte precursor cell,TSPAN7
brain,Oligodendrocyte precursor cell,USP24
brain,Oligodendrocyte precursor cell,VCAN
brain,Oligodendrocyte precursor cell,VXN
brain,Oligodendrocyte precursor cell,WIPF1
brain,Oligodendrocyte precursor cell,XYLT1
brain,Oligodendrocyte precursor cell,ZCCHC24
brain,Oligodendrocyte precursor cell,ZEB1
brain,Pan-gabaergic,ATP5IF1
brain,Pan-gabaergic,ATPIF1
brain,Pan-gabaergic,CCND2
brain,Pan-gabaergic,CD24
brain,Pan-gabaergic,CD24A
brain,Pan-gabaergic,H3-3A
brain,Pan-gabaergic,H3F3A
brain,Pan-gabaergic,MARCKSL1
brain,Pan-gabaergic,NNAT
brain,Pan-gabaergic,RPL6
brain,Pan-gabaergic,RPS4X
brain,Pan-gabaergic,SELENOH
brain,Pan-gabaergic,SNRPE
brain,Pan-gabaergic,SNRPG
brain,Pan-gabaergic,TMSB10
brain,Pan-gabaergic,TUBB
brain,Pan-gabaergic,TUBB2B
brain,Pan-gabaergic,TUBB4A
brain,Pan-gabaergic,TUBB5
brain,Pan-gabaergic,YBX1
brain,Pericyte,ABCC9
brain,Pericyte,ACTA2
brain,Pericyte,CACNA1C
brain,Pericyte,CARMN
brain,Pericyte,CCDC102B
brain,Pericyte,COL25A1
brain,Pericyte,DLC1
brain,Pericyte,HS6ST3
brain,Pericyte,KCNAB1
brain,Pericyte,LDB3
brain,Pericyte,LMOD1
brain,Pericyte,MAP1B
brain,Pericyte,MCAM
brain,Pericyte,MYH11
brain,Pericyte,NTRK3
brain,Pericyte,PDGFRB
brain,Pericyte,PDZRN4
brain,Pericyte,PRKG1
brain,Pericyte,PRR16
brain,Pericyte,RGS5
brain,Pinealocyte,AANAT
brain,Pinealocyte,ADRA1B
brain,Pinealocyte,ADRB1
brain,Pinealocyte,ASMT
brain,Pinealocyte,CACNA1F
brain,Pinealocyte,CHRNA3
brain,Pinealocyte,CHRNB4
brain,Pinealocyte,CNGA1
brain,Pinealocyte,CNGB1
brain,Pinealocyte,CREM
brain,Pinealocyte,CRX
brain,Pinealocyte,DRD4
brain,Pinealocyte,GNG13
brain,Pinealocyte,GNGT1
brain,Pinealocyte,GNGT2
brain,Pinealocyte,NEUROD1
brain,Pinealocyte,PDE10A
brain,Pinealocyte,PDE6B
brain,Pinealocyte,PDE6C
brain,Pinealocyte,PMEPA1
brain,Pinealocyte,ROM1
brain,Pinealocyte,SAG
brain,Pinealocyte,SLC6A6
brain,Pinealocyte,TPH1
brain,Purkinje neuron,ABAT
brain,Purkinje neuron,ADGRB1
brain,Purkinje neuron,ATP2B2
brain,Purkinje neuron,CACNA2D2
brain,Purkinje neuron,CACNG2
brain,Purkinje neuron,CALB1
brain,Purkinje neuron,CAMK2A
brain,Purkinje neuron,CAR8
brain,Purkinje neuron,CBLN1
brain,Purkinje neuron,CD3G
brain,Purkinje neuron,CERK
brain,Purkinje neuron,CLSTN3
brain,Purkinje neuron,CNPY1
brain,Purkinje neuron,CNTNAP2
brain,Purkinje neuron,CPLX1
brain,Purkinje neuron,DLG4
brain,Purkinje neuron,DLGAP1
brain,Purkinje neuron,GABRA1
brain,Purkinje neuron,GAD1
brain,Purkinje neuron,GAD2
brain,Purkinje neuron,GNG4
brain,Purkinje neuron,GPSM1
brain,Purkinje neuron,GRIA3
brain,Purkinje neuron,GRID2
brain,Purkinje neuron,GRIN1
brain,Purkinje neuron,HCN1
brain,Purkinje neuron,HDAC6
brain,Purkinje neuron,HIVEP2
brain,Purkinje neuron,ITPR3
brain,Purkinje neuron,KCNA2
brain,Purkinje neuron,KCNMA1
brain,Purkinje neuron,MRPS35
brain,Purkinje neuron,NKAIN4
brain,Purkinje neuron,NRIP3
brain,Purkinje neuron,OMP
brain,Purkinje neuron,PCBP3
brain,Purkinje neuron,PCP4
brain,Purkinje neuron,PCP4L1
brain,Purkinje neuron,PDE1A
brain,Purkinje neuron,PDE1B
brain,Purkinje neuron,PDE5A
brain,Purkinje neuron,PDE9A
brain,Purkinje neuron,PENK
brain,Purkinje neuron,PKP4
brain,Purkinje neuron,PPM1E
brain,Purkinje neuron,PRKCA
brain,Purkinje neuron,PRKG1
brain,Purkinje neuron,PVALB
brain,Purkinje neuron,SHANK2
brain,Purkinje neuron,SHISA8
brain,Purkinje neuron,SLC12A5
brain,Purkinje neuron,SLC1A6
brain,Purkinje neuron,SLC22A15
brain,Purkinje neuron,SLC24A2
brain,Purkinje neuron,SLC24A3
brain,Purkinje neuron,SLC32A1
brain,Purkinje neuron,SYNPR
brain,Purkinje neuron,SYT2
brain,Purkinje neuron,TH
brain,Purkinje neuron,TSHZ1
brain,Pyramidal cell,ADRB2
brain,Pyramidal cell,AGER
brain,Pyramidal cell,CALB1
brain,Pyramidal cell,CAMK2A
brain,Pyramidal cell,CCK
brain,Pyramidal cell,CCM2
brain,Pyramidal cell,CD3E
brain,Pyramidal cell,DAB1
brain,Pyramidal cell,DLG4
brain,Pyramidal cell,EMX1
brain,Pyramidal cell,FEZF2
brain,Pyramidal cell,GRIA3
brain,Pyramidal cell,GRIN2D
brain,Pyramidal cell,GRM1
brain,Pyramidal cell,GRM5
brain,Pyramidal cell,KCNB1
brain,Pyramidal cell,KCNB2
brain,Pyramidal cell,KCND2
brain,Pyramidal cell,KCND3
brain,Pyramidal cell,KCNN4
brain,Pyramidal cell,KCNQ2
brain,Pyramidal cell,KCNQ3
brain,Pyramidal cell,MAP2
brain,Pyramidal cell,NR4A2
brain,Pyramidal cell,NRGN
brain,Pyramidal cell,OXTR
brain,Pyramidal cell,PCP4
brain,Pyramidal cell,PDE2A
brain,Pyramidal cell,POU3F1
brain,Pyramidal cell,RTN4
brain,Pyramidal cell,SATB2
brain,Pyramidal cell,SPINK8
brain,Pyramidal cell,SYNPR
brain,Pyramidal cell,TBR1
brain,Pyramidal cell,YWHAZ
brain,Radial glia cell,AXIN2
brain,Radial glia cell,CDH4
brain,Radial glia cell,EMX2
brain,Radial glia cell,GFAP
brain,Radial glia cell,GLI3
brain,Radial glia cell,HES5
brain,Radial glia cell,NOTCH3
brain,Radial glia cell,OLIG2
brain,Radial glia cell,PAX6
brain,Radial glia cell,PDGFD
brain,Radial glia cell,RIIAD1
brain,Radial glia cell,SLC1A3
brain,Radial glia cell,SPRY1
brain,Radial glia cell,VCAM1
brain,Rhombic lip cell,ATOH1
brain,Rhombic lip cell,EOMES
brain,Rhombic lip cell,LMX1A
brain,Rhombic lip cell,MATH1
brain,Rhombic lip cell,PAX6
brain,Rhombic lip cell,TBR2
brain,Rhombic lip cell,WLS
brain,Satellite glial cell,AQP4
brain,Satellite glial cell,BDKRB2
brain,Satellite glial cell,CDH1
brain,Satellite glial cell,CNGA3
brain,Satellite glial cell,CXCL8
brain,Satellite glial cell,EDNRB
brain,Satellite glial cell,EPOR
brain,Satellite glial cell,GFAP
brain,Satellite glial cell,GLUL
brain,Satellite glial cell,IL17A
brain,Satellite glial cell,IL6
brain,Satellite glial cell,JAK2
brain,Satellite glial cell,KCNJ10
brain,Satellite glial cell,MAPK1
brain,Satellite glial cell,P2RX7
brain,Satellite glial cell,P2RY12
brain,Satellite glial cell,PTGDS
brain,Satellite glial cell,SLC1A3
brain,Satellite glial cell,SLC6A1
brain,Satellite glial cell,SOX2
brain,Satellite glial cell,SSTR1
brain,Satellite glial cell,TGFA
brain,Satellite glial cell,TLR4
brain,Satellite glial cell,TNF
brain,Schwann cell,AGR2
brain,Schwann cell,ALDH2
brain,Schwann cell,ALDOC
brain,Schwann cell,APOD
brain,Schwann cell,ART3
brain,Schwann cell,ASPA
brain,Schwann cell,ATP1B1
brain,Schwann cell,ATP5MD
brain,Schwann cell,ATP5MK
brain,Schwann cell,BAG3
brain,Schwann cell,BCAS1
brain,Schwann cell,BCHE
brain,Schwann cell,CAB39L
brain,Schwann cell,CADM4
brain,Schwann cell,CD59A
brain,Schwann cell,CD82
brain,Schwann cell,CDKN1C
brain,Schwann cell,CHCHD10
brain,Schwann cell,CLDN19
brain,Schwann cell,CMTM5
brain,Schwann cell,CNP
brain,Schwann cell,COX20
brain,Schwann cell,CRYAB
brain,Schwann cell,CTHRC1
brain,Schwann cell,ECRG4
brain,Schwann cell,EGFL8
brain,Schwann cell,EPHX1
brain,Schwann cell,FXYD1
brain,Schwann cell,GFAP
brain,Schwann cell,GFRA3
brain,Schwann cell,GPR37L1
brain,Schwann cell,GPX8
brain,Schwann cell,IFI27
brain,Schwann cell,IGFBP2
brain,Schwann cell,ITGB4
brain,Schwann cell,KCNA1
brain,Schwann cell,KCNJ13
brain,Schwann cell,KL
brain,Schwann cell,LAMC1
brain,Schwann cell,LDHB
brain,Schwann cell,LGALS1
brain,Schwann cell,LGI4
brain,Schwann cell,MAG
brain,Schwann cell,MATN2
brain,Schwann cell,MCEE
brain,Schwann cell,MDH1
brain,Schwann cell,MPZ
brain,Schwann cell,MRPS6
brain,Schwann cell,MSX1
brain,Schwann cell,MT3
brain,Schwann cell,NDRG1
brain,Schwann cell,NDUFA1
brain,Schwann cell,NDUFA11
brain,Schwann cell,NDUFV3
brain,Schwann cell,NF2
brain,Schwann cell,NGFR
brain,Schwann cell,NOV
brain,Schwann cell,NPY
brain,Schwann cell,NRN1
brain,Schwann cell,NTRK1
brain,Schwann cell,OLIG1
brain,Schwann cell,PCP4L1
brain,Schwann cell,PLP1
brain,Schwann cell,PLTP
brain,Schwann cell,PMP22
brain,Schwann cell,POU3F1
brain,Schwann cell,PRDX5
brain,Schwann cell,PRX
brain,Schwann cell,RXRG
brain,Schwann cell,S100B
brain,Schwann cell,SCN7A
brain,Schwann cell,SEMA3B
brain,Schwann cell,SEPTIN9
brain,Schwann cell,SOSTDC1
brain,Schwann cell,SOX10
brain,Schwann cell,STMN1
brain,Schwann cell,SUCLA2
brain,Schwann cell,TAGLN
brain,Schwann cell,TST
brain,Schwann cell,VAT1L
brain,Serotonergic neuron,DDC
brain,Serotonergic neuron,ESM1
brain,Serotonergic neuron,FEV
brain,Serotonergic neuron,SLC18A2
brain,Serotonergic neuron,SLC22A3
brain,Serotonergic neuron,SLC6A4
brain,Serotonergic neuron,TPH1
brain,Serotonergic neuron,TPH2
brain,Smooth muscle cell,ABCC9
brain,Smooth muscle cell,ACTA2
brain,Smooth muscle cell,ADAP2
brain,Smooth muscle cell,AIRN
brain,Smooth muscle cell,ANO1
brain,Smooth muscle cell,ARHGAP42
brain,Smooth muscle cell,ATP13A5
brain,Smooth muscle cell,ATP1A2
brain,Smooth muscle cell,CALD1
brain,Smooth muscle cell,COBLL1
brain,Smooth muscle cell,COL4A1
brain,Smooth muscle cell,COL4A2
brain,Smooth muscle cell,CRIP1
brain,Smooth muscle cell,DLC1
brain,Smooth muscle cell,DOCK6
brain,Smooth muscle cell,EDNRA
brain,Smooth muscle cell,EGFLAM
brain,Smooth muscle cell,EPAS1
brain,Smooth muscle cell,EPHX3
brain,Smooth muscle cell,ETS1
brain,Smooth muscle cell,GJC1
brain,Smooth muscle cell,GM14005
brain,Smooth muscle cell,GM6249
brain,Smooth muscle cell,GUCY1A1
brain,Smooth muscle cell,GUCY1A3
brain,Smooth muscle cell,IGFBP7
brain,Smooth muscle cell,IRAG1
brain,Smooth muscle cell,ITGA1
brain,Smooth muscle cell,ITIH5
brain,Smooth muscle cell,LAMA2
brain,Smooth muscle cell,LAMA4
brain,Smooth muscle cell,LAMB1
brain,Smooth muscle cell,MAP3K7CL
brain,Smooth muscle cell,MIR4435-2HG
brain,Smooth muscle cell,MORRBID
brain,Smooth muscle cell,MRVI1
brain,Smooth muscle cell,MYH11
brain,Smooth muscle cell,MYH9
brain,Smooth muscle cell,MYO1B
brain,Smooth muscle cell,NID1
brain,Smooth muscle cell,NOTCH3
brain,Smooth muscle cell,OLFR558
brain,Smooth muscle cell,PALD1
brain,Smooth muscle cell,PDE5A
brain,Smooth muscle cell,PDE8B
brain,Smooth muscle cell,PDGFRB
brain,Smooth muscle cell,PDLIM3
brain,Smooth muscle cell,PHLDB2
brain,Smooth muscle cell,PLCE1
brain,Smooth muscle cell,RAPGEF5
brain,Smooth muscle cell,RBPMS
brain,Smooth muscle cell,RGS5
brain,Smooth muscle cell,SLC16A12
brain,Smooth muscle cell,SLC38A11
brain,Smooth muscle cell,SLC6A20A
brain,Smooth muscle cell,SNTB1
brain,Smooth muscle cell,STARD8
brain,Smooth muscle cell,TAGLN
brain,Smooth muscle cell,TBX2
brain,Smooth muscle cell,TNS1
brain,Smooth muscle cell,TRPC3
brain,Smooth muscle cell,UACA
brain,Smooth muscle cell,VSTM4
brain,T cell,CD3
brain,T cell,CD3D
brain,T cell,CD3E
brain,T cell,CD3G
brain,T cell,CD45RO
brain,T cell,PTPRC
brain,Tanycyte,ADM
brain,Tanycyte,CACNA2D2
brain,Tanycyte,CD59A
brain,Tanycyte,COL23A1
brain,Tanycyte,COL25A1
brain,Tanycyte,CRYM
brain,Tanycyte,CTGF
brain,Tanycyte,DIO2
brain,Tanycyte,DRD2
brain,Tanycyte,FNDC3C1
brain,Tanycyte,FRZB
brain,Tanycyte,GPR50
brain,Tanycyte,IGFBP5
brain,Tanycyte,LHX2
brain,Tanycyte,MEST
brain,Tanycyte,PENK
brain,Tanycyte,PRDX6
brain,Tanycyte,PTN
brain,Tanycyte,RAX
brain,Tanycyte,RGCC
brain,Tanycyte,RGS7BP
brain,Tanycyte,SCN7A
brain,Tanycyte,SLC16A2
brain,Tanycyte,SLC17A8
brain,Tanycyte,SPRR1A
brain,Tanycyte,TGFB2
brain,Tanycyte,VCAN
brain,Trigeminal neuron,ADD2
brain,Trigeminal neuron,AHNAK2
brain,Trigeminal neuron,ATL1
brain,Trigeminal neuron,AVIL
brain,Trigeminal neuron,CALCA
brain,Trigeminal neuron,CALCB
brain,Trigeminal neuron,CCDC92
brain,Trigeminal neuron,CLGN
brain,Trigeminal neuron,CPNE3
brain,Trigeminal neuron,CREBRF
brain,Trigeminal neuron,DGKH
brain,Trigeminal neuron,DGKZ
brain,Trigeminal neuron,DHCR24
brain,Trigeminal neuron,DRGX
brain,Trigeminal neuron,FAM189B
brain,Trigeminal neuron,FGF13
brain,Trigeminal neuron,FKBP1B
brain,Trigeminal neuron,GCNT2
brain,Trigeminal neuron,GDAP1
brain,Trigeminal neuron,HSPB8
brain,Trigeminal neuron,KCNAB2
brain,Trigeminal neuron,NEFH
brain,Trigeminal neuron,NEFM
brain,Trigeminal neuron,NICN1
brain,Trigeminal neuron,PARM1
brain,Trigeminal neuron,PHF24
brain,Trigeminal neuron,PIEZO2
brain,Trigeminal neuron,PIRT
brain,Trigeminal neuron,PPP1R1C
brain,Trigeminal neuron,PRDM12
brain,Trigeminal neuron,PRKX
brain,Trigeminal neuron,PRPH
brain,Trigeminal neuron,PRRXL1
brain,Trigeminal neuron,PRUNE2
brain,Trigeminal neuron,RGS7BP
brain,Trigeminal neuron,RUFY2
brain,Trigeminal neuron,SCN10A
brain,Trigeminal neuron,SCN7A
brain,Trigeminal neuron,SCN9A
brain,Trigeminal neuron,SLC17A6
brain,Trigeminal neuron,SNCG
brain,Trigeminal neuron,SYNM
brain,Trigeminal neuron,TAC1
brain,Trigeminal neuron,TLN2
brain,Trigeminal neuron,VAMP1
brain,Trigeminal neuron,VWA5A
brain,Trigeminal neuron,ZDHHC2
brain,Type IA spiral ganglion neuron,1700025G04RIK
brain,Type IA spiral ganglion neuron,1810011O10RIK
brain,Type IA spiral ganglion neuron,2510009E07RIK
brain,Type IA spiral ganglion neuron,6330416G13RIK
brain,Type IA spiral ganglion neuron,A330074K22RIK
brain,Type IA spiral ganglion neuron,ACTN2
brain,Type IA spiral ganglion neuron,ADAMTS5
brain,Type IA spiral ganglion neuron,AFAP1L1
brain,Type IA spiral ganglion neuron,ALDH5A1
brain,Type IA spiral ganglion neuron,ALPK2
brain,Type IA spiral ganglion neuron,APBA2
brain,Type IA spiral ganglion neuron,ARC
brain,Type IA spiral ganglion neuron,ARHGAP19
brain,Type IA spiral ganglion neuron,ARHGAP20
brain,Type IA spiral ganglion neuron,ARHGAP22
brain,Type IA spiral ganglion neuron,ARHGDIG
brain,Type IA spiral ganglion neuron,ARHGEF3
brain,Type IA spiral ganglion neuron,ASAP2
brain,Type IA spiral ganglion neuron,B3GAT1
brain,Type IA spiral ganglion neuron,BAG3
brain,Type IA spiral ganglion neuron,BVES
brain,Type IA spiral ganglion neuron,CA2
brain,Type IA spiral ganglion neuron,CACHD1
brain,Type IA spiral ganglion neuron,CACNA1B
brain,Type IA spiral ganglion neuron,CACNA1H
brain,Type IA spiral ganglion neuron,CACNA2D1
brain,Type IA spiral ganglion neuron,CACNA2D2
brain,Type IA spiral ganglion neuron,CALB2
brain,Type IA spiral ganglion neuron,CAR2
brain,Type IA spiral ganglion neuron,CARHSP1
brain,Type IA spiral ganglion neuron,CD24
brain,Type IA spiral ganglion neuron,CD24A
brain,Type IA spiral ganglion neuron,CD63
brain,Type IA spiral ganglion neuron,CDH22
brain,Type IA spiral ganglion neuron,CDK15
brain,Type IA spiral ganglion neuron,CHRNA1
brain,Type IA spiral ganglion neuron,CHRNA4
brain,Type IA spiral ganglion neuron,CLDN23
brain,Type IA spiral ganglion neuron,CLN8
brain,Type IA spiral ganglion neuron,CMTM4
brain,Type IA spiral ganglion neuron,COL4A2
brain,Type IA spiral ganglion neuron,CPXM1
brain,Type IA spiral ganglion neuron,CREG2
brain,Type IA spiral ganglion neuron,CSF1
brain,Type IA spiral ganglion neuron,CYP2S1
brain,Type IA spiral ganglion neuron,CYP46A1
brain,Type IA spiral ganglion neuron,CYS1
brain,Type IA spiral ganglion neuron,DCLK1
brain,Type IA spiral ganglion neuron,DERA
brain,Type IA spiral ganglion neuron,DISP3
brain,Type IA spiral ganglion neuron,DLGAP2
brain,Type IA spiral ganglion neuron,DNAH10
brain,Type IA spiral ganglion neuron,DOCK4
brain,Type IA spiral ganglion neuron,DOK5
brain,Type IA spiral ganglion neuron,DPY19L1
brain,Type IA spiral ganglion neuron,ELOVL5
brain,Type IA spiral ganglion neuron,EPHX4
brain,Type IA spiral ganglion neuron,ERICH1
brain,Type IA spiral ganglion neuron,F11R
brain,Type IA spiral ganglion neuron,F2R
brain,Type IA spiral ganglion neuron,F730043M19RIK
brain,Type IA spiral ganglion neuron,FAM219AOS
brain,Type IA spiral ganglion neuron,FAM78B
brain,Type IA spiral ganglion neuron,FAM84A
brain,Type IA spiral ganglion neuron,FBXO40
brain,Type IA spiral ganglion neuron,FKBP5
brain,Type IA spiral ganglion neuron,FMNL1
brain,Type IA spiral ganglion neuron,FRAT1
brain,Type IA spiral ganglion neuron,FRAT2
brain,Type IA spiral ganglion neuron,FRMD5
brain,Type IA spiral ganglion neuron,GHR
brain,Type IA spiral ganglion neuron,GM12992
brain,Type IA spiral ganglion neuron,GM15760
brain,Type IA spiral ganglion neuron,GNAO1
brain,Type IA spiral ganglion neuron,GOLGA7B
brain,Type IA spiral ganglion neuron,GPR37
brain,Type IA spiral ganglion neuron,GXYLT2
brain,Type IA spiral ganglion neuron,HCN3
brain,Type IA spiral ganglion neuron,HMOX1
brain,Type IA spiral ganglion neuron,HPCAL1
brain,Type IA spiral ganglion neuron,HYDIN
brain,Type IA spiral ganglion neuron,IGFBP3
brain,Type IA spiral ganglion neuron,IGTP
brain,Type IA spiral ganglion neuron,IRGM2
brain,Type IA spiral ganglion neuron,ISOC1
brain,Type IA spiral ganglion neuron,KCNIP4
brain,Type IA spiral ganglion neuron,KCNK12
brain,Type IA spiral ganglion neuron,KREMEN1
brain,Type IA spiral ganglion neuron,KSR1
brain,Type IA spiral ganglion neuron,L3HYPDH
brain,Type IA spiral ganglion neuron,LCP2
brain,Type IA spiral ganglion neuron,LMCD1
brain,Type IA spiral ganglion neuron,LRATD1
brain,Type IA spiral ganglion neuron,LRFN2
brain,Type IA spiral ganglion neuron,LRRC4C
brain,Type IA spiral ganglion neuron,LSM11
brain,Type IA spiral ganglion neuron,MAF
brain,Type IA spiral ganglion neuron,MAPK4
brain,Type IA spiral ganglion neuron,MBD2
brain,Type IA spiral ganglion neuron,MDGA1
brain,Type IA spiral ganglion neuron,ME1
brain,Type IA spiral ganglion neuron,MICAL1
brain,Type IA spiral ganglion neuron,MTURN
brain,Type IA spiral ganglion neuron,MYL1
brain,Type IA spiral ganglion neuron,MYO1E
brain,Type IA spiral ganglion neuron,N4BP3
brain,Type IA spiral ganglion neuron,NAIP2
brain,Type IA spiral ganglion neuron,NAIP5
brain,Type IA spiral ganglion neuron,NDE1
brain,Type IA spiral ganglion neuron,NFIB
brain,Type IA spiral ganglion neuron,NFKBIZ
brain,Type IA spiral ganglion neuron,NHSL1
brain,Type IA spiral ganglion neuron,NHSL2
brain,Type IA spiral ganglion neuron,NR3C1
brain,Type IA spiral ganglion neuron,NRCAM
brain,Type IA spiral ganglion neuron,NRDE2
brain,Type IA spiral ganglion neuron,OBSCN
brain,Type IA spiral ganglion neuron,OLFML2B
brain,Type IA spiral ganglion neuron,PAG1
brain,Type IA spiral ganglion neuron,PALMD
brain,Type IA spiral ganglion neuron,PARM1
brain,Type IA spiral ganglion neuron,PARP9
brain,Type IA spiral ganglion neuron,PAXBP1
brain,Type IA spiral ganglion neuron,PCDH20
brain,Type IA spiral ganglion neuron,PCED1B
brain,Type IA spiral ganglion neuron,PDE3B
brain,Type IA spiral ganglion neuron,PLEKHH1
brain,Type IA spiral ganglion neuron,PLEKHO1
brain,Type IA spiral ganglion neuron,PLIN2
brain,Type IA spiral ganglion neuron,POFUT1
brain,Type IA spiral ganglion neuron,POR
brain,Type IA spiral ganglion neuron,PTCHD2
brain,Type IA spiral ganglion neuron,PTPRD
brain,Type IA spiral ganglion neuron,PYGL
brain,Type IA spiral ganglion neuron,PYGM
brain,Type IA spiral ganglion neuron,QK
brain,Type IA spiral ganglion neuron,RASD1
brain,Type IA spiral ganglion neuron,RASSF6
brain,Type IA spiral ganglion neuron,RASSF8
brain,Type IA spiral ganglion neuron,RGAG4
brain,Type IA spiral ganglion neuron,RGS6
brain,Type IA spiral ganglion neuron,RHOU
brain,Type IA spiral ganglion neuron,RILPL1
brain,Type IA spiral ganglion neuron,RIN2
brain,Type IA spiral ganglion neuron,RPP25
brain,Type IA spiral ganglion neuron,RSPH3B
brain,Type IA spiral ganglion neuron,RTL5
brain,Type IA spiral ganglion neuron,RXRG
brain,Type IA spiral ganglion neuron,SASH1
brain,Type IA spiral ganglion neuron,SEMA4G
brain,Type IA spiral ganglion neuron,SERTM1
brain,Type IA spiral ganglion neuron,SH3BGR
brain,Type IA spiral ganglion neuron,SH3BGRL
brain,Type IA spiral ganglion neuron,SLC15A5
brain,Type IA spiral ganglion neuron,SLC25A13
brain,Type IA spiral ganglion neuron,SLC7A2
brain,Type IA spiral ganglion neuron,SLC7A8
brain,Type IA spiral ganglion neuron,SMIM3
brain,Type IA spiral ganglion neuron,SNHG4
brain,Type IA spiral ganglion neuron,SNTA1
brain,Type IA spiral ganglion neuron,SNTB2
brain,Type IA spiral ganglion neuron,SOX12
brain,Type IA spiral ganglion neuron,SPRED2
brain,Type IA spiral ganglion neuron,SYNDIG1
brain,Type IA spiral ganglion neuron,SYNGR1
brain,Type IA spiral ganglion neuron,TANC1
brain,Type IA spiral ganglion neuron,TBC1D16
brain,Type IA spiral ganglion neuron,TCIM
brain,Type IA spiral ganglion neuron,TEC
brain,Type IA spiral ganglion neuron,THEM6
brain,Type IA spiral ganglion neuron,TIAM1
brain,Type IA spiral ganglion neuron,TMCC3
brain,Type IA spiral ganglion neuron,TMEM108
brain,Type IA spiral ganglion neuron,TMEM132C
brain,Type IA spiral ganglion neuron,TMEM132E
brain,Type IA spiral ganglion neuron,TMEM229A
brain,Type IA spiral ganglion neuron,TMEM229B
brain,Type IA spiral ganglion neuron,TMEM268
brain,Type IA spiral ganglion neuron,TMEM65
brain,Type IA spiral ganglion neuron,TNKS1BP1
brain,Type IA spiral ganglion neuron,TRIM24
brain,Type IA spiral ganglion neuron,TRIM54
brain,Type IA spiral ganglion neuron,TSEN54
brain,Type IA spiral ganglion neuron,TSPAN4
brain,Type IA spiral ganglion neuron,TSPAN9
brain,Type IA spiral ganglion neuron,TTC38
brain,Type IA spiral ganglion neuron,UPP1
brain,Type IA spiral ganglion neuron,VLDLR
brain,Type IA spiral ganglion neuron,VPS8
brain,Type IA spiral ganglion neuron,WDR91
brain,Type IA spiral ganglion neuron,WSCD2
brain,Type IA spiral ganglion neuron,ZFHX3
brain,Type IA spiral ganglion neuron,ZFP532
brain,Type IA spiral ganglion neuron,ZFP710
brain,Type IA spiral ganglion neuron,ZFP804A
brain,Type IB spiral ganglion neuron,ANKRD16
brain,Type IB spiral ganglion neuron,ANXA5
brain,Type IB spiral ganglion neuron,APEX2
brain,Type IB spiral ganglion neuron,BCAM
brain,Type IB spiral ganglion neuron,BTBD9
brain,Type IB spiral ganglion neuron,CALB1
brain,Type IB spiral ganglion neuron,CCDC155
brain,Type IB spiral ganglion neuron,CDH23
brain,Type IB spiral ganglion neuron,CFAP161
brain,Type IB spiral ganglion neuron,COL19A1
brain,Type IB spiral ganglion neuron,CX3CL1
brain,Type IB spiral ganglion neuron,EDIL3
brain,Type IB spiral ganglion neuron,ENO1
brain,Type IB spiral ganglion neuron,EZR
brain,Type IB spiral ganglion neuron,FBXO27
brain,Type IB spiral ganglion neuron,H2-K1
brain,Type IB spiral ganglion neuron,HCRTR2
brain,Type IB spiral ganglion neuron,HTR2C
brain,Type IB spiral ganglion neuron,IFIT1
brain,Type IB spiral ganglion neuron,KASH5
brain,Type IB spiral ganglion neuron,KCND2
brain,Type IB spiral ganglion neuron,KCNMB2
brain,Type IB spiral ganglion neuron,KCNQ1
brain,Type IB spiral ganglion neuron,LGALS1
brain,Type IB spiral ganglion neuron,LRRC52
brain,Type IB spiral ganglion neuron,LRRC7
brain,Type IB spiral ganglion neuron,LYPD6
brain,Type IB spiral ganglion neuron,MGAT5B
brain,Type IB spiral ganglion neuron,PLS3
brain,Type IB spiral ganglion neuron,PPFIBP2
brain,Type IB spiral ganglion neuron,PPM1D
brain,Type IB spiral ganglion neuron,RASGRP2
brain,Type IB spiral ganglion neuron,RBM20
brain,Type IB spiral ganglion neuron,RUNX1
brain,Type IB spiral ganglion neuron,RYR3
brain,Type IB spiral ganglion neuron,SDC4
brain,Type IB spiral ganglion neuron,SEMA3D
brain,Type IB spiral ganglion neuron,SEMA3E
brain,Type IB spiral ganglion neuron,SESTD1
brain,Type IB spiral ganglion neuron,SLC29A3
brain,Type IB spiral ganglion neuron,SPATS2L
brain,Type IB spiral ganglion neuron,SPRY3
brain,Type IB spiral ganglion neuron,TMEM196
brain,Type IB spiral ganglion neuron,TMPRSS4
brain,Type IB spiral ganglion neuron,TPBGL
brain,Type IB spiral ganglion neuron,TRMT61A
brain,Type IB spiral ganglion neuron,TTN
brain,Type IB spiral ganglion neuron,UBXN2B
brain,Type IB spiral ganglion neuron,WSCD1
brain,Type IB spiral ganglion neuron,ZADH2
brain,Type IC spiral ganglion neuron,1190002N15RIK
brain,Type IC spiral ganglion neuron,1700123I01RIK
brain,Type IC spiral ganglion neuron,1810041L15RIK
brain,Type IC spiral ganglion neuron,6030419C18RIK
brain,Type IC spiral ganglion neuron,6330403K07RIK
brain,Type IC spiral ganglion neuron,ADAM11
brain,Type IC spiral ganglion neuron,ADGRA1
brain,Type IC spiral ganglion neuron,ADGRB3
brain,Type IC spiral ganglion neuron,ADPRHL1
brain,Type IC spiral ganglion neuron,AI987944
brain,Type IC spiral ganglion neuron,ANKS1B
brain,Type IC spiral ganglion neuron,ANTXR1
brain,Type IC spiral ganglion neuron,ARNT2
brain,Type IC spiral ganglion neuron,ARPP21
brain,Type IC spiral ganglion neuron,ATP11A
brain,Type IC spiral ganglion neuron,B4GALT4
brain,Type IC spiral ganglion neuron,BC030500
brain,Type IC spiral ganglion neuron,BHLHE22
brain,Type IC spiral ganglion neuron,BOC
brain,Type IC spiral ganglion neuron,CACNA1E
brain,Type IC spiral ganglion neuron,CACNG5
brain,Type IC spiral ganglion neuron,CAMK1D
brain,Type IC spiral ganglion neuron,CAR13
brain,Type IC spiral ganglion neuron,CCDC109B
brain,Type IC spiral ganglion neuron,CCDC162
brain,Type IC spiral ganglion neuron,CCDC162P
brain,Type IC spiral ganglion neuron,CCKAR
brain,Type IC spiral ganglion neuron,CD164L2
brain,Type IC spiral ganglion neuron,CDH4
brain,Type IC spiral ganglion neuron,CDH8
brain,Type IC spiral ganglion neuron,CHST9
brain,Type IC spiral ganglion neuron,CIT
brain,Type IC spiral ganglion neuron,CLEC18A
brain,Type IC spiral ganglion neuron,CLRN1
brain,Type IC spiral ganglion neuron,CPLX2
brain,Type IC spiral ganglion neuron,CPNE6
brain,Type IC spiral ganglion neuron,CRIM1
brain,Type IC spiral ganglion neuron,CRTAC1
brain,Type IC spiral ganglion neuron,CYP1B1
brain,Type IC spiral ganglion neuron,CYTH3
brain,Type IC spiral ganglion neuron,DACH1
brain,Type IC spiral ganglion neuron,DCBLD2
brain,Type IC spiral ganglion neuron,DCC
brain,Type IC spiral ganglion neuron,DENND2C
brain,Type IC spiral ganglion neuron,DIPK2A
brain,Type IC spiral ganglion neuron,DIRAS2
brain,Type IC spiral ganglion neuron,DRD1
brain,Type IC spiral ganglion neuron,DUSP6
brain,Type IC spiral ganglion neuron,EGFLAM
brain,Type IC spiral ganglion neuron,EHBP1L1
brain,Type IC spiral ganglion neuron,ELFN2
brain,Type IC spiral ganglion neuron,ELMOD1
brain,Type IC spiral ganglion neuron,EMB
brain,Type IC spiral ganglion neuron,EPB41L4A
brain,Type IC spiral ganglion neuron,ESPN
brain,Type IC spiral ganglion neuron,ESR2
brain,Type IC spiral ganglion neuron,EVA1C
brain,Type IC spiral ganglion neuron,F630111L10RIK
brain,Type IC spiral ganglion neuron,FAIM2
brain,Type IC spiral ganglion neuron,FAM3C
brain,Type IC spiral ganglion neuron,FAM43B
brain,Type IC spiral ganglion neuron,FANCA
brain,Type IC spiral ganglion neuron,FGF5
brain,Type IC spiral ganglion neuron,FKBP11
brain,Type IC spiral ganglion neuron,FKBP9
brain,Type IC spiral ganglion neuron,FMN1
brain,Type IC spiral ganglion neuron,FSCN2
brain,Type IC spiral ganglion neuron,FUT8
brain,Type IC spiral ganglion neuron,GAB1
brain,Type IC spiral ganglion neuron,GALK2
brain,Type IC spiral ganglion neuron,GALNT13
brain,Type IC spiral ganglion neuron,GALNT14
brain,Type IC spiral ganglion neuron,GALNTL6
brain,Type IC spiral ganglion neuron,GGACT
brain,Type IC spiral ganglion neuron,GLCE
brain,Type IC spiral ganglion neuron,GLDN
brain,Type IC spiral ganglion neuron,GLIS1
brain,Type IC spiral ganglion neuron,GM19557
brain,Type IC spiral ganglion neuron,GM20063
brain,Type IC spiral ganglion neuron,GPR155
brain,Type IC spiral ganglion neuron,GPX8
brain,Type IC spiral ganglion neuron,GRM8
brain,Type IC spiral ganglion neuron,GRXCR2
brain,Type IC spiral ganglion neuron,GSTP1
brain,Type IC spiral ganglion neuron,HAP1
brain,Type IC spiral ganglion neuron,HMCN1
brain,Type IC spiral ganglion neuron,HOPX
brain,Type IC spiral ganglion neuron,HRH3
brain,Type IC spiral ganglion neuron,INSYN1
brain,Type IC spiral ganglion neuron,ISLR2
brain,Type IC spiral ganglion neuron,KCNC2
brain,Type IC spiral ganglion neuron,KCNIP1
brain,Type IC spiral ganglion neuron,KCNIP2
brain,Type IC spiral ganglion neuron,KCNJ9
brain,Type IC spiral ganglion neuron,KCNK3
brain,Type IC spiral ganglion neuron,KHDRBS2
brain,Type IC spiral ganglion neuron,KIF26B
brain,Type IC spiral ganglion neuron,KRT28
brain,Type IC spiral ganglion neuron,LDHA
brain,Type IC spiral ganglion neuron,LEMD1
brain,Type IC spiral ganglion neuron,LGI1
brain,Type IC spiral ganglion neuron,LGR5
brain,Type IC spiral ganglion neuron,LRRCC1
brain,Type IC spiral ganglion neuron,LRRK2
brain,Type IC spiral ganglion neuron,LUZP2
brain,Type IC spiral ganglion neuron,LYPD1
brain,Type IC spiral ganglion neuron,MAGI1
brain,Type IC spiral ganglion neuron,MAJIN
brain,Type IC spiral ganglion neuron,MAP3K20
brain,Type IC spiral ganglion neuron,MCM6
brain,Type IC spiral ganglion neuron,MCUB
brain,Type IC spiral ganglion neuron,MEF2C
brain,Type IC spiral ganglion neuron,MGAT4C
brain,Type IC spiral ganglion neuron,MKNK1
brain,Type IC spiral ganglion neuron,MRPS6
brain,Type IC spiral ganglion neuron,MSTN
brain,Type IC spiral ganglion neuron,MYO1H
brain,Type IC spiral ganglion neuron,MYOM3
brain,Type IC spiral ganglion neuron,NALCN
brain,Type IC spiral ganglion neuron,NCALD
brain,Type IC spiral ganglion neuron,NDST3
brain,Type IC spiral ganglion neuron,NDST4
brain,Type IC spiral ganglion neuron,NEGR1
brain,Type IC spiral ganglion neuron,NEUROD1
brain,Type IC spiral ganglion neuron,NMRK1
brain,Type IC spiral ganglion neuron,NRP1
brain,Type IC spiral ganglion neuron,NTNG1
brain,Type IC spiral ganglion neuron,OBI1
brain,Type IC spiral ganglion neuron,P2RY14
brain,Type IC spiral ganglion neuron,P3H4
brain,Type IC spiral ganglion neuron,PARVA
brain,Type IC spiral ganglion neuron,PCBD1
brain,Type IC spiral ganglion neuron,PCDH9
brain,Type IC spiral ganglion neuron,PCP4L1
brain,Type IC spiral ganglion neuron,PCSK2
brain,Type IC spiral ganglion neuron,PCSK2OS1
brain,Type IC spiral ganglion neuron,PCSK5
brain,Type IC spiral ganglion neuron,PIRT
brain,Type IC spiral ganglion neuron,PISD-PS1
brain,Type IC spiral ganglion neuron,PLCD4
brain,Type IC spiral ganglion neuron,PLCE1
brain,Type IC spiral ganglion neuron,PLCXD2
brain,Type IC spiral ganglion neuron,PLOD2
brain,Type IC spiral ganglion neuron,PLXNA2
brain,Type IC spiral ganglion neuron,PNCK
brain,Type IC spiral ganglion neuron,POU4F1
brain,Type IC spiral ganglion neuron,PPP1R3B
brain,Type IC spiral ganglion neuron,PRKAR2B
brain,Type IC spiral ganglion neuron,PRR15
brain,Type IC spiral ganglion neuron,PRRT2
brain,Type IC spiral ganglion neuron,PTK7
brain,Type IC spiral ganglion neuron,RAB15
brain,Type IC spiral ganglion neuron,RASGRF1
brain,Type IC spiral ganglion neuron,RBFOX3
brain,Type IC spiral ganglion neuron,RGS10
brain,Type IC spiral ganglion neuron,RGS12
brain,Type IC spiral ganglion neuron,RHBDL1
brain,Type IC spiral ganglion neuron,RND2
brain,Type IC spiral ganglion neuron,RNF219
brain,Type IC spiral ganglion neuron,ROBO1
brain,Type IC spiral ganglion neuron,ROBO2
brain,Type IC spiral ganglion neuron,RPH3A
brain,Type IC spiral ganglion neuron,RUNX1T1
brain,Type IC spiral ganglion neuron,SAMD11
brain,Type IC spiral ganglion neuron,SATB1
brain,Type IC spiral ganglion neuron,SCN2B
brain,Type IC spiral ganglion neuron,SEMA3A
brain,Type IC spiral ganglion neuron,SEMA3F
brain,Type IC spiral ganglion neuron,SEMA4D
brain,Type IC spiral ganglion neuron,SERP2
brain,Type IC spiral ganglion neuron,SH2D7
brain,Type IC spiral ganglion neuron,SHISAL1
brain,Type IC spiral ganglion neuron,SLC17A6
brain,Type IC spiral ganglion neuron,SLC9A9
brain,Type IC spiral ganglion neuron,SLCO4A1
brain,Type IC spiral ganglion neuron,SLIT2
brain,Type IC spiral ganglion neuron,SLITRK2
brain,Type IC spiral ganglion neuron,SNCG
brain,Type IC spiral ganglion neuron,SORBS2
brain,Type IC spiral ganglion neuron,SPHKAP
brain,Type IC spiral ganglion neuron,SPOCK1
brain,Type IC spiral ganglion neuron,SPTB
brain,Type IC spiral ganglion neuron,ST6GALNAC3
brain,Type IC spiral ganglion neuron,TAGLN3
brain,Type IC spiral ganglion neuron,TENM2
brain,Type IC spiral ganglion neuron,TERF2
brain,Type IC spiral ganglion neuron,THRSP
brain,Type IC spiral ganglion neuron,TIMP3
brain,Type IC spiral ganglion neuron,TJP2
brain,Type IC spiral ganglion neuron,TMEM117
brain,Type IC spiral ganglion neuron,TMEM47
brain,Type IC spiral ganglion neuron,TMPRSS7
brain,Type IC spiral ganglion neuron,TPO
brain,Type IC spiral ganglion neuron,TRIOBP
brain,Type IC spiral ganglion neuron,TSKU
brain,Type IC spiral ganglion neuron,TSPAN2
brain,Type IC spiral ganglion neuron,TTYH2
brain,Type IC spiral ganglion neuron,USH1G
brain,Type IC spiral ganglion neuron,UST
brain,Type IC spiral ganglion neuron,VAT1L
brain,Type IC spiral ganglion neuron,ZAK
brain,Type IC spiral ganglion neuron,ZEB2
brain,Type IC spiral ganglion neuron,ZFP536
brain,Type IC spiral ganglion neuron,ZFP947
brain,Type II spiral ganglion neuron,ABCB1A
brain,Type II spiral ganglion neuron,ABHD2
brain,Type II spiral ganglion neuron,ABHD4
brain,Type II spiral ganglion neuron,ACADL
brain,Type II spiral ganglion neuron,ACTN2
brain,Type II spiral ganglion neuron,ACVR2A
brain,Type II spiral ganglion neuron,ADAM17
brain,Type II spiral ganglion neuron,ADAM19
brain,Type II spiral ganglion neuron,ADAMTSL5
brain,Type II spiral ganglion neuron,ADARB2
brain,Type II spiral ganglion neuron,ADCY2
brain,Type II spiral ganglion neuron,ADGRB1
brain,Type II spiral ganglion neuron,ADM
brain,Type II spiral ganglion neuron,AFF3
brain,Type II spiral ganglion neuron,AGPAT3
brain,Type II spiral ganglion neuron,AGPAT4
brain,Type II spiral ganglion neuron,AGTRAP
brain,Type II spiral ganglion neuron,AI413582
brain,Type II spiral ganglion neuron,AKAP13
brain,Type II spiral ganglion neuron,ALCAM
brain,Type II spiral ganglion neuron,ALDOART2
brain,Type II spiral ganglion neuron,ALKBH1
brain,Type II spiral ganglion neuron,ALKBH2
brain,Type II spiral ganglion neuron,ANO2
brain,Type II spiral ganglion neuron,ANTXR2
brain,Type II spiral ganglion neuron,APAF1
brain,Type II spiral ganglion neuron,APOBEC1
brain,Type II spiral ganglion neuron,ARAP2
brain,Type II spiral ganglion neuron,ARHGAP27
brain,Type II spiral ganglion neuron,ARHGAP27OS3
brain,Type II spiral ganglion neuron,ARHGAP36
brain,Type II spiral ganglion neuron,ARHGAP39
brain,Type II spiral ganglion neuron,ARHGEF28
brain,Type II spiral ganglion neuron,ARNT2
brain,Type II spiral ganglion neuron,ARPC5
brain,Type II spiral ganglion neuron,ASAP3
brain,Type II spiral ganglion neuron,ASB1
brain,Type II spiral ganglion neuron,ASCL2
brain,Type II spiral ganglion neuron,ASL
brain,Type II spiral ganglion neuron,ASPHD2
brain,Type II spiral ganglion neuron,ASS1
brain,Type II spiral ganglion neuron,ASTN2
brain,Type II spiral ganglion neuron,ATG16L2
brain,Type II spiral ganglion neuron,ATP10D
brain,Type II spiral ganglion neuron,ATP2B4
brain,Type II spiral ganglion neuron,B230216N24RIK
brain,Type II spiral ganglion neuron,BAALC
brain,Type II spiral ganglion neuron,BEAN1
brain,Type II spiral ganglion neuron,BEX1
brain,Type II spiral ganglion neuron,BEX4
brain,Type II spiral ganglion neuron,BGN
brain,Type II spiral ganglion neuron,BMP7
brain,Type II spiral ganglion neuron,BMPR1A
brain,Type II spiral ganglion neuron,CABIN1
brain,Type II spiral ganglion neuron,CACHD1
brain,Type II spiral ganglion neuron,CACNA1E
brain,Type II spiral ganglion neuron,CACNA2D1
brain,Type II spiral ganglion neuron,CACNA2D2
brain,Type II spiral ganglion neuron,CACNG5
brain,Type II spiral ganglion neuron,CAMK1G
brain,Type II spiral ganglion neuron,CAPN5
brain,Type II spiral ganglion neuron,CBLB
brain,Type II spiral ganglion neuron,CBX4
brain,Type II spiral ganglion neuron,CCDC112
brain,Type II spiral ganglion neuron,CCDC167
brain,Type II spiral ganglion neuron,CCDC22
brain,Type II spiral ganglion neuron,CCDC28B
brain,Type II spiral ganglion neuron,CCDC77
brain,Type II spiral ganglion neuron,CD200
brain,Type II spiral ganglion neuron,CD47
brain,Type II spiral ganglion neuron,CD63
brain,Type II spiral ganglion neuron,CD74
brain,Type II spiral ganglion neuron,CES2G
brain,Type II spiral ganglion neuron,CFLAR
brain,Type II spiral ganglion neuron,CHD3
brain,Type II spiral ganglion neuron,CHMP1A
brain,Type II spiral ganglion neuron,CHN2
brain,Type II spiral ganglion neuron,CHTOP
brain,Type II spiral ganglion neuron,CILP
brain,Type II spiral ganglion neuron,CKAP4
brain,Type II spiral ganglion neuron,CLCN1
brain,Type II spiral ganglion neuron,CLDN9
brain,Type II spiral ganglion neuron,CLIC1
brain,Type II spiral ganglion neuron,CLINT1
brain,Type II spiral ganglion neuron,CMTM4
brain,Type II spiral ganglion neuron,CNKSR2
brain,Type II spiral ganglion neuron,CNOT8
brain,Type II spiral ganglion neuron,CNTNAP5B
brain,Type II spiral ganglion neuron,COL28A1
brain,Type II spiral ganglion neuron,COMMD7
brain,Type II spiral ganglion neuron,CPNE1
brain,Type II spiral ganglion neuron,CPNE8
brain,Type II spiral ganglion neuron,CPSF3
brain,Type II spiral ganglion neuron,CRABP1
brain,Type II spiral ganglion neuron,CRIP2
brain,Type II spiral ganglion neuron,CRISPLD1
brain,Type II spiral ganglion neuron,CRTAC1
brain,Type II spiral ganglion neuron,CSF1R
brain,Type II spiral ganglion neuron,CSRP1
brain,Type II spiral ganglion neuron,CTC1
brain,Type II spiral ganglion neuron,CTHRC1
brain,Type II spiral ganglion neuron,CTNNA1
brain,Type II spiral ganglion neuron,CUX2
brain,Type II spiral ganglion neuron,CWC22
brain,Type II spiral ganglion neuron,CYB5A
brain,Type II spiral ganglion neuron,CYP39A1
brain,Type II spiral ganglion neuron,D030028A08RIK
brain,Type II spiral ganglion neuron,DEFB47
brain,Type II spiral ganglion neuron,DGKH
brain,Type II spiral ganglion neuron,DLG5
brain,Type II spiral ganglion neuron,DMD
brain,Type II spiral ganglion neuron,DNPH1
brain,Type II spiral ganglion neuron,DOK6
brain,Type II spiral ganglion neuron,DOK7
brain,Type II spiral ganglion neuron,DONSON
brain,Type II spiral ganglion neuron,DPYSL3
brain,Type II spiral ganglion neuron,DUBR
brain,Type II spiral ganglion neuron,DUSP11
brain,Type II spiral ganglion neuron,E230016M11RIK
brain,Type II spiral ganglion neuron,EBF4
brain,Type II spiral ganglion neuron,EDARADD
brain,Type II spiral ganglion neuron,EEF2KMT
brain,Type II spiral ganglion neuron,EFEMP2
brain,Type II spiral ganglion neuron,EFNA5
brain,Type II spiral ganglion neuron,EFNB1
brain,Type II spiral ganglion neuron,EFS
brain,Type II spiral ganglion neuron,EGFL7
brain,Type II spiral ganglion neuron,ELOVL1
brain,Type II spiral ganglion neuron,ELP4
brain,Type II spiral ganglion neuron,EML1
brain,Type II spiral ganglion neuron,EML6
brain,Type II spiral ganglion neuron,EPB41
brain,Type II spiral ganglion neuron,EPB41L4A
brain,Type II spiral ganglion neuron,EPHA8
brain,Type II spiral ganglion neuron,EPHB2
brain,Type II spiral ganglion neuron,EPN2
brain,Type II spiral ganglion neuron,EPS15
brain,Type II spiral ganglion neuron,ERC1
brain,Type II spiral ganglion neuron,ERLIN2
brain,Type II spiral ganglion neuron,EZR
brain,Type II spiral ganglion neuron,F11R
brain,Type II spiral ganglion neuron,F2R
brain,Type II spiral ganglion neuron,FAM117A
brain,Type II spiral ganglion neuron,FAM178B
brain,Type II spiral ganglion neuron,FAM20A
brain,Type II spiral ganglion neuron,FAM219B
brain,Type II spiral ganglion neuron,FAM227A
brain,Type II spiral ganglion neuron,FBLN5
brain,Type II spiral ganglion neuron,FBLN7
brain,Type II spiral ganglion neuron,FBN2
brain,Type II spiral ganglion neuron,FBXW17
brain,Type II spiral ganglion neuron,FDFT1
brain,Type II spiral ganglion neuron,FDXR
brain,Type II spiral ganglion neuron,FES
brain,Type II spiral ganglion neuron,FGD2
brain,Type II spiral ganglion neuron,FGFR3
brain,Type II spiral ganglion neuron,FIRRE
brain,Type II spiral ganglion neuron,FLNB
brain,Type II spiral ganglion neuron,FLOT2
brain,Type II spiral ganglion neuron,FLRT3
brain,Type II spiral ganglion neuron,FLYWCH2
brain,Type II spiral ganglion neuron,FMOD
brain,Type II spiral ganglion neuron,FNBP1
brain,Type II spiral ganglion neuron,FNBP1L
brain,Type II spiral ganglion neuron,FOXJ2
brain,Type II spiral ganglion neuron,FPGT
brain,Type II spiral ganglion neuron,FRAT1
brain,Type II spiral ganglion neuron,FRMD8
brain,Type II spiral ganglion neuron,FSTL4
brain,Type II spiral ganglion neuron,FSTL5
brain,Type II spiral ganglion neuron,FUBP3
brain,Type II spiral ganglion neuron,FURIN
brain,Type II spiral ganglion neuron,FUT9
brain,Type II spiral ganglion neuron,FXYD2
brain,Type II spiral ganglion neuron,FXYD6
brain,Type II spiral ganglion neuron,GABPA
brain,Type II spiral ganglion neuron,GABRB2
brain,Type II spiral ganglion neuron,GABRG2
brain,Type II spiral ganglion neuron,GADD45G
brain,Type II spiral ganglion neuron,GALNT5
brain,Type II spiral ganglion neuron,GAP43
brain,Type II spiral ganglion neuron,GATA2
brain,Type II spiral ganglion neuron,GFRA1
brain,Type II spiral ganglion neuron,GLDN
brain,Type II spiral ganglion neuron,GM10578
brain,Type II spiral ganglion neuron,GM16023
brain,Type II spiral ganglion neuron,GM16070
brain,Type II spiral ganglion neuron,GM19522
brain,Type II spiral ganglion neuron,GM5148
brain,Type II spiral ganglion neuron,GM5532
brain,Type II spiral ganglion neuron,GM6498
brain,Type II spiral ganglion neuron,GM6548
brain,Type II spiral ganglion neuron,GMPPA
brain,Type II spiral ganglion neuron,GNAO1
brain,Type II spiral ganglion neuron,GNB4
brain,Type II spiral ganglion neuron,GNG10
brain,Type II spiral ganglion neuron,GNG2
brain,Type II spiral ganglion neuron,GPD2
brain,Type II spiral ganglion neuron,GPR149
brain,Type II spiral ganglion neuron,GPR37
brain,Type II spiral ganglion neuron,GPR88
brain,Type II spiral ganglion neuron,GPRASP2
brain,Type II spiral ganglion neuron,GPRC5C
brain,Type II spiral ganglion neuron,GPSM1
brain,Type II spiral ganglion neuron,GPSM2
brain,Type II spiral ganglion neuron,GPX8
brain,Type II spiral ganglion neuron,GREB1L
brain,Type II spiral ganglion neuron,GRHL1
brain,Type II spiral ganglion neuron,GRIK3
brain,Type II spiral ganglion neuron,GRIN2C
brain,Type II spiral ganglion neuron,GRIN3A
brain,Type II spiral ganglion neuron,GSTP1
brain,Type II spiral ganglion neuron,GTF2IRD1
brain,Type II spiral ganglion neuron,GTF3A
brain,Type II spiral ganglion neuron,H2-AA
brain,Type II spiral ganglion neuron,H2-AB1
brain,Type II spiral ganglion neuron,H2-D1
brain,Type II spiral ganglion neuron,H2-DMB1
brain,Type II spiral ganglion neuron,H2-DMB2
brain,Type II spiral ganglion neuron,HACD4
brain,Type II spiral ganglion neuron,HAMP
brain,Type II spiral ganglion neuron,HEY1
brain,Type II spiral ganglion neuron,HMGA2-PS1
brain,Type II spiral ganglion neuron,HMGN1
brain,Type II spiral ganglion neuron,HMGN2
brain,Type II spiral ganglion neuron,HMGN3
brain,Type II spiral ganglion neuron,HNRNPH3
brain,Type II spiral ganglion neuron,HPCA
brain,Type II spiral ganglion neuron,HPCAL1
brain,Type II spiral ganglion neuron,HS6ST3
brain,Type II spiral ganglion neuron,HSPB1
brain,Type II spiral ganglion neuron,HTR7
brain,Type II spiral ganglion neuron,HYI
brain,Type II spiral ganglion neuron,ICA1L
brain,Type II spiral ganglion neuron,ID1
brain,Type II spiral ganglion neuron,ID2
brain,Type II spiral ganglion neuron,ID3
brain,Type II spiral ganglion neuron,ID4
brain,Type II spiral ganglion neuron,IGSF1
brain,Type II spiral ganglion neuron,IGSF21
brain,Type II spiral ganglion neuron,IGSF8
brain,Type II spiral ganglion neuron,IGTP
brain,Type II spiral ganglion neuron,IIGP1
brain,Type II spiral ganglion neuron,IL11RA1
brain,Type II spiral ganglion neuron,IL3RA
brain,Type II spiral ganglion neuron,IL4RA
brain,Type II spiral ganglion neuron,IMMP2L
brain,Type II spiral ganglion neuron,IRGM2
brain,Type II spiral ganglion neuron,ISLR
brain,Type II spiral ganglion neuron,ITGA9
brain,Type II spiral ganglion neuron,ITGB1
brain,Type II spiral ganglion neuron,ITPK1
brain,Type II spiral ganglion neuron,ITSN1
brain,Type II spiral ganglion neuron,IZUMO4
brain,Type II spiral ganglion neuron,JDP2
brain,Type II spiral ganglion neuron,JPH4
brain,Type II spiral ganglion neuron,KCNA6
brain,Type II spiral ganglion neuron,KCNC4
brain,Type II spiral ganglion neuron,KCND1
brain,Type II spiral ganglion neuron,KCTD12
brain,Type II spiral ganglion neuron,KIRREL3
brain,Type II spiral ganglion neuron,KITL
brain,Type II spiral ganglion neuron,KLHL5
brain,Type II spiral ganglion neuron,L1CAM
brain,Type II spiral ganglion neuron,LDHA
brain,Type II spiral ganglion neuron,LIMS2
brain,Type II spiral ganglion neuron,LIN28B
brain,Type II spiral ganglion neuron,LIN7A
brain,Type II spiral ganglion neuron,LMNA
brain,Type II spiral ganglion neuron,LPAR1
brain,Type II spiral ganglion neuron,LRRC75A
brain,Type II spiral ganglion neuron,LRRTM2
brain,Type II spiral ganglion neuron,LRRTM3
brain,Type II spiral ganglion neuron,LXN
brain,Type II spiral ganglion neuron,LY6H
brain,Type II spiral ganglion neuron,MAFB
brain,Type II spiral ganglion neuron,MAGEF1
brain,Type II spiral ganglion neuron,MAGI1
brain,Type II spiral ganglion neuron,MAML3
brain,Type II spiral ganglion neuron,MAN1C1
brain,Type II spiral ganglion neuron,MAP3K9
brain,Type II spiral ganglion neuron,MAP7
brain,Type II spiral ganglion neuron,MAPK3
brain,Type II spiral ganglion neuron,MARCKS
brain,Type II spiral ganglion neuron,MARCKSL1
brain,Type II spiral ganglion neuron,MBOAT2
brain,Type II spiral ganglion neuron,MC4R
brain,Type II spiral ganglion neuron,MCMBP
brain,Type II spiral ganglion neuron,MED18
brain,Type II spiral ganglion neuron,METRNL
brain,Type II spiral ganglion neuron,MFAP3
brain,Type II spiral ganglion neuron,MICAL1
brain,Type II spiral ganglion neuron,MIR3064
brain,Type II spiral ganglion neuron,MMGT2
brain,Type II spiral ganglion neuron,MMP14
brain,Type II spiral ganglion neuron,MMP16
brain,Type II spiral ganglion neuron,MMRN2
brain,Type II spiral ganglion neuron,MOB3C
brain,Type II spiral ganglion neuron,MORN4
brain,Type II spiral ganglion neuron,MPDU1
breast,B cell,ABCB4
breast,B cell,B3GAT1
breast,B cell,BACH2
breast,B cell,BANK1
breast,B cell,BCL11A
breast,B cell,BIRC3
breast,B cell,BLNK
breast,B cell,BST1
breast,B cell,BTLA
breast,B cell,CCR7
breast,B cell,CD14
breast,B cell,CD19
breast,B cell,CD2
breast,B cell,CD22
breast,B cell,CD24
breast,B cell,CD27
breast,B cell,CD37
breast,B cell,CD38
breast,B cell,CD40
breast,B cell,CD5
breast,B cell,CD52
breast,B cell,CD55
breast,B cell,CD69
breast,B cell,CD70
breast,B cell,CD72
breast,B cell,CD74
breast,B cell,CD79A
breast,B cell,CD79B
breast,B cell,CD80
breast,B cell,CD86
breast,B cell,CMAH
breast,B cell,CMAHP
breast,B cell,CR2
breast,B cell,CRELD2
breast,B cell,CXCR4
breast,B cell,DERL3
breast,B cell,DNTT
breast,B cell,DOK3
breast,B cell,EAF2
breast,B cell,EBF1
breast,B cell,EDEM1
breast,B cell,EDEM2
breast,B cell,FAM129C
breast,B cell,FAM46C
breast,B cell,FCER2
breast,B cell,FCER2A
breast,B cell,FCHSD2
breast,B cell,FCMR
breast,B cell,FCRL1
breast,B cell,FCRL2
breast,B cell,FCRLA
breast,B cell,FCRLB
breast,B cell,FKBP11
breast,B cell,FLI1
breast,B cell,H2-DMB2
breast,B cell,H2-OA
breast,B cell,H2-OB
breast,B cell,HLA-DQA1
breast,B cell,HLA-DRA
breast,B cell,HMGA1
breast,B cell,HVCN1
breast,B cell,IFIT3
breast,B cell,IGHA
breast,B cell,IGHD
breast,B cell,IGHG1
breast,B cell,IGHG3
breast,B cell,IGHG4
breast,B cell,IGHM
breast,B cell,IGKC
breast,B cell,IGLC1
breast,B cell,IGLC2
breast,B cell,IGLC3
breast,B cell,IGLL1
breast,B cell,IGLV1
breast,B cell,IL21R
breast,B cell,JCHAIN
breast,B cell,KLHL6
breast,B cell,LAIR1
breast,B cell,LRMP
breast,B cell,LTB
breast,B cell,LY6D
breast,B cell,MME
breast,B cell,MS4A1
breast,B cell,MSH5
breast,B cell,MUM1
breast,B cell,MZB1
breast,B cell,PAX5
breast,B cell,PDCD1
breast,B cell,POLD4
breast,B cell,POU2AF1
breast,B cell,PTPRC
breast,B cell,PXK
breast,B cell,RALGPS2
breast,B cell,RASGRP3
breast,B cell,SCD1
breast,B cell,SDC1
breast,B cell,SEC61A1
breast,B cell,SEMA6D
breast,B cell,SIGLECG
breast,B cell,SLAMF6
breast,B cell,SMAP2
breast,B cell,SPCS3
breast,B cell,SPIB
breast,B cell,SPN
breast,B cell,SWAP70
breast,B cell,TLR9
breast,B cell,TNFRSF13B
breast,B cell,TNFRSF13C
breast,B cell,TNFRSF17
breast,B cell,TNFRSF9
breast,B cell,TNFSF4
breast,B cell,TRP53INP1
breast,B cell,TXNDC11
breast,B cell,VPREB1
breast,B cell,VPREB2
breast,B cell,VPREB3
breast,Basal epithelial cell,ACTA2
breast,Basal epithelial cell,KRT14
breast,Basal epithelial cell,KRT5
breast,Basal epithelial cell,MYLK
breast,Basal epithelial cell,TCP1
breast,Basal epithelial cell,TP63
breast,Basal epithelial cell,VIM
breast,Basal epithelial cell,VIMENTIN
breast,Dendritic cell,ABCG2
breast,Dendritic cell,BLVRB
breast,Dendritic cell,CARD9
breast,Dendritic cell,CCL1
breast,Dendritic cell,CCL13
breast,Dendritic cell,CCL17
breast,Dendritic cell,CCL22
breast,Dendritic cell,CD1A
breast,Dendritic cell,CD1B
breast,Dendritic cell,CD1C
breast,Dendritic cell,CD1D1
breast,Dendritic cell,CD1D2
breast,Dendritic cell,CD1E
breast,Dendritic cell,CD209
breast,Dendritic cell,CD209A
breast,Dendritic cell,CH25H
breast,Dendritic cell,CLEC10A
breast,Dendritic cell,CSF1R
breast,Dendritic cell,CTNS
breast,Dendritic cell,DCSTAMP
breast,Dendritic cell,EBI3
breast,Dendritic cell,F13A1
breast,Dendritic cell,FABP4
breast,Dendritic cell,FZD2
breast,Dendritic cell,GSTT1
breast,Dendritic cell,GUCA1A
breast,Dendritic cell,HS3ST2
breast,Dendritic cell,HSD11B1
breast,Dendritic cell,IDO1
breast,Dendritic cell,IL3RA
breast,Dendritic cell,LAMP3
breast,Dendritic cell,LMAN2L
breast,Dendritic cell,MMP12
breast,Dendritic cell,MS4A6A
breast,Dendritic cell,NPR1
breast,Dendritic cell,NUDT9
breast,Dendritic cell,OAS3
breast,Dendritic cell,PDXK
breast,Dendritic cell,PPARG
breast,Dendritic cell,PPFIBP2
breast,Dendritic cell,PREP
breast,Dendritic cell,RAP1GAP
breast,Dendritic cell,SLC26A6
breast,Dendritic cell,SLC7A8
breast,Dendritic cell,SYT17
breast,Dendritic cell,TACSTD2
breast,Dendritic cell,VASH1
breast,Endothelial cell,ADGRL4
breast,Endothelial cell,CALCRL
breast,Endothelial cell,CEACAM1
breast,Endothelial cell,EGFL7
breast,Endothelial cell,FLT1
breast,Endothelial cell,NOSTRIN
breast,Endothelial cell,PLVAP
breast,Endothelial cell,SHANK3
breast,Endothelial cell,SLCO2A1
breast,Endothelial cell,TEK
breast,Eosinophil,ABHD2
breast,Eosinophil,ACACB
breast,Eosinophil,ADGRE1
breast,Eosinophil,CAT
breast,Eosinophil,CCR3
breast,Eosinophil,CD101
breast,Eosinophil,CLC
breast,Eosinophil,CLCF1
breast,Eosinophil,CYSLTR2
breast,Eosinophil,EAR2
breast,Eosinophil,EPN2
breast,Eosinophil,GALC
breast,Eosinophil,H1-2
breast,Eosinophil,HES1
breast,Eosinophil,HRH4
breast,Eosinophil,IL5RA
breast,Eosinophil,KBTBD11
breast,Eosinophil,KCNH2
breast,Eosinophil,LRP5L
breast,Eosinophil,MYO15B
breast,Eosinophil,NR2F6
breast,Eosinophil,PTGDR2
breast,Eosinophil,RCOR3
breast,Eosinophil,RNASE2
breast,Eosinophil,RNU2-1
breast,Eosinophil,RRP12
breast,Eosinophil,SIAH1
breast,Eosinophil,SMPD3
breast,Eosinophil,SYNJ1
breast,Eosinophil,TGIF1
breast,Eosinophil,THBS1
breast,Eosinophil,THBS4
breast,Eosinophil,TIPARP
breast,Eosinophil,TKTL1
breast,Eosinophil,TRMO
breast,Epithelial cell,ALCAM
breast,Epithelial cell,CD117
breast,Epithelial cell,CD166
breast,Epithelial cell,CDH1
breast,Epithelial cell,CYTOKERATIN
breast,Epithelial cell,CYTOKERATIN-18
breast,Epithelial cell,E-CADHERIN
breast,Epithelial cell,EMA
breast,Epithelial cell,GCDFP15
breast,Epithelial cell,KIT
breast,Epithelial cell,KRT18
breast,Epithelial cell,MUC1
breast,Epithelial cell,P63
breast,Epithelial cell,PIP
breast,Epithelial cell,SMA
breast,Epithelial cell,SMN1
breast,Epithelial cell,TCP1
breast,Epithelial cell,TP63
breast,Fibroblast,ABLIM1
breast,Fibroblast,ADH1B
breast,Fibroblast,BGN
breast,Fibroblast,C1R
breast,Fibroblast,C1S
breast,Fibroblast,C1S1
breast,Fibroblast,C3
breast,Fibroblast,CALD1
breast,Fibroblast,CFD
breast,Fibroblast,COL1A2
breast,Fibroblast,COL6A1
breast,Fibroblast,DCN
breast,Fibroblast,FBLN1
breast,Fibroblast,IGFBP7
breast,Fibroblast,LUM
breast,Fibroblast,MGP
breast,Fibroblast,SLIT2
breast,Fibroblast,SPARC
breast,Hematopoietic stem cell,ABCB1
breast,Hematopoietic stem cell,ABCB1B
breast,Hematopoietic stem cell,ABCG2
breast,Hematopoietic stem cell,ACE
breast,Hematopoietic stem cell,ADGRG1
breast,Hematopoietic stem cell,ALDH1A1
breast,Hematopoietic stem cell,ANGPT1
breast,Hematopoietic stem cell,ANPEP
breast,Hematopoietic stem cell,APC
breast,Hematopoietic stem cell,ARID3A
breast,Hematopoietic stem cell,AVP
breast,Hematopoietic stem cell,BAALC
breast,Hematopoietic stem cell,BEX1
breast,Hematopoietic stem cell,BMI1
breast,Hematopoietic stem cell,CD33
breast,Hematopoietic stem cell,CD34
breast,Hematopoietic stem cell,CD44
breast,Hematopoietic stem cell,CD48
breast,Hematopoietic stem cell,CD59
breast,Hematopoietic stem cell,CD59A
breast,Hematopoietic stem cell,CDCP1
breast,Hematopoietic stem cell,CDH2
breast,Hematopoietic stem cell,CRYGD
breast,Hematopoietic stem cell,CTNNAL1
breast,Hematopoietic stem cell,CXCR4
breast,Hematopoietic stem cell,DNMT3B
breast,Hematopoietic stem cell,EGR1
breast,Hematopoietic stem cell,EGR3
breast,Hematopoietic stem cell,ELF1
breast,Hematopoietic stem cell,ERG
breast,Hematopoietic stem cell,ESAM
breast,Hematopoietic stem cell,FGD5
breast,Hematopoietic stem cell,FLT3
breast,Hematopoietic stem cell,G0S2
breast,Hematopoietic stem cell,GATA2
breast,Hematopoietic stem cell,GATA3
breast,Hematopoietic stem cell,GFI1
breast,Hematopoietic stem cell,GFI1B
breast,Hematopoietic stem cell,GJB1
breast,Hematopoietic stem cell,GNL3
breast,Hematopoietic stem cell,GPR171
breast,Hematopoietic stem cell,HHEX
breast,Hematopoietic stem cell,HLF
breast,Hematopoietic stem cell,HLX
breast,Hematopoietic stem cell,HMGB3
breast,Hematopoietic stem cell,HOXB5
breast,Hematopoietic stem cell,IL3RA
breast,Hematopoietic stem cell,ITGA2B
breast,Hematopoietic stem cell,ITGA4
breast,Hematopoietic stem cell,ITGA6
breast,Hematopoietic stem cell,KIT
breast,Hematopoietic stem cell,KITL
breast,Hematopoietic stem cell,KITLG
breast,Hematopoietic stem cell,LYL1
breast,Hematopoietic stem cell,MAFF
breast,Hematopoietic stem cell,MECOM
breast,Hematopoietic stem cell,MEIS1
breast,Hematopoietic stem cell,MGST1
breast,Hematopoietic stem cell,MLLT3
breast,Hematopoietic stem cell,MPL
breast,Hematopoietic stem cell,MSRB3
breast,Hematopoietic stem cell,MYADM
breast,Hematopoietic stem cell,MYCN
breast,Hematopoietic stem cell,MYCT1
breast,Hematopoietic stem cell,NCOR2
breast,Hematopoietic stem cell,NEO1
breast,Hematopoietic stem cell,NFE2
breast,Hematopoietic stem cell,NKX2-3
breast,Hematopoietic stem cell,NKX3-1
breast,Hematopoietic stem cell,NOTCH1
breast,Hematopoietic stem cell,NOTCH2
breast,Hematopoietic stem cell,NPDC1
breast,Hematopoietic stem cell,NPR3
breast,Hematopoietic stem cell,PBX2
breast,Hematopoietic stem cell,PITX2
breast,Hematopoietic stem cell,PLXDC2
breast,Hematopoietic stem cell,PRNP
breast,Hematopoietic stem cell,PROCR
breast,Hematopoietic stem cell,PROM1
breast,Hematopoietic stem cell,PTPRC
breast,Hematopoietic stem cell,PTPRE
breast,Hematopoietic stem cell,PTPRS
breast,Hematopoietic stem cell,RGS18
breast,Hematopoietic stem cell,ROBO4
breast,Hematopoietic stem cell,RUNX1
breast,Hematopoietic stem cell,SLAMF1
breast,Hematopoietic stem cell,SPN
breast,Hematopoietic stem cell,TAF7
breast,Hematopoietic stem cell,TAL1
breast,Hematopoietic stem cell,TEK
breast,Hematopoietic stem cell,TET2
breast,Hematopoietic stem cell,TGFB2
breast,Hematopoietic stem cell,THSD1
breast,Hematopoietic stem cell,THY1
breast,Hematopoietic stem cell,TLR2
breast,Hematopoietic stem cell,TRPC6
breast,Hematopoietic stem cell,TXNIP
breast,Hematopoietic stem cell,VWF
breast,Luminal epithelial cell,ANKRD30A
breast,Luminal epithelial cell,CK18
breast,Luminal epithelial cell,CYTOKERATIN-19
breast,Luminal epithelial cell,EMA
breast,Luminal epithelial cell,ESA
breast,Luminal epithelial cell,FLOT2
breast,Luminal epithelial cell,KRT18
breast,Luminal epithelial cell,KRT19
breast,Luminal epithelial cell,MUC
breast,Luminal epithelial cell,MUC1
breast,Luminal epithelial cell,SYTL2
breast,Luminal progenitor cell,CD24
breast,Luminal progenitor cell,CD44
breast,Luminal progenitor cell,EPCAM
breast,Luminal progenitor cell,ITGA6
breast,Luminal progenitor cell,KIT
breast,Luminal progenitor cell,KRT19
breast,Luminal progenitor cell,PROM1
breast,Luminal progenitor cell,SLPI
breast,Macrophage,ANOS1
breast,Macrophage,APOE
breast,Macrophage,ATG7
breast,Macrophage,BCAT1
breast,Macrophage,CCL7
breast,Macrophage,CD163
breast,Macrophage,CD68
breast,Macrophage,CD84
breast,Macrophage,CHI3L1
breast,Macrophage,CHIL1
breast,Macrophage,CHIT1
breast,Macrophage,CLEC5A
breast,Macrophage,COL8A2
breast,Macrophage,COLEC12
breast,Macrophage,CTSK
breast,Macrophage,CXCL5
breast,Macrophage,CYBB
breast,Macrophage,DNASE2B
breast,Macrophage,EMP1
breast,Macrophage,FDX1
breast,Macrophage,FN1
breast,Macrophage,GM2A
breast,Macrophage,GPC4
breast,Macrophage,MARCO
breast,Macrophage,ME1
breast,Macrophage,MS4A4A
breast,Macrophage,MSR1
breast,Macrophage,PCOLCE2
breast,Macrophage,PTGDS
breast,Macrophage,RAI14
breast,Macrophage,SCARB2
breast,Macrophage,SCG5
breast,Macrophage,SGMS1
breast,Macrophage,SULT1C2
breast,Mast cell,ABCC4
breast,Mast cell,ADCYAP1
breast,Mast cell,ADORA3
breast,Mast cell,BTK
breast,Mast cell,CPA3
breast,Mast cell,CSF2RB2
breast,Mast cell,CSF2RBP1
breast,Mast cell,FCER1A
breast,Mast cell,GATA2
breast,Mast cell,GRAP2
breast,Mast cell,HDC
breast,Mast cell,HPGDS
breast,Mast cell,IL18R1
breast,Mast cell,IL1RL1
breast,Mast cell,IL2RA
breast,Mast cell,IL4
breast,Mast cell,KIT
breast,Mast cell,MAOB
breast,Mast cell,MCPT4
breast,Mast cell,MLPH
breast,Mast cell,MRGPRB1
breast,Mast cell,MS4A2
breast,Mast cell,RGS13
breast,Mast cell,SLC18A2
breast,Mast cell,SLC24A3
breast,Mast cell,SLC8A3
breast,Mast cell,TESPA1
breast,Mast cell,TPSAB1
breast,Mast cell,TPSB2
breast,Mast cell,TPSD1
breast,Mesenchymal stem cell,CD105
breast,Mesenchymal stem cell,CD73
breast,Mesenchymal stem cell,CD90
breast,Mesenchymal stem cell,ENG
breast,Mesenchymal stem cell,NT5E
breast,Mesenchymal stem cell,THY1
breast,Myoepithelial cell,ALKALINE PHOSPHATASE
breast,Myoepithelial cell,ALPG
breast,Myoepithelial cell,CALPONIN
breast,Myoepithelial cell,CD10
breast,Myoepithelial cell,CD29
breast,Myoepithelial cell,CD44
breast,Myoepithelial cell,CDH3
breast,Myoepithelial cell,CYTOKERATIN-14
breast,Myoepithelial cell,GALECTIN-7
breast,Myoepithelial cell,ITGB1
breast,Myoepithelial cell,KRT14
breast,Myoepithelial cell,LGALS7
breast,Myoepithelial cell,MME
breast,Myoepithelial cell,P-CADHERIN
breast,Myoepithelial cell,P63
breast,Myoepithelial cell,SMA
breast,Myoepithelial cell,SMN1
breast,Myoepithelial cell,TCP1
breast,Myoepithelial cell,TP63
breast,Natural killer cell,ADARB1
breast,Natural killer cell,ALDH1B1
breast,Natural killer cell,ATL2
breast,Natural killer cell,BCL2
breast,Natural killer cell,CD56
breast,Natural killer cell,CDC5L
breast,Natural killer cell,DUSP4
breast,Natural killer cell,FGF18
breast,Natural killer cell,FOXJ1
breast,Natural killer cell,FUT5
breast,Natural killer cell,FZR1
breast,Natural killer cell,GTF3C1
breast,Natural killer cell,GZMB
breast,Natural killer cell,IGFBP5
breast,Natural killer cell,IL21R
breast,Natural killer cell,KIR2DL3
breast,Natural killer cell,KIR2DS1
breast,Natural killer cell,KIR2DS2
breast,Natural killer cell,KIR2DS5
breast,Natural killer cell,KIR3DL1
breast,Natural killer cell,KIR3DL2
breast,Natural killer cell,KIR3DL3
breast,Natural killer cell,KIR3DS1
breast,Natural killer cell,LDB3
breast,Natural killer cell,LPCAT4
breast,Natural killer cell,MADD
breast,Natural killer cell,MAPRE3
breast,Natural killer cell,MARCHF6
breast,Natural killer cell,MCM3AP
breast,Natural killer cell,MPPED1
breast,Natural killer cell,MRC2
breast,Natural killer cell,MUC3B
breast,Natural killer cell,NCAM1
breast,Natural killer cell,NCR1
breast,Natural killer cell,PDLIM4
breast,Natural killer cell,PLA2G6
breast,Natural killer cell,PMEPA1
breast,Natural killer cell,PPP4R3A
breast,Natural killer cell,PRX
breast,Natural killer cell,PSMD4
breast,Natural killer cell,RRAD
breast,Natural killer cell,S1PR5
breast,Natural killer cell,SGMS1
breast,Natural killer cell,SLC30A5
breast,Natural killer cell,SPN
breast,Natural killer cell,SPON2
breast,Natural killer cell,TBXA2R
breast,Natural killer cell,TCTN2
breast,Natural killer cell,TINAGL1
breast,Natural killer cell,TRAPPC9
breast,Natural killer cell,TRPV6
breast,Natural killer cell,XCL1
breast,Natural killer cell,XCL2
breast,Natural killer cell,ZNF205
breast,Natural killer cell,ZNF528
breast,Natural killer cell,ZNF747
breast,Neutrophil,ADAM8
breast,Neutrophil,ADPGK
breast,Neutrophil,ALPL
breast,Neutrophil,ARG2
breast,Neutrophil,ASPRV1
breast,Neutrophil,AZU1
breast,Neutrophil,BST1
breast,Neutrophil,C5AR1
breast,Neutrophil,CA1
breast,Neutrophil,CAMP
breast,Neutrophil,CAR1
breast,Neutrophil,CCL3
breast,Neutrophil,CCL6
breast,Neutrophil,CCL9
breast,Neutrophil,CCR1
breast,Neutrophil,CCRL2
breast,Neutrophil,CD14
breast,Neutrophil,CD177
breast,Neutrophil,CD24
breast,Neutrophil,CD33
breast,Neutrophil,CEACAM1
breast,Neutrophil,CEACAM8
breast,Neutrophil,CFP
breast,Neutrophil,CHIL3
breast,Neutrophil,CLEC4D
breast,Neutrophil,CLEC4E
breast,Neutrophil,CRP
breast,Neutrophil,CSF3R
breast,Neutrophil,CTSG
breast,Neutrophil,CXCL2
breast,Neutrophil,CXCR1
breast,Neutrophil,CXCR2
breast,Neutrophil,DEFA1
breast,Neutrophil,DEFA2
breast,Neutrophil,DEFA3
breast,Neutrophil,DOCK8
breast,Neutrophil,ELANE
breast,Neutrophil,FCGR1A
breast,Neutrophil,FCGR3A
breast,Neutrophil,FCGR4
breast,Neutrophil,FUT4
breast,Neutrophil,HDC
breast,Neutrophil,HP
breast,Neutrophil,IL1B
breast,Neutrophil,IL1R2
breast,Neutrophil,ITGAM
breast,Neutrophil,ITGAX
breast,Neutrophil,JAML
breast,Neutrophil,LCN2
breast,Neutrophil,LRG1
breast,Neutrophil,LTF
breast,Neutrophil,LY6G
breast,Neutrophil,LYST
breast,Neutrophil,LYZ
breast,Neutrophil,LYZ1
breast,Neutrophil,MMP8
breast,Neutrophil,MMP9
breast,Neutrophil,MPO
breast,Neutrophil,MRGPRA2B
breast,Neutrophil,MYLK
breast,Neutrophil,NCF1
breast,Neutrophil,NGP
breast,Neutrophil,NLRP3
breast,Neutrophil,NR1I3
breast,Neutrophil,OAS3
breast,Neutrophil,OSM
breast,Neutrophil,PECAM1
breast,Neutrophil,PILRA
breast,Neutrophil,PRTN3
breast,Neutrophil,PSTPIP1
breast,Neutrophil,PTGS2
breast,Neutrophil,RETNLG
breast,Neutrophil,S100A4
breast,Neutrophil,S100A8
breast,Neutrophil,S100A9
breast,Neutrophil,SELL
breast,Neutrophil,SERPINB1
breast,Neutrophil,SLC1A5
breast,Neutrophil,SNX20
breast,Neutrophil,SORL1
breast,Neutrophil,STFA2L1
breast,Neutrophil,TLR2
breast,Neutrophil,TREM1
breast,Neutrophil,TREM3
breast,Pericyte,ACTA2
breast,Pericyte,ADGRL3
breast,Pericyte,CACNA1C
breast,Pericyte,CARMN
breast,Pericyte,CCDC102B
breast,Pericyte,COL25A1
breast,Pericyte,DLC1
breast,Pericyte,HS6ST3
breast,Pericyte,KCNAB1
breast,Pericyte,LDB3
breast,Pericyte,LMOD1
breast,Pericyte,MAP1B
breast,Pericyte,MCAM
breast,Pericyte,MYH11
breast,Pericyte,NTRK3
breast,Pericyte,PDGFRB
breast,Pericyte,PDZRN4
breast,Pericyte,PRKG1
breast,Pericyte,PRR16
breast,Pericyte,RGS5
breast,T cell,BCL11B
breast,T cell,CD2
breast,T cell,CD28
breast,T cell,CD3D
breast,T cell,CD3E
breast,T cell,CD3G
breast,T cell,CD6
breast,T cell,CD96
breast,T cell,GIMAP5
breast,T cell,ITM2A
breast,T cell,LCK
breast,T cell,NCALD
breast,T cell,PRKCQ
breast,T cell,SH2D1A
breast,T cell,SKAP1
breast,T cell,TRA
breast,T cell,TRAC
breast,T cell,TRAT1
breast,T cell,TRBC1
embryo,Arterial cell,ACVRL1
embryo,Arterial cell,ALK1
embryo,Arterial cell,CX37
embryo,Arterial cell,CX40
embryo,Arterial cell,CXCR4
embryo,Arterial cell,DLL4
embryo,Arterial cell,EFNB2
embryo,Arterial cell,GJA4
embryo,Arterial cell,GJA5
embryo,Arterial cell,HES1
embryo,Arterial cell,HEY1
embryo,Arterial cell,JAG2
embryo,Arterial cell,MSX1
embryo,Arterial cell,NOTCH4
embryo,Arterial cell,SOX17
embryo,Arterial cell,TOX2
embryo,Arterial cell,UNC5B
embryo,Arterial cell,VEGFC
embryo,Blastomere,ACVR1B
embryo,Blastomere,AGL
embryo,Blastomere,AIMP1
embryo,Blastomere,AIMP2
embryo,Blastomere,AKAP12
embryo,Blastomere,ARG2
embryo,Blastomere,ARHGAP17
embryo,Blastomere,ARHGEF16
embryo,Blastomere,ARIH1
embryo,Blastomere,ARPC3
embryo,Blastomere,ASF1B
embryo,Blastomere,ATP1B3
embryo,Blastomere,ATP5H
embryo,Blastomere,ATP5PD
embryo,Blastomere,BCAT1
embryo,Blastomere,BCL2L10
embryo,Blastomere,BIN1
embryo,Blastomere,BLCAP
embryo,Blastomere,BNIP1
embryo,Blastomere,BTF3L4
embryo,Blastomere,C19ORF53
embryo,Blastomere,C1ORF109
embryo,Blastomere,C1ORF210
embryo,Blastomere,C1ORF226
embryo,Blastomere,C2ORF74
embryo,Blastomere,C4ORF3
embryo,Blastomere,CACHD1
embryo,Blastomere,CASC3
embryo,Blastomere,CBX3
embryo,Blastomere,CCT5
embryo,Blastomere,CCT6A
embryo,Blastomere,CDC37
embryo,Blastomere,CDCA7L
embryo,Blastomere,CDK2AP2
embryo,Blastomere,CFLAR
embryo,Blastomere,CHCHD4
embryo,Blastomere,CIAPIN1
embryo,Blastomere,CLEC10A
embryo,Blastomere,CLOCK
embryo,Blastomere,CNIH4
embryo,Blastomere,CNOT6L
embryo,Blastomere,COX7B2
embryo,Blastomere,CPNE3
embryo,Blastomere,CPOX
embryo,Blastomere,CSDE1
embryo,Blastomere,CSE1L
embryo,Blastomere,CSRP2
embryo,Blastomere,DAPK1
embryo,Blastomere,DCLK2
embryo,Blastomere,DENR
embryo,Blastomere,DHCR7
embryo,Blastomere,DHX9
embryo,Blastomere,DIABLO
embryo,Blastomere,DMRTB1
embryo,Blastomere,DNAJC25
embryo,Blastomere,DPF2
embryo,Blastomere,DSP
embryo,Blastomere,DUSP7
embryo,Blastomere,EGFLAM
embryo,Blastomere,EIF1AD
embryo,Blastomere,EIF2S2
embryo,Blastomere,EIF4ENIF1
embryo,Blastomere,EIF4G1
embryo,Blastomere,ESRRB
embryo,Blastomere,F2R
embryo,Blastomere,FA2H
embryo,Blastomere,FAM189A2
embryo,Blastomere,FAM32A
embryo,Blastomere,FBXO22
embryo,Blastomere,FDFT1
embryo,Blastomere,FKBP3
embryo,Blastomere,FNIP2
embryo,Blastomere,FTL
embryo,Blastomere,FTL1
embryo,Blastomere,FTL2-PS
embryo,Blastomere,GDE1
embryo,Blastomere,GDI2
embryo,Blastomere,GDPD1
embryo,Blastomere,GEMIN5
embryo,Blastomere,GIT2
embryo,Blastomere,GJA1
embryo,Blastomere,GLDC
embryo,Blastomere,GLUD1
embryo,Blastomere,GNG12
embryo,Blastomere,GRB7
embryo,Blastomere,GSTA3
embryo,Blastomere,GTF2H5
embryo,Blastomere,GTPBP4
embryo,Blastomere,GUF1
embryo,Blastomere,GULP1
embryo,Blastomere,GYG1
embryo,Blastomere,HAVCR1
embryo,Blastomere,HDAC2
embryo,Blastomere,HDDC2
embryo,Blastomere,HPGD
embryo,Blastomere,IBTK
embryo,Blastomere,INTS9
embryo,Blastomere,IPO5
embryo,Blastomere,ISY1
embryo,Blastomere,KDM5B
embryo,Blastomere,KLF11
embryo,Blastomere,KLF3
embryo,Blastomere,KLF4
embryo,Blastomere,KLF8
embryo,Blastomere,KLHDC3
embryo,Blastomere,LAMA1
embryo,Blastomere,LDHA
embryo,Blastomere,LDHB
embryo,Blastomere,LRPPRC
embryo,Blastomere,LSM3
embryo,Blastomere,LSM5
embryo,Blastomere,LYPLA1
embryo,Blastomere,MBNL3
embryo,Blastomere,MED28
embryo,Blastomere,MED31
embryo,Blastomere,MKNK1
embryo,Blastomere,MREG
embryo,Blastomere,MRPL1
embryo,Blastomere,MRPL27
embryo,Blastomere,MRPS17
embryo,Blastomere,MRS2
embryo,Blastomere,MTFMT
embryo,Blastomere,MTIF2
embryo,Blastomere,NDC80
embryo,Blastomere,NDUFB3
embryo,Blastomere,NECAP2
embryo,Blastomere,NLRP11
embryo,Blastomere,OLR1
embryo,Blastomere,OSBPL10
embryo,Blastomere,PAPOLA
embryo,Blastomere,PDCL2
embryo,Blastomere,PET117
embryo,Blastomere,PHAX
embryo,Blastomere,PIN4
embryo,Blastomere,PPIL2
embryo,Blastomere,PPP2R5A
embryo,Blastomere,PRIM1
embryo,Blastomere,PROM1
embryo,Blastomere,PSMA1
embryo,Blastomere,PSMC6
embryo,Blastomere,PUM1
embryo,Blastomere,RBMX2
embryo,Blastomere,RELL1
embryo,Blastomere,RNF10
embryo,Blastomere,RNF38
embryo,Blastomere,RPL11
embryo,Blastomere,RPL17
embryo,Blastomere,RPL21
embryo,Blastomere,RPL22
embryo,Blastomere,RPL23
embryo,Blastomere,RPL34
embryo,Blastomere,RPL39
embryo,Blastomere,RPL39L
embryo,Blastomere,RPL7
embryo,Blastomere,RPS27A
embryo,Blastomere,RRM1
embryo,Blastomere,S100A11
embryo,Blastomere,SDCCAG8
embryo,Blastomere,SDHD
embryo,Blastomere,SERBP1
embryo,Blastomere,SERTAD1
embryo,Blastomere,SHMT2
embryo,Blastomere,SIN3A
embryo,Blastomere,SKP2
embryo,Blastomere,SLC35B3
embryo,Blastomere,SLC35D1
embryo,Blastomere,SLCO4C1
embryo,Blastomere,SNX6
embryo,Blastomere,SPG21
embryo,Blastomere,SSBP1
embryo,Blastomere,STARD7
embryo,Blastomere,STK38
embryo,Blastomere,SUPT4A
embryo,Blastomere,SUPT4H1
embryo,Blastomere,TBC1D13
embryo,Blastomere,TMEM163
embryo,Blastomere,TMEM33
embryo,Blastomere,TNFSF13
embryo,Blastomere,TOMM34
embryo,Blastomere,TRAF3IP2
embryo,Blastomere,TRAFD1
embryo,Blastomere,TROAP
embryo,Blastomere,TSPAN6
embryo,Blastomere,TUBG1
embryo,Blastomere,TUBG2
embryo,Blastomere,TXN
embryo,Blastomere,TXNDC12
embryo,Blastomere,UNKL
embryo,Blastomere,UQCRB
embryo,Blastomere,UQCRH
embryo,Blastomere,VWA5A
embryo,Blastomere,WEE1
embryo,Blastomere,YIPF4
embryo,Blastomere,YPEL1
embryo,Blastomere,YRDC
embryo,Blastomere,ZBTB39
embryo,Blastomere,ZBTB8OS
embryo,Blastomere,ZFYVE21
embryo,Blastomere,ZNF280A
embryo,Blastomere,ZNF652
embryo,Blastomere,ZSCAN29
embryo,Blastomere,ZSWIM3
embryo,Cardiomyocyte,ACTA1
embryo,Cardiomyocyte,ACTC1
embryo,Cardiomyocyte,ACTN2
embryo,Cardiomyocyte,ADIPOQ
embryo,Cardiomyocyte,ADIPOR1
embryo,Cardiomyocyte,ADIPOR2
embryo,Cardiomyocyte,ADM
embryo,Cardiomyocyte,ADPRHL1
embryo,Cardiomyocyte,ALCAM
embryo,Cardiomyocyte,ALPK3
embryo,Cardiomyocyte,ANKRD1
embryo,Cardiomyocyte,AQP1
embryo,Cardiomyocyte,ART3
embryo,Cardiomyocyte,ASB2
embryo,Cardiomyocyte,ATP2A2
embryo,Cardiomyocyte,BDNF
embryo,Cardiomyocyte,BMP4
embryo,Cardiomyocyte,CASQ2
embryo,Cardiomyocyte,CD36
embryo,Cardiomyocyte,CKB
embryo,Cardiomyocyte,CKM
embryo,Cardiomyocyte,CKMT2
embryo,Cardiomyocyte,CORO6
embryo,Cardiomyocyte,COX8B
embryo,Cardiomyocyte,CPT1A
embryo,Cardiomyocyte,CSRP3
embryo,Cardiomyocyte,CTGF
embryo,Cardiomyocyte,CTNNB1
embryo,Cardiomyocyte,CXCR4
embryo,Cardiomyocyte,DES
embryo,Cardiomyocyte,DMD
embryo,Cardiomyocyte,ENO3
embryo,Cardiomyocyte,FABP4
embryo,Cardiomyocyte,FGF2
embryo,Cardiomyocyte,FGF23
embryo,Cardiomyocyte,FHL2
embryo,Cardiomyocyte,FMOD
embryo,Cardiomyocyte,GATA4
embryo,Cardiomyocyte,GATA6
embryo,Cardiomyocyte,GJA5
embryo,Cardiomyocyte,GPIHBP1
embryo,Cardiomyocyte,HAMP
embryo,Cardiomyocyte,HAND1
embryo,Cardiomyocyte,HAND2
embryo,Cardiomyocyte,HEY2
embryo,Cardiomyocyte,HMGB2
embryo,Cardiomyocyte,HSPB7
embryo,Cardiomyocyte,IL11RA
embryo,Cardiomyocyte,IL11RA1
embryo,Cardiomyocyte,JPH2
embryo,Cardiomyocyte,LOX
embryo,Cardiomyocyte,MB
embryo,Cardiomyocyte,MFN2
embryo,Cardiomyocyte,MHRT
embryo,Cardiomyocyte,MITF
embryo,Cardiomyocyte,MTTP
embryo,Cardiomyocyte,MYBPC3
embryo,Cardiomyocyte,MYH6
embryo,Cardiomyocyte,MYH7
embryo,Cardiomyocyte,MYH7B
embryo,Cardiomyocyte,MYL2
embryo,Cardiomyocyte,MYL3
embryo,Cardiomyocyte,MYL4
embryo,Cardiomyocyte,MYL7
embryo,Cardiomyocyte,MYOM1
embryo,Cardiomyocyte,MYOM2
embryo,Cardiomyocyte,MYOZ2
embryo,Cardiomyocyte,NEXN
embryo,Cardiomyocyte,NKX2-5
embryo,Cardiomyocyte,NOTCH1
embryo,Cardiomyocyte,NPPA
embryo,Cardiomyocyte,NPPB
embryo,Cardiomyocyte,NPPC
embryo,Cardiomyocyte,OBSCN
embryo,Cardiomyocyte,PDE1A
embryo,Cardiomyocyte,PDE4D
embryo,Cardiomyocyte,PDLIM5
embryo,Cardiomyocyte,PLN
embryo,Cardiomyocyte,PNMT
embryo,Cardiomyocyte,PYGM
embryo,Cardiomyocyte,RBM20
embryo,Cardiomyocyte,RBM24
embryo,Cardiomyocyte,RRAD
embryo,Cardiomyocyte,RYR2
embryo,Cardiomyocyte,SGPL1
embryo,Cardiomyocyte,SLC5A1
embryo,Cardiomyocyte,SLN
embryo,Cardiomyocyte,SMPX
embryo,Cardiomyocyte,SORBS2
embryo,Cardiomyocyte,SOX18
embryo,Cardiomyocyte,SPEG
embryo,Cardiomyocyte,STC1
embryo,Cardiomyocyte,STRN
embryo,Cardiomyocyte,TBX20
embryo,Cardiomyocyte,TCAP
embryo,Cardiomyocyte,TNNC1
embryo,Cardiomyocyte,TNNI1
embryo,Cardiomyocyte,TNNI3
embryo,Cardiomyocyte,TNNT2
embryo,Cardiomyocyte,TPM1
embryo,Cardiomyocyte,TRDN
embryo,Cardiomyocyte,TRIM63
embryo,Cardiomyocyte,TRPV1
embryo,Cardiomyocyte,TTN
embryo,Cardiomyocyte,TXLNB
embryo,Cardiomyocyte,VLDLR
embryo,Cardiomyocyte,ZFPM2
embryo,Dorsal otocyst,BMP4
embryo,Dorsal otocyst,DLX5
embryo,Dorsal otocyst,EMX2
embryo,Dorsal otocyst,FGFR3
embryo,Dorsal otocyst,FST
embryo,Dorsal otocyst,GATA2
embryo,Dorsal otocyst,GBX2
embryo,Dorsal otocyst,INHBA
embryo,Dorsal otocyst,OC90
embryo,Dorsal otocyst,WNT2B
embryo,Dorsal otocyst,WNT7A
embryo,Dorsal otocyst,WNT7B
embryo,Ectoderm cell,HOXB1
embryo,Ectoderm cell,LHX5
embryo,Ectoderm cell,NES
embryo,Ectoderm cell,NEUROD1
embryo,Ectoderm cell,OTX1
embryo,Ectoderm cell,PAX6
embryo,Embryonic stem cell,ABCG2
embryo,Embryonic stem cell,ADH5
embryo,Embryonic stem cell,ALDOA
embryo,Embryonic stem cell,ALKALINE PHOSPHATASE
embryo,Embryonic stem cell,ALPL
embryo,Embryonic stem cell,APOE
embryo,Embryonic stem cell,APRT
embryo,Embryonic stem cell,ATP5IF1
embryo,Embryonic stem cell,ATPIF1
embryo,Embryonic stem cell,BEX1
embryo,Embryonic stem cell,C1QBP
embryo,Embryonic stem cell,CACYBP
embryo,Embryonic stem cell,CCR4
embryo,Embryonic stem cell,CD133
embryo,Embryonic stem cell,CD15
embryo,Embryonic stem cell,CD24
embryo,Embryonic stem cell,CD29
embryo,Embryonic stem cell,CD30
embryo,Embryonic stem cell,CD324
embryo,Embryonic stem cell,CD338
embryo,Embryonic stem cell,CD49F
embryo,Embryonic stem cell,CD9
embryo,Embryonic stem cell,CDH1
embryo,Embryonic stem cell,CHCHD2
embryo,Embryonic stem cell,CHST10
embryo,Embryonic stem cell,COX4I1
embryo,Embryonic stem cell,COX5A
embryo,Embryonic stem cell,COX7B
embryo,Embryonic stem cell,DCTPP1
embryo,Embryonic stem cell,DPPA5A
embryo,Embryonic stem cell,EEF1B2
embryo,Embryonic stem cell,EEF1G
embryo,Embryonic stem cell,EIF2S2
embryo,Embryonic stem cell,EIF3K
embryo,Embryonic stem cell,EIF4EBP1
embryo,Embryonic stem cell,ELOB
embryo,Embryonic stem cell,ENO1
embryo,Embryonic stem cell,FAU
embryo,Embryonic stem cell,FKBP3
embryo,Embryonic stem cell,FORSE1
embryo,Embryonic stem cell,FRIZZLED-5
embryo,Embryonic stem cell,FTH1
embryo,Embryonic stem cell,FUT4
embryo,Embryonic stem cell,GAPDH
embryo,Embryonic stem cell,GCTM-2
embryo,Embryonic stem cell,GM10036
embryo,Embryonic stem cell,GM11942
embryo,Embryonic stem cell,GM15459
embryo,Embryonic stem cell,GM8730
embryo,Embryonic stem cell,GSTA4
embryo,Embryonic stem cell,HINT1
embryo,Embryonic stem cell,HMGN1
embryo,Embryonic stem cell,HNK1
embryo,Embryonic stem cell,HSP90AA1
embryo,Embryonic stem cell,HSP90AB1
embryo,Embryonic stem cell,HSPB1
embryo,Embryonic stem cell,HSPE1
embryo,Embryonic stem cell,IFITM1
embryo,Embryonic stem cell,IFITM3
embryo,Embryonic stem cell,LDHA
embryo,Embryonic stem cell,LEFTY2
embryo,Embryonic stem cell,LEFTYA
embryo,Embryonic stem cell,LIN28
embryo,Embryonic stem cell,LIN28A
embryo,Embryonic stem cell,MIF
embryo,Embryonic stem cell,MKRN1
embryo,Embryonic stem cell,MRPL15
embryo,Embryonic stem cell,MRPL45
embryo,Embryonic stem cell,MT1
embryo,Embryonic stem cell,MT1A
embryo,Embryonic stem cell,MT1B
embryo,Embryonic stem cell,MT1E
embryo,Embryonic stem cell,MT1F
embryo,Embryonic stem cell,MT1G
embryo,Embryonic stem cell,MT1H
embryo,Embryonic stem cell,MT1IP
embryo,Embryonic stem cell,MT1JP
embryo,Embryonic stem cell,MT1L
embryo,Embryonic stem cell,MT1M
embryo,Embryonic stem cell,MT1X
embryo,Embryonic stem cell,MT2
embryo,Embryonic stem cell,MT2A
embryo,Embryonic stem cell,NACA
embryo,Embryonic stem cell,NANOG
embryo,Embryonic stem cell,NCL
embryo,Embryonic stem cell,NGFR
embryo,Embryonic stem cell,NHP2
embryo,Embryonic stem cell,NOP10
embryo,Embryonic stem cell,OCT3/4
embryo,Embryonic stem cell,P75
embryo,Embryonic stem cell,PKM
embryo,Embryonic stem cell,PODOCALYXIN
embryo,Embryonic stem cell,PODXL
embryo,Embryonic stem cell,POLR2K
embryo,Embryonic stem cell,POU5F1
embryo,Embryonic stem cell,PRDX1
embryo,Embryonic stem cell,PSMB3
embryo,Embryonic stem cell,PTMA
embryo,Embryonic stem cell,RACK1
embryo,Embryonic stem cell,REX1
embryo,Embryonic stem cell,RPL10
embryo,Embryonic stem cell,RPL14
embryo,Embryonic stem cell,RPL18A
embryo,Embryonic stem cell,RPL19
embryo,Embryonic stem cell,RPL21
embryo,Embryonic stem cell,RPL22
embryo,Embryonic stem cell,RPL28
embryo,Embryonic stem cell,RPL30
embryo,Embryonic stem cell,RPL36A
embryo,Embryonic stem cell,RPL37A
embryo,Embryonic stem cell,RPL38
embryo,Embryonic stem cell,RPL39
embryo,Embryonic stem cell,RPL5
embryo,Embryonic stem cell,RPL6
embryo,Embryonic stem cell,RPL7
embryo,Embryonic stem cell,RPLP2
embryo,Embryonic stem cell,RPS11
embryo,Embryonic stem cell,RPS12
embryo,Embryonic stem cell,RPS15
embryo,Embryonic stem cell,RPS17
embryo,Embryonic stem cell,RPS2
embryo,Embryonic stem cell,RPS24
embryo,Embryonic stem cell,RPS25
embryo,Embryonic stem cell,RPS27A
embryo,Embryonic stem cell,RPS27L
embryo,Embryonic stem cell,RPS3
embryo,Embryonic stem cell,RPS3A3
embryo,Embryonic stem cell,RPS4L
embryo,Embryonic stem cell,RPS4X
embryo,Embryonic stem cell,RPS4XP3
embryo,Embryonic stem cell,RPS9
embryo,Embryonic stem cell,SELENOH
embryo,Embryonic stem cell,SERBP1
embryo,Embryonic stem cell,SLC25A5
embryo,Embryonic stem cell,SNRPD3
embryo,Embryonic stem cell,SNRPG
embryo,Embryonic stem cell,SOD1
embryo,Embryonic stem cell,SOX2
embryo,Embryonic stem cell,SPP1
embryo,Embryonic stem cell,SSEA-1
embryo,Embryonic stem cell,SSEA-3
embryo,Embryonic stem cell,SSEA-4
embryo,Embryonic stem cell,SSEA1
embryo,Embryonic stem cell,STMN2
embryo,Embryonic stem cell,TDGF1
embryo,Embryonic stem cell,TDH
embryo,Embryonic stem cell,TERT
embryo,Embryonic stem cell,TMPRSS6
embryo,Embryonic stem cell,TRA-1-60
embryo,Embryonic stem cell,TRA-1-81
embryo,Embryonic stem cell,TUBA1B
embryo,Embryonic stem cell,TUBB
embryo,Embryonic stem cell,TUBB4A
embryo,Embryonic stem cell,TUBB4B
embryo,Embryonic stem cell,TUBB5
embryo,Embryonic stem cell,TXNL4A
embryo,Embryonic stem cell,UTF1
embryo,Embryonic stem cell,ZFP42
embryo,Endocardial cell,ACKR1
embryo,Endocardial cell,BMP6
embryo,Endocardial cell,CDH11
embryo,Endocardial cell,CDH5
embryo,Endocardial cell,DKK2
embryo,Endocardial cell,EFNB2
embryo,Endocardial cell,EPHB4
embryo,Endocardial cell,FLI1
embryo,Endocardial cell,GATA2
embryo,Endocardial cell,HEY1
embryo,Endocardial cell,IGFBP5
embryo,Endocardial cell,NEBL
embryo,Endocardial cell,NR2F2
embryo,Endocardial cell,NRG1
embryo,Endocardial cell,NRG3
embryo,Endocardial cell,PCDH15
embryo,Endocardial cell,PLXNA4
embryo,Endocardial cell,RAMP2
embryo,Endocardial cell,RDX
embryo,Endocardial cell,SOX7
embryo,Endocardial cell,TAL1
embryo,Endocardial cell,TSHZ2
embryo,Endocrine cell,GCG
embryo,Endocrine cell,GLUCAGON
embryo,Endocrine cell,INS1
embryo,Endocrine cell,INS2
embryo,Endocrine cell,INSULIN-1
embryo,Endocrine cell,INSULIN-2
embryo,Endocrine cell,NEUROG3
embryo,Endocrine cell,NGN3
embryo,Endocrine cell,PANCREATIC POLYPEPTIDE
embryo,Endocrine cell,PPY
embryo,Endocrine cell,SOMATOSTATIN
embryo,Endocrine cell,SST
embryo,Endoderm cell,GATA4
embryo,Endoderm cell,GATA5
embryo,Endoderm cell,GATA6
embryo,Endoderm cell,ONECUT1
embryo,Endothelial cell,CD31
embryo,Endothelial cell,CD34
embryo,Endothelial cell,CDH5
embryo,Endothelial cell,CLDN5
embryo,Endothelial cell,ECNOS
embryo,Endothelial cell,EGFL7
embryo,Endothelial cell,ENDOGLIN
embryo,Endothelial cell,ENG
embryo,Endothelial cell,ESAM
embryo,Endothelial cell,FLK1
embryo,Endothelial cell,KDR
embryo,Endothelial cell,LYVE1
embryo,Endothelial cell,MECA-32
embryo,Endothelial cell,NOS3
embryo,Endothelial cell,PECAM1
embryo,Endothelial cell,PLVAP
embryo,Endothelial cell,SOX18
embryo,Endothelial cell,TEK
embryo,Endothelial cell,TIE-1
embryo,Endothelial cell,TIE-2
embryo,Endothelial cell,TIE1
embryo,Endothelial cell,VE-CADHERIN
embryo,Endothelial cell,VWF
embryo,Epiblast cell,AARS2
embryo,Epiblast cell,ABHD12B
embryo,Epiblast cell,ACE
embryo,Epiblast cell,ANKRD45
embryo,Epiblast cell,APOBEC3C
embryo,Epiblast cell,APOBEC3D
embryo,Epiblast cell,ARGFX
embryo,Epiblast cell,ASH2L
embryo,Epiblast cell,ATP8B2
embryo,Epiblast cell,BCL11A
embryo,Epiblast cell,BCOR
embryo,Epiblast cell,BTLA
embryo,Epiblast cell,CAMKV
embryo,Epiblast cell,CAPG
embryo,Epiblast cell,CASP8
embryo,Epiblast cell,CBFA2T2
embryo,Epiblast cell,CCDC80
embryo,Epiblast cell,CDH1
embryo,Epiblast cell,CDHR1
embryo,Epiblast cell,CFLAR
embryo,Epiblast cell,CHST2
embryo,Epiblast cell,CLDN6
embryo,Epiblast cell,CLDN7
embryo,Epiblast cell,CPT1A
embryo,Epiblast cell,CREBL2
embryo,Epiblast cell,CRMP1
embryo,Epiblast cell,CXCL12
embryo,Epiblast cell,DND1
embryo,Epiblast cell,DOCK6
embryo,Epiblast cell,DPPA2
embryo,Epiblast cell,DPPA4
embryo,Epiblast cell,DPPA5
embryo,Epiblast cell,DPPA5A
embryo,Epiblast cell,DPYSL5
embryo,Epiblast cell,EPCAM
embryo,Epiblast cell,ERAS
embryo,Epiblast cell,ESRG
embryo,Epiblast cell,ETV1
embryo,Epiblast cell,ETV4
embryo,Epiblast cell,FAM124A
embryo,Epiblast cell,FAM234A
embryo,Epiblast cell,FAM46B
embryo,Epiblast cell,FBP1
embryo,Epiblast cell,FGF15
embryo,Epiblast cell,FGF4
embryo,Epiblast cell,GDF3
embryo,Epiblast cell,GGT1
embryo,Epiblast cell,GK
embryo,Epiblast cell,GPRC5C
embryo,Epiblast cell,GUCA1A
embryo,Epiblast cell,HEY2
embryo,Epiblast cell,IFITM1
embryo,Epiblast cell,IGSF1
embryo,Epiblast cell,IL23A
embryo,Epiblast cell,INA
embryo,Epiblast cell,ITFG3
embryo,Epiblast cell,KLF17
embryo,Epiblast cell,LAPTM4B
embryo,Epiblast cell,LDLRAP1
embryo,Epiblast cell,LEF1
embryo,Epiblast cell,LIM2
embryo,Epiblast cell,LRP4
embryo,Epiblast cell,MAN1C1
embryo,Epiblast cell,MAP4K1
embryo,Epiblast cell,MFAP2
embryo,Epiblast cell,MT1X
embryo,Epiblast cell,MUC4
embryo,Epiblast cell,NANOG
embryo,Epiblast cell,NGEF
embryo,Epiblast cell,NLRP9
embryo,Epiblast cell,NODAL
embryo,Epiblast cell,NRBP2
embryo,Epiblast cell,PBX3
embryo,Epiblast cell,PIM2
embryo,Epiblast cell,PITPNM2
embryo,Epiblast cell,PLA2G4F
embryo,Epiblast cell,POU5F1
embryo,Epiblast cell,PRDM14
embryo,Epiblast cell,PRUNE2
embryo,Epiblast cell,PSORS1C2
embryo,Epiblast cell,RASD1
embryo,Epiblast cell,RRAD
embryo,Epiblast cell,SAT1
embryo,Epiblast cell,SERINC5
embryo,Epiblast cell,SERPINB6
embryo,Epiblast cell,SH3PXD2A
embryo,Epiblast cell,SHPK
embryo,Epiblast cell,SLC16A9
embryo,Epiblast cell,SLC25A12
embryo,Epiblast cell,SLC35D3
embryo,Epiblast cell,SOX11
embryo,Epiblast cell,SOX2
embryo,Epiblast cell,ST6GALNAC3
embryo,Epiblast cell,SUSD2
embryo,Epiblast cell,TBC1D16
embryo,Epiblast cell,TDGF1
embryo,Epiblast cell,TDGF1P3
embryo,Epiblast cell,TENT5B
embryo,Epiblast cell,TNFRSF8
embryo,Epiblast cell,TRIM56
embryo,Epiblast cell,UBTD1
embryo,Epiblast cell,UNC5B
embryo,Epiblast cell,UPP1
embryo,Epiblast cell,USP28
embryo,Epiblast cell,UTF1
embryo,Epiblast cell,VASH2
embryo,Epiblast cell,VENTX
embryo,Epiblast cell,VSNL1
embryo,Epiblast cell,WNT3
embryo,Epiblast cell,ZIC3
embryo,Epiblast cell,ZSCAN10
embryo,Epiblast cell,ZYG11A
embryo,Germ cell,BMP15
embryo,Germ cell,DAZL
embryo,Germ cell,DDX4
embryo,Germ cell,DPPA3
embryo,Germ cell,FUT4
embryo,Germ cell,GDF9
embryo,Germ cell,HEXB
embryo,Germ cell,MATER
embryo,Germ cell,MCF2
embryo,Germ cell,MORC1
embryo,Germ cell,MVH
embryo,Germ cell,NANOG
embryo,Germ cell,NLRP5
embryo,Germ cell,POU5F1
embryo,Germ cell,PRDM1
embryo,Germ cell,SSEA-1
embryo,Germ cell,STELLA
embryo,Germ cell,SYCP3
embryo,Germ cell,TFAP2C
embryo,Germ cell,VASA
embryo,Germ cell,ZAR1
embryo,Germ cell,ZP3
embryo,Hemangioblast,CD133
embryo,Hemangioblast,CD143
embryo,Hemangioblast,CD144
embryo,Hemangioblast,CD202B
embryo,Hemangioblast,CD309
embryo,Hemangioblast,CD31
embryo,Hemangioblast,CD324
embryo,Hemangioblast,CD34
embryo,Hemangioblast,CDH1
embryo,Hemangioblast,EPHB4
embryo,Hemangioblast,KDR
embryo,Hemangioblast,PODOCALYXIN
embryo,Hemangioblast,PODXL
embryo,Hematopoietic stem cell,ABCB1
embryo,Hematopoietic stem cell,ABCB1B
embryo,Hematopoietic stem cell,ABCG2
embryo,Hematopoietic stem cell,ACE
embryo,Hematopoietic stem cell,ADGRG1
embryo,Hematopoietic stem cell,ALDH1A1
embryo,Hematopoietic stem cell,ANGPT1
embryo,Hematopoietic stem cell,ANPEP
embryo,Hematopoietic stem cell,APC
embryo,Hematopoietic stem cell,ARID3A
embryo,Hematopoietic stem cell,AVP
embryo,Hematopoietic stem cell,BAALC
embryo,Hematopoietic stem cell,BEX1
embryo,Hematopoietic stem cell,BMI1
embryo,Hematopoietic stem cell,CD33
embryo,Hematopoietic stem cell,CD34
embryo,Hematopoietic stem cell,CD44
embryo,Hematopoietic stem cell,CD48
embryo,Hematopoietic stem cell,CD59
embryo,Hematopoietic stem cell,CD59A
embryo,Hematopoietic stem cell,CDCP1
embryo,Hematopoietic stem cell,CDH2
embryo,Hematopoietic stem cell,CRYGD
embryo,Hematopoietic stem cell,CTNNAL1
embryo,Hematopoietic stem cell,CXCR4
embryo,Hematopoietic stem cell,DNMT3B
embryo,Hematopoietic stem cell,EGR1
embryo,Hematopoietic stem cell,EGR3
embryo,Hematopoietic stem cell,ELF1
embryo,Hematopoietic stem cell,ERG
embryo,Hematopoietic stem cell,ESAM
embryo,Hematopoietic stem cell,FGD5
embryo,Hematopoietic stem cell,FLT3
embryo,Hematopoietic stem cell,G0S2
embryo,Hematopoietic stem cell,GATA2
embryo,Hematopoietic stem cell,GATA3
embryo,Hematopoietic stem cell,GFI1
embryo,Hematopoietic stem cell,GFI1B
embryo,Hematopoietic stem cell,GJB1
embryo,Hematopoietic stem cell,GNL3
embryo,Hematopoietic stem cell,GPR171
embryo,Hematopoietic stem cell,HHEX
embryo,Hematopoietic stem cell,HLF
embryo,Hematopoietic stem cell,HLX
embryo,Hematopoietic stem cell,HMGB3
embryo,Hematopoietic stem cell,HOXB5
embryo,Hematopoietic stem cell,IL3RA
embryo,Hematopoietic stem cell,ITGA2B
embryo,Hematopoietic stem cell,ITGA4
embryo,Hematopoietic stem cell,ITGA6
embryo,Hematopoietic stem cell,KIT
embryo,Hematopoietic stem cell,KITL
embryo,Hematopoietic stem cell,KITLG
embryo,Hematopoietic stem cell,LYL1
embryo,Hematopoietic stem cell,MAFF
embryo,Hematopoietic stem cell,MECOM
embryo,Hematopoietic stem cell,MEIS1
embryo,Hematopoietic stem cell,MGST1
embryo,Hematopoietic stem cell,MLLT3
embryo,Hematopoietic stem cell,MPL
embryo,Hematopoietic stem cell,MSRB3
embryo,Hematopoietic stem cell,MYADM
embryo,Hematopoietic stem cell,MYCN
embryo,Hematopoietic stem cell,MYCT1
embryo,Hematopoietic stem cell,NCOR2
embryo,Hematopoietic stem cell,NEO1
embryo,Hematopoietic stem cell,NFE2
embryo,Hematopoietic stem cell,NKX2-3
embryo,Hematopoietic stem cell,NKX3-1
embryo,Hematopoietic stem cell,NOTCH1
embryo,Hematopoietic stem cell,NOTCH2
embryo,Hematopoietic stem cell,NPDC1
embryo,Hematopoietic stem cell,NPR3
embryo,Hematopoietic stem cell,PBX2
embryo,Hematopoietic stem cell,PITX2
embryo,Hematopoietic stem cell,PLXDC2
embryo,Hematopoietic stem cell,PRNP
embryo,Hematopoietic stem cell,PROCR
embryo,Hematopoietic stem cell,PROM1
embryo,Hematopoietic stem cell,PTPRC
embryo,Hematopoietic stem cell,PTPRE
embryo,Hematopoietic stem cell,PTPRS
embryo,Hematopoietic stem cell,RGS18
embryo,Hematopoietic stem cell,ROBO4
embryo,Hematopoietic stem cell,RUNX1
embryo,Hematopoietic stem cell,SLAMF1
embryo,Hematopoietic stem cell,SPN
embryo,Hematopoietic stem cell,TAF7
embryo,Hematopoietic stem cell,TAL1
embryo,Hematopoietic stem cell,TEK
embryo,Hematopoietic stem cell,TET2
embryo,Hematopoietic stem cell,TGFB2
embryo,Hematopoietic stem cell,THSD1
embryo,Hematopoietic stem cell,THY1
embryo,Hematopoietic stem cell,TLR2
embryo,Hematopoietic stem cell,TRPC6
embryo,Hematopoietic stem cell,TXNIP
embryo,Hematopoietic stem cell,VWF
embryo,Macrophage,ARPC1B
embryo,Macrophage,B2M
embryo,Macrophage,C1QB
embryo,Macrophage,C1QC
embryo,Macrophage,COTL1
embryo,Macrophage,CTSD
embryo,Macrophage,FCER1G
embryo,Macrophage,GRN
embryo,Macrophage,PF4
embryo,Macrophage,SELENOP
embryo,Macrophage,TYROBP
embryo,Mesenchymal stem cell,ANPEP
embryo,Mesenchymal stem cell,CD105
embryo,Mesenchymal stem cell,CD13
embryo,Mesenchymal stem cell,CD146
embryo,Mesenchymal stem cell,CD166
embryo,Mesenchymal stem cell,CD34
embryo,Mesenchymal stem cell,CD44
embryo,Mesenchymal stem cell,CD45
embryo,Mesenchymal stem cell,CD73
embryo,Mesenchymal stem cell,CD90
embryo,Mesenchymal stem cell,ENG
embryo,Mesenchymal stem cell,MCAM
embryo,Mesenchymal stem cell,NT5E
embryo,Mesenchymal stem cell,PDGFR-BETA
embryo,Mesenchymal stem cell,PDGFRB
embryo,Mesenchymal stem cell,PTPRC
embryo,Mesenchymal stem cell,THY1
embryo,Mesoderm cell,CD10
embryo,Mesoderm cell,CD105
embryo,Mesoderm cell,CD106
embryo,Mesoderm cell,CD13
embryo,Mesoderm cell,CD14
embryo,Mesoderm cell,CD15
embryo,Mesoderm cell,CD29
embryo,Mesoderm cell,CD31
embryo,Mesoderm cell,CD44
embryo,Mesoderm cell,CD49D
embryo,Mesoderm cell,CD49F
embryo,Mesoderm cell,CD5
embryo,Mesoderm cell,CD54
embryo,Mesoderm cell,CD71
embryo,Mesoderm cell,CD72
embryo,Mesoderm cell,CD73
embryo,Mesoderm cell,CD90
embryo,Mesoderm cell,EOMES
embryo,Mesoderm cell,FUT4
embryo,Mesoderm cell,HAND1
embryo,Mesoderm cell,ISL1
embryo,Mesoderm cell,ITGA4
embryo,Mesoderm cell,KDR
embryo,Mesoderm cell,MESD
embryo,Mesoderm cell,MESDC1
embryo,Mesoderm cell,MESDC2
embryo,Mesoderm cell,MYF5
embryo,Mesoderm cell,MYOD1
embryo,Mesoderm cell,NKX2-5
embryo,Mesoderm cell,STRO-1
embryo,Mesoderm cell,T
embryo,Mesoderm cell,TBX2
embryo,Mesoderm cell,TBXT
embryo,Mesoderm cell,TLNRD1
embryo,Myeloblast,CD114
embryo,Myeloblast,CD116
embryo,Myeloblast,CD13
embryo,Myeloblast,CD15
embryo,Myeloblast,CD33
embryo,Myeloblast,CD91
embryo,Myeloblast,FUT4
embryo,Neural crest cell,AP-2
embryo,Neural crest cell,PAX3
embryo,Neural crest cell,TFAP2A
embryo,Neural crest cell,WNT1
embryo,Neural crest cell,WNT3A
embryo,Neural stem cell,INTEGRIN BETA-1
embryo,Neural stem cell,ITGB1
embryo,Neural stem cell,NOTCH 1
embryo,Neural stem cell,NOTCH1
embryo,Neural stem cell,SDC1
embryo,Neural stem cell,SYNDECAN-1
embryo,Neural tube cell,ABCG2
embryo,Neural tube cell,B3GAT1
embryo,Neural tube cell,CD146
embryo,Neural tube cell,CD15
embryo,Neural tube cell,CD184
embryo,Neural tube cell,CD271
embryo,Neural tube cell,CD288
embryo,Neural tube cell,CD349
embryo,Neural tube cell,CD49F
embryo,Neural tube cell,CD57
embryo,Neural tube cell,CD81
embryo,Neural tube cell,CD95
embryo,Neural tube cell,FUT4
embryo,Neural tube cell,FZD9
embryo,Neural tube cell,NEUROGLYCAN-C
embryo,Neural tube cell,NEUROPILIN-2
embryo,Neural tube cell,NGFR
embryo,Neural tube cell,NOTCH1
embryo,Neural tube cell,TLR8
embryo,Neuron,APBB1
embryo,Neuron,ATOH1
embryo,Neuron,BCL11B
embryo,Neuron,CTIP2
embryo,Neuron,FE65
embryo,Neuron,MATH1
embryo,Neuron,NEUN
embryo,Neuron,RBFOX3
embryo,Neuron,RTN1
embryo,Neuron,SLC17A7
embryo,Neuron,TUBB3
embryo,Neuron,VGLUT1
embryo,Neutrophil,ADAM8
embryo,Neutrophil,ADPGK
embryo,Neutrophil,ARG2
embryo,Neutrophil,ASPRV1
embryo,Neutrophil,AZU1
embryo,Neutrophil,BST1
embryo,Neutrophil,C5AR1
embryo,Neutrophil,CA1
embryo,Neutrophil,CAMP
embryo,Neutrophil,CAR1
embryo,Neutrophil,CCL3
embryo,Neutrophil,CCL6
embryo,Neutrophil,CCL9
embryo,Neutrophil,CCR1
embryo,Neutrophil,CCRL2
embryo,Neutrophil,CD14
embryo,Neutrophil,CD177
embryo,Neutrophil,CD24
embryo,Neutrophil,CD33
embryo,Neutrophil,CEACAM1
embryo,Neutrophil,CEACAM8
embryo,Neutrophil,CFP
embryo,Neutrophil,CHIL3
embryo,Neutrophil,CLEC4D
embryo,Neutrophil,CLEC4E
embryo,Neutrophil,CRP
embryo,Neutrophil,CSF3R
embryo,Neutrophil,CTSG
embryo,Neutrophil,CXCL2
embryo,Neutrophil,CXCR1
embryo,Neutrophil,CXCR2
embryo,Neutrophil,DEFA1
embryo,Neutrophil,DEFA2
embryo,Neutrophil,DEFA3
embryo,Neutrophil,DOCK8
embryo,Neutrophil,ELANE
embryo,Neutrophil,FCGR1A
embryo,Neutrophil,FCGR3A
embryo,Neutrophil,FCGR4
embryo,Neutrophil,FUT4
embryo,Neutrophil,HDC
embryo,Neutrophil,HP
embryo,Neutrophil,IL1B
embryo,Neutrophil,IL1R2
embryo,Neutrophil,ITGAM
embryo,Neutrophil,ITGAX
embryo,Neutrophil,JAML
embryo,Neutrophil,LCN2
embryo,Neutrophil,LRG1
embryo,Neutrophil,LTF
embryo,Neutrophil,LY6G
embryo,Neutrophil,LYST
embryo,Neutrophil,LYZ
embryo,Neutrophil,LYZ1
embryo,Neutrophil,MMP8
embryo,Neutrophil,MMP9
embryo,Neutrophil,MPO
embryo,Neutrophil,MRGPRA2B
embryo,Neutrophil,MYLK
embryo,Neutrophil,NCF1
embryo,Neutrophil,NGP
embryo,Neutrophil,NLRP3
embryo,Neutrophil,NR1I3
embryo,Neutrophil,OAS3
embryo,Neutrophil,OSM
embryo,Neutrophil,PECAM1
embryo,Neutrophil,PILRA
embryo,Neutrophil,PRTN3
embryo,Neutrophil,PSTPIP1
embryo,Neutrophil,PTGS2
embryo,Neutrophil,RETNLG
embryo,Neutrophil,S100A4
embryo,Neutrophil,S100A8
embryo,Neutrophil,S100A9
embryo,Neutrophil,SELL
embryo,Neutrophil,SERPINB1
embryo,Neutrophil,SLC1A5
embryo,Neutrophil,SNX20
embryo,Neutrophil,SORL1
embryo,Neutrophil,STFA2L1
embryo,Neutrophil,TLR2
embryo,Neutrophil,TREM1
embryo,Neutrophil,TREM3
embryo,Oocyte,ABCA5
embryo,Oocyte,ABCC4
embryo,Oocyte,ABI3BP
embryo,Oocyte,AK9
embryo,Oocyte,AKD1
embryo,Oocyte,AMPD3
embryo,Oocyte,ANKRA2
embryo,Oocyte,ARV1
embryo,Oocyte,C4ORF27
embryo,Oocyte,C5ORF22
embryo,Oocyte,C5ORF34
embryo,Oocyte,C5ORF36
embryo,Oocyte,C7ORF10
embryo,Oocyte,CARMIL1
embryo,Oocyte,CENPE
embryo,Oocyte,CEP78
embryo,Oocyte,CHIC1
embryo,Oocyte,CLSTN2
embryo,Oocyte,CNN3
embryo,Oocyte,CREB1
embryo,Oocyte,DAW1
embryo,Oocyte,DCLRE1A
embryo,Oocyte,DCUN1D5
embryo,Oocyte,DEPDC7
embryo,Oocyte,DHX32
embryo,Oocyte,DNAJC3
embryo,Oocyte,DPY30
embryo,Oocyte,DUSP19
embryo,Oocyte,DYNC2H1
embryo,Oocyte,EIF4A2
embryo,Oocyte,EIF4E3
embryo,Oocyte,EPB41L5
embryo,Oocyte,FAM119A
embryo,Oocyte,FBXO43
embryo,Oocyte,GGCT
embryo,Oocyte,GNPDA2
embryo,Oocyte,GOPC
embryo,Oocyte,GRM8
embryo,Oocyte,GRTP1
embryo,Oocyte,GUCY2C
embryo,Oocyte,HOOK1
embryo,Oocyte,HOOK2
embryo,Oocyte,HPF1
embryo,Oocyte,IGSF11
embryo,Oocyte,IRAG2
embryo,Oocyte,ITGAE
embryo,Oocyte,ITGB3BP
embryo,Oocyte,KIAA0825
embryo,Oocyte,KIF15
embryo,Oocyte,LAMB1
embryo,Oocyte,LANCL1
embryo,Oocyte,LMO3
embryo,Oocyte,LONRF1
embryo,Oocyte,LONRF2
embryo,Oocyte,LRCH1
embryo,Oocyte,LRMP
embryo,Oocyte,LRRC16A
embryo,Oocyte,LRRC49
embryo,Oocyte,MAL2
embryo,Oocyte,MCCC2
embryo,Oocyte,MCTP2
embryo,Oocyte,MEAF6
embryo,Oocyte,MEST
embryo,Oocyte,METTL21A
embryo,Oocyte,METTL9
embryo,Oocyte,MFAP3L
embryo,Oocyte,MITD1
embryo,Oocyte,MOB1A
embryo,Oocyte,MOB4
embryo,Oocyte,MOBKL1B
embryo,Oocyte,MOBKL3
embryo,Oocyte,MTERF3
embryo,Oocyte,MTERFD1
embryo,Oocyte,NARS2
embryo,Oocyte,NCKAP5
embryo,Oocyte,NID2
embryo,Oocyte,NUP133
embryo,Oocyte,NUP37
embryo,Oocyte,PAN2
embryo,Oocyte,PAPD4
embryo,Oocyte,PAPSS1
embryo,Oocyte,PCMTD1
embryo,Oocyte,PER3
embryo,Oocyte,POLB
embryo,Oocyte,PPM1A
embryo,Oocyte,PSMA2
embryo,Oocyte,PTPRK
embryo,Oocyte,RAI14
embryo,Oocyte,RAPGEF6
embryo,Oocyte,REXO2
embryo,Oocyte,RFESD
embryo,Oocyte,RHOT1
embryo,Oocyte,RPIA
embryo,Oocyte,SESTD1
embryo,Oocyte,SHE
embryo,Oocyte,SKP1
embryo,Oocyte,SLC2A12
embryo,Oocyte,SMC6
embryo,Oocyte,SNX25
embryo,Oocyte,SP2
embryo,Oocyte,SPIRE1
embryo,Oocyte,STXBP5
embryo,Oocyte,SUGCT
embryo,Oocyte,TAPT1
embryo,Oocyte,TDRD6
embryo,Oocyte,TENT2
embryo,Oocyte,TFG
embryo,Oocyte,THOC7
embryo,Oocyte,TIFA
embryo,Oocyte,TMCC1
embryo,Oocyte,TMEM131
embryo,Oocyte,TRAK1
embryo,Oocyte,TSPAN7
embryo,Oocyte,TUBE1
embryo,Oocyte,UBE2U
embryo,Oocyte,VAMP4
embryo,Oocyte,WASF3
embryo,Oocyte,WDR69
embryo,Oocyte,ZC3H7A
embryo,Oocyte,ZC3H8
embryo,Oocyte,ZNF407
embryo,Primitive endoderm cell,ABHD6
embryo,Primitive endoderm cell,ADD3
embryo,Primitive endoderm cell,ALDH1A1
embryo,Primitive endoderm cell,AMBN
embryo,Primitive endoderm cell,AMOTL1
embryo,Primitive endoderm cell,ANKRD1
embryo,Primitive endoderm cell,APOA1
embryo,Primitive endoderm cell,APOA2
embryo,Primitive endoderm cell,BMP2
embryo,Primitive endoderm cell,BMP6
embryo,Primitive endoderm cell,CACHD1
embryo,Primitive endoderm cell,CADM1
embryo,Primitive endoderm cell,CALCR
embryo,Primitive endoderm cell,CAMK2D
embryo,Primitive endoderm cell,CARMIL1
embryo,Primitive endoderm cell,CCAT1
embryo,Primitive endoderm cell,CDH11
embryo,Primitive endoderm cell,CDH2
embryo,Primitive endoderm cell,CELA3A
embryo,Primitive endoderm cell,CELA3B
embryo,Primitive endoderm cell,CERS6
embryo,Primitive endoderm cell,CMBL
embryo,Primitive endoderm cell,CNIH3
embryo,Primitive endoderm cell,COL18A1
embryo,Primitive endoderm cell,COL4A1
embryo,Primitive endoderm cell,COL4A2
embryo,Primitive endoderm cell,CPN1
embryo,Primitive endoderm cell,CTSE
embryo,Primitive endoderm cell,DENND2C
embryo,Primitive endoderm cell,DEPDC7
embryo,Primitive endoderm cell,DPP4
embryo,Primitive endoderm cell,DUSP4
embryo,Primitive endoderm cell,DYNLT3
embryo,Primitive endoderm cell,EDEM1
embryo,Primitive endoderm cell,FAM198B
embryo,Primitive endoderm cell,FGG
embryo,Primitive endoderm cell,FLRT3
embryo,Primitive endoderm cell,FN1
embryo,Primitive endoderm cell,FOXA2
embryo,Primitive endoderm cell,FRMD6
embryo,Primitive endoderm cell,FRZB
embryo,Primitive endoderm cell,FST
embryo,Primitive endoderm cell,GASK1B
embryo,Primitive endoderm cell,GATA4
embryo,Primitive endoderm cell,GATA6
embryo,Primitive endoderm cell,GCKR
embryo,Primitive endoderm cell,GCNT3
embryo,Primitive endoderm cell,GNA13
embryo,Primitive endoderm cell,GPC3
embryo,Primitive endoderm cell,GPR161
embryo,Primitive endoderm cell,HABP2
embryo,Primitive endoderm cell,HMGCR
embryo,Primitive endoderm cell,HNF1B
embryo,Primitive endoderm cell,HNF4A
embryo,Primitive endoderm cell,ID2
embryo,Primitive endoderm cell,IGF1
embryo,Primitive endoderm cell,ITIH5
embryo,Primitive endoderm cell,KCNJ16
embryo,Primitive endoderm cell,KIFAP3
embryo,Primitive endoderm cell,KIT
embryo,Primitive endoderm cell,LEPRE1
embryo,Primitive endoderm cell,LRRC16A
embryo,Primitive endoderm cell,MAP2K6
embryo,Primitive endoderm cell,MARCKS
embryo,Primitive endoderm cell,MTTP
embryo,Primitive endoderm cell,MYL4
embryo,Primitive endoderm cell,NID1
embryo,Primitive endoderm cell,NID2
embryo,Primitive endoderm cell,NOG
embryo,Primitive endoderm cell,OTX2
embryo,Primitive endoderm cell,P3H1
embryo,Primitive endoderm cell,P4HA1
embryo,Primitive endoderm cell,PAPSS1
embryo,Primitive endoderm cell,PDGFRA
embryo,Primitive endoderm cell,PDPN
embryo,Primitive endoderm cell,PGM1
embryo,Primitive endoderm cell,PHLDB2
embryo,Primitive endoderm cell,PIK3R1
embryo,Primitive endoderm cell,PITX2
embryo,Primitive endoderm cell,POMC
embryo,Primitive endoderm cell,PRCP
embryo,Primitive endoderm cell,PROS1
embryo,Primitive endoderm cell,PTK2B
embryo,Primitive endoderm cell,RGS5
embryo,Primitive endoderm cell,RNASE1
embryo,Primitive endoderm cell,ROBO1
embryo,Primitive endoderm cell,RSPO3
embryo,Primitive endoderm cell,SALL1
embryo,Primitive endoderm cell,SERPINE2
embryo,Primitive endoderm cell,SLCO2A1
embryo,Primitive endoderm cell,SMAD9
embryo,Primitive endoderm cell,SP8
embryo,Primitive endoderm cell,SYT13
embryo,Primitive endoderm cell,TMEM123
embryo,Primitive endoderm cell,TMEM88
embryo,Primitive endoderm cell,TNIP3
embryo,Primitive endoderm cell,TRIM2
embryo,Primitive endoderm cell,VIL1
embryo,Primitive endoderm cell,VWA5A
embryo,Skeletal muscle cell,ACTA2
embryo,Skeletal muscle cell,ACTC1
embryo,Skeletal muscle cell,MYOG
embryo,Skeletal muscle cell,SPG21
embryo,Skeletal muscle cell,SVBP
embryo,Skeletal muscle cell,TNNT1
embryo,Skeletal muscle cell,TPM2
embryo,Trophectoderm cell,ABCG2
embryo,Trophectoderm cell,ACTN1
embryo,Trophectoderm cell,ADAM15
embryo,Trophectoderm cell,ADK
embryo,Trophectoderm cell,ALPP
embryo,Trophectoderm cell,ANKRD6
embryo,Trophectoderm cell,ANXA6
embryo,Trophectoderm cell,ARHGAP23
embryo,Trophectoderm cell,ARHGEF26
embryo,Trophectoderm cell,ATP6V0A4
embryo,Trophectoderm cell,ATP6V1B1
embryo,Trophectoderm cell,ATP8B1
embryo,Trophectoderm cell,BASP1
embryo,Trophectoderm cell,C4BP-PS1
embryo,Trophectoderm cell,C4BPB
embryo,Trophectoderm cell,CAST
embryo,Trophectoderm cell,CD24
embryo,Trophectoderm cell,CD53
embryo,Trophectoderm cell,CITED4
embryo,Trophectoderm cell,CLDN10
embryo,Trophectoderm cell,CLDN3
embryo,Trophectoderm cell,CLDN4
embryo,Trophectoderm cell,CYP26A1
embryo,Trophectoderm cell,DAB2
embryo,Trophectoderm cell,DNAJC6
embryo,Trophectoderm cell,EFNA1
embryo,Trophectoderm cell,ELOVL6
embryo,Trophectoderm cell,EMP2
embryo,Trophectoderm cell,ENPEP
embryo,Trophectoderm cell,FABP3
embryo,Trophectoderm cell,FAM101B
embryo,Trophectoderm cell,FASN
embryo,Trophectoderm cell,FBXL18
embryo,Trophectoderm cell,FHL2
embryo,Trophectoderm cell,FOLR1
embryo,Trophectoderm cell,FRMD4B
embryo,Trophectoderm cell,GAB2
embryo,Trophectoderm cell,GALNT10
embryo,Trophectoderm cell,GATA2
embryo,Trophectoderm cell,GATA3
embryo,Trophectoderm cell,GLIPR2
embryo,Trophectoderm cell,GM2A
embryo,Trophectoderm cell,GPRC5A
embryo,Trophectoderm cell,GREB1L
embryo,Trophectoderm cell,GRHL2
embryo,Trophectoderm cell,GYLTL1B
embryo,Trophectoderm cell,HIP1
embryo,Trophectoderm cell,HSPB11
embryo,Trophectoderm cell,JDP2
embryo,Trophectoderm cell,KRT18
embryo,Trophectoderm cell,KRT19
embryo,Trophectoderm cell,KRT8
embryo,Trophectoderm cell,LAD1
embryo,Trophectoderm cell,LARGE2
embryo,Trophectoderm cell,LRP2
embryo,Trophectoderm cell,LRRFIP1
embryo,Trophectoderm cell,MYC
embryo,Trophectoderm cell,MYCT1
embryo,Trophectoderm cell,MYLPF
embryo,Trophectoderm cell,MYO6
embryo,Trophectoderm cell,MYOF
embryo,Trophectoderm cell,NIM1K
embryo,Trophectoderm cell,NPC2
embryo,Trophectoderm cell,OLFML1
embryo,Trophectoderm cell,OSBPL6
embryo,Trophectoderm cell,PALLD
embryo,Trophectoderm cell,PDGFA
embryo,Trophectoderm cell,PDLIM1
embryo,Trophectoderm cell,PIP5K1B
embryo,Trophectoderm cell,PLAC8
embryo,Trophectoderm cell,PPME1
embryo,Trophectoderm cell,PPT1
embryo,Trophectoderm cell,PRSS8
embryo,Trophectoderm cell,PTGES
embryo,Trophectoderm cell,PWWP2B
embryo,Trophectoderm cell,RAB25
embryo,Trophectoderm cell,RFLNB
embryo,Trophectoderm cell,S100A16
embryo,Trophectoderm cell,S100A6
embryo,Trophectoderm cell,SH3GL3
embryo,Trophectoderm cell,SLC12A3
embryo,Trophectoderm cell,SLC19A3
embryo,Trophectoderm cell,SLC28A3
embryo,Trophectoderm cell,SLC34A2
embryo,Trophectoderm cell,SLC7A2
embryo,Trophectoderm cell,SLC7A4
embryo,Trophectoderm cell,SLC7A5
embryo,Trophectoderm cell,SUN3
embryo,Trophectoderm cell,SYBU
embryo,Trophectoderm cell,TACSTD2
embryo,Trophectoderm cell,TAGLN2
embryo,Trophectoderm cell,TCF7L1
embryo,Trophectoderm cell,TEAD1
embryo,Trophectoderm cell,TET2
embryo,Trophectoderm cell,TFRC
embryo,Trophectoderm cell,TGFBR3
embryo,Trophectoderm cell,TMEM106C
embryo,Trophectoderm cell,TMEM171
embryo,Trophectoderm cell,TMPRSS13
embryo,Trophectoderm cell,TMPRSS2
embryo,Trophectoderm cell,TSPAN15
embryo,Trophectoderm cell,VAMP8
embryo,Trophectoderm cell,WNT7A
embryo,Trophoblast cell,ACKR2
embryo,Trophoblast cell,ADAM19
embryo,Trophoblast cell,ASCL2
embryo,Trophoblast cell,CD4
embryo,Trophoblast cell,CDX2
embryo,Trophoblast cell,CGB3
embryo,Trophoblast cell,CYP24A1
embryo,Trophoblast cell,DLX3
embryo,Trophoblast cell,ELF5
embryo,Trophoblast cell,ERVFRD-1
embryo,Trophoblast cell,GCM1
embryo,Trophoblast cell,HAND1
embryo,Trophoblast cell,HLA-G
embryo,Trophoblast cell,HOPX
embryo,Trophoblast cell,IGF2
embryo,Trophoblast cell,INHBA
embryo,Trophoblast cell,KRT7
embryo,Trophoblast cell,LIF
embryo,Trophoblast cell,MLANA
embryo,Trophoblast cell,PARP1
embryo,Trophoblast cell,PERP
embryo,Trophoblast cell,PHLDA2
embryo,Trophoblast cell,PTHLH
embryo,Trophoblast cell,S100P
embryo,Trophoblast cell,SERPINE1
embryo,Trophoblast cell,SIGLEC6
embryo,Trophoblast cell,SIRT1
embryo,Trophoblast cell,STAR
embryo,Trophoblast cell,TFEB
embryo,Trophoblast cell,TNFRSF9
embryo,Trophoblast cell,TTPA
embryo,Unrestricted somatic stem cell,ALCAM
embryo,Unrestricted somatic stem cell,CD105
embryo,Unrestricted somatic stem cell,CD166
embryo,Unrestricted somatic stem cell,CD31
embryo,Unrestricted somatic stem cell,CD34
embryo,Unrestricted somatic stem cell,CD45
embryo,Unrestricted somatic stem cell,CD90
embryo,Unrestricted somatic stem cell,ENG
embryo,Unrestricted somatic stem cell,PECAM1
embryo,Unrestricted somatic stem cell,PTPRC
embryo,Unrestricted somatic stem cell,THY1
embryo,Venous cell,APJ
embryo,Venous cell,APLNR
embryo,Venous cell,COUP-TF2
embryo,Venous cell,DAB2
embryo,Venous cell,EPHB4
embryo,Venous cell,NR2F2
embryo,Venous cell,NRP2
embryo,Venous cell,TEK
embryo,Venous cell,TIE-2
embryo,Ventral otocyst,FBXO2
embryo,Ventral otocyst,FZD8
embryo,Ventral otocyst,GLI1
embryo,Ventral otocyst,HES1
embryo,Ventral otocyst,HEY2
embryo,Ventral otocyst,LFNG
embryo,Ventral otocyst,NTF3
embryo,Ventral otocyst,OTOL1
embryo,Ventral otocyst,OTX1
embryo,Ventral otocyst,OTX2
embryo,Ventral otocyst,PAX2
embryo,Ventral otocyst,PTC2
embryo,Ventral otocyst,PTCH2
embryo,Ventral otocyst,SOX2
embryo,Ventral otocyst,TRPM3
eye,Bipolar cell,AQUAPORIN-0
eye,Bipolar cell,GNAS
eye,Bipolar cell,GO-ALPHA
eye,Bipolar cell,ISL1
eye,Bipolar cell,ISLET-1
eye,Bipolar cell,MIP
eye,Endothelial cell,ACTA2
eye,Endothelial cell,ACTG2
eye,Endothelial cell,APLNR
eye,Endothelial cell,AQP1
eye,Endothelial cell,CAV1
eye,Endothelial cell,CAV2
eye,Endothelial cell,CAVIN2
eye,Endothelial cell,CD133
eye,Endothelial cell,CLDN5
eye,Endothelial cell,CTLA2A
eye,Endothelial cell,ECSCR
eye,Endothelial cell,EGFL7
eye,Endothelial cell,EMCN
eye,Endothelial cell,ESAM
eye,Endothelial cell,FBLN2
eye,Endothelial cell,FLT1
eye,Endothelial cell,GPIHBP1
eye,Endothelial cell,IGFBP7
eye,Endothelial cell,MYL9
eye,Endothelial cell,PECAM1
eye,Endothelial cell,PITP
eye,Endothelial cell,PLVAP
eye,Endothelial cell,PROM1
eye,Endothelial cell,SDPR
eye,Endothelial cell,SOX17
eye,Endothelial cell,SPARCL1
eye,Endothelial cell,TAGLN
eye,Endothelial cell,TM4SF1
eye,Endothelial cell,TYPE IV COLLAGEN
eye,Endothelial cell,VEGF
eye,Endothelial cell,VEGFA
eye,Endothelial cell,VEGFR-1
eye,Endothelial cell,VWF
eye,Epithelial cell,CITED4
eye,Epithelial cell,CLDN10
eye,Epithelial cell,CLDN3
eye,Epithelial cell,CRABP2
eye,Epithelial cell,EPCAM
eye,Epithelial cell,ESP6
eye,Epithelial cell,FXYD3
eye,Epithelial cell,KCNN4
eye,Epithelial cell,KRT14
eye,Epithelial cell,KRT15
eye,Epithelial cell,KRT18
eye,Epithelial cell,KRT8
eye,Epithelial cell,MIA
eye,Epithelial cell,MIF
eye,Epithelial cell,PHYH
eye,Epithelial cell,PIP
eye,Epithelial cell,PKM
eye,Epithelial cell,RUNX1
eye,Epithelial cell,SCGB2B2
eye,Epithelial cell,WFDC1
eye,Epithelial stem cell,ALCAM
eye,Epithelial stem cell,CD117
eye,Epithelial stem cell,CD144
eye,Epithelial stem cell,CD146
eye,Epithelial stem cell,CD166
eye,Epithelial stem cell,CDH5
eye,Epithelial stem cell,CK14
eye,Epithelial stem cell,CK3
eye,Epithelial stem cell,CXCR4
eye,Epithelial stem cell,KIT
eye,Epithelial stem cell,KRT14
eye,Epithelial stem cell,KRT3
eye,Epithelial stem cell,MCAM
eye,Epithelial stem cell,P63
eye,Epithelial stem cell,SSEA-4
eye,Epithelial stem cell,TCP1
eye,Epithelial stem cell,TP63
eye,Erythroid cell,ALAS2
eye,Erythroid cell,BPGM
eye,Erythroid cell,CA1
eye,Erythroid cell,EXOC6
eye,Erythroid cell,HBD
eye,Erythroid cell,HBM
eye,Erythroid cell,IFIT1B
eye,Erythroid cell,SELENBP1
eye,Erythroid cell,SLC4A1
eye,Erythroid cell,TMCC2
eye,Erythroid cell,TRIM58
eye,Ganglion cell,ISL1
eye,Ganglion cell,ISL2
eye,Ganglion cell,POU4F1
eye,Ganglion cell,POU4F2
eye,Ganglion cell,POU4F3
eye,Ganglion cell,RBPMS
eye,Ganglion cell,SOX11
eye,Ganglion cell,SOX12
eye,Ganglion cell,SOX4
eye,Ganglion cell,THY1
eye,Ganglion cell,TUBB3
eye,Hematopoietic stem cell,ABCB1
eye,Hematopoietic stem cell,ABCB1B
eye,Hematopoietic stem cell,ABCG2
eye,Hematopoietic stem cell,ACE
eye,Hematopoietic stem cell,ADGRG1
eye,Hematopoietic stem cell,ALDH1A1
eye,Hematopoietic stem cell,ANGPT1
eye,Hematopoietic stem cell,ANPEP
eye,Hematopoietic stem cell,APC
eye,Hematopoietic stem cell,ARID3A
eye,Hematopoietic stem cell,AVP
eye,Hematopoietic stem cell,BAALC
eye,Hematopoietic stem cell,BEX1
eye,Hematopoietic stem cell,BMI1
eye,Hematopoietic stem cell,CD33
eye,Hematopoietic stem cell,CD34
eye,Hematopoietic stem cell,CD44
eye,Hematopoietic stem cell,CD48
eye,Hematopoietic stem cell,CD59
eye,Hematopoietic stem cell,CD59A
eye,Hematopoietic stem cell,CDCP1
eye,Hematopoietic stem cell,CDH2
eye,Hematopoietic stem cell,CRYGD
eye,Hematopoietic stem cell,CTNNAL1
eye,Hematopoietic stem cell,CXCR4
eye,Hematopoietic stem cell,DNMT3B
eye,Hematopoietic stem cell,EGR1
eye,Hematopoietic stem cell,EGR3
eye,Hematopoietic stem cell,ELF1
eye,Hematopoietic stem cell,ERG
eye,Hematopoietic stem cell,ESAM
eye,Hematopoietic stem cell,FGD5
eye,Hematopoietic stem cell,FLT3
eye,Hematopoietic stem cell,G0S2
eye,Hematopoietic stem cell,GATA2
eye,Hematopoietic stem cell,GATA3
eye,Hematopoietic stem cell,GFI1
eye,Hematopoietic stem cell,GFI1B
eye,Hematopoietic stem cell,GJB1
eye,Hematopoietic stem cell,GNL3
eye,Hematopoietic stem cell,GPR171
eye,Hematopoietic stem cell,HHEX
eye,Hematopoietic stem cell,HLF
eye,Hematopoietic stem cell,HLX
eye,Hematopoietic stem cell,HMGB3
eye,Hematopoietic stem cell,HOXB5
eye,Hematopoietic stem cell,IL3RA
eye,Hematopoietic stem cell,ITGA2B
eye,Hematopoietic stem cell,ITGA4
eye,Hematopoietic stem cell,ITGA6
eye,Hematopoietic stem cell,KIT
eye,Hematopoietic stem cell,KITL
eye,Hematopoietic stem cell,KITLG
eye,Hematopoietic stem cell,LYL1
eye,Hematopoietic stem cell,MAFF
eye,Hematopoietic stem cell,MECOM
eye,Hematopoietic stem cell,MEIS1
eye,Hematopoietic stem cell,MGST1
eye,Hematopoietic stem cell,MLLT3
eye,Hematopoietic stem cell,MPL
eye,Hematopoietic stem cell,MSRB3
eye,Hematopoietic stem cell,MYADM
eye,Hematopoietic stem cell,MYCN
eye,Hematopoietic stem cell,MYCT1
eye,Hematopoietic stem cell,NCOR2
eye,Hematopoietic stem cell,NEO1
eye,Hematopoietic stem cell,NFE2
eye,Hematopoietic stem cell,NKX2-3
eye,Hematopoietic stem cell,NKX3-1
eye,Hematopoietic stem cell,NOTCH1
eye,Hematopoietic stem cell,NOTCH2
eye,Hematopoietic stem cell,NPDC1
eye,Hematopoietic stem cell,NPR3
eye,Hematopoietic stem cell,PBX2
eye,Hematopoietic stem cell,PITX2
eye,Hematopoietic stem cell,PLXDC2
eye,Hematopoietic stem cell,PRNP
eye,Hematopoietic stem cell,PROCR
eye,Hematopoietic stem cell,PROM1
eye,Hematopoietic stem cell,PTPRC
eye,Hematopoietic stem cell,PTPRE
eye,Hematopoietic stem cell,PTPRS
eye,Hematopoietic stem cell,RGS18
eye,Hematopoietic stem cell,ROBO4
eye,Hematopoietic stem cell,RUNX1
eye,Hematopoietic stem cell,SLAMF1
eye,Hematopoietic stem cell,SPN
eye,Hematopoietic stem cell,TAF7
eye,Hematopoietic stem cell,TAL1
eye,Hematopoietic stem cell,TEK
eye,Hematopoietic stem cell,TET2
eye,Hematopoietic stem cell,TGFB2
eye,Hematopoietic stem cell,THSD1
eye,Hematopoietic stem cell,THY1
eye,Hematopoietic stem cell,TLR2
eye,Hematopoietic stem cell,TRPC6
eye,Hematopoietic stem cell,TXNIP
eye,Hematopoietic stem cell,VWF
eye,Lymphocyte,CD37
eye,Lymphocyte,CD3G
eye,Lymphocyte,CD52
eye,Lymphocyte,CORO1A
eye,Lymphocyte,CXCR6
eye,Lymphocyte,GMFG
eye,Lymphocyte,KLK8
eye,Lymphocyte,LAT
eye,Lymphocyte,LGALS3
eye,Lymphocyte,LSP1
eye,Lymphocyte,PIM1
eye,Lymphocyte,PTPRCAP
eye,Lymphocyte,RGCC
eye,Lymphocyte,RGS1
eye,Lymphocyte,SRGN
eye,Macrophage,C1QA
eye,Macrophage,C1QB
eye,Macrophage,C1QC
eye,Macrophage,CCL12
eye,Macrophage,CD14
eye,Macrophage,CD209F
eye,Macrophage,CD68
eye,Macrophage,CLEC4N
eye,Macrophage,CORO1A
eye,Macrophage,CTSS
eye,Macrophage,CXCL2
eye,Macrophage,F13A1
eye,Macrophage,FCGR3
eye,Macrophage,FCGR3A
eye,Macrophage,FCGR3B
eye,Macrophage,FCGR4
eye,Macrophage,FOLR2
eye,Macrophage,GATM
eye,Macrophage,GMFG
eye,Macrophage,LSP1
eye,Macrophage,LYZ2
eye,Macrophage,MS4A7
eye,Macrophage,PF4
eye,Macrophage,PLD4
eye,Macrophage,RGS1
eye,Macrophage,SRGN
eye,Macrophage,TYROBP
eye,Macrophage,UNC93B1
eye,Mesenchymal cell,CD105
eye,Mesenchymal cell,CD34
eye,Mesenchymal cell,CDH2
eye,Mesenchymal cell,ENG
eye,Mesenchymal cell,N-CADHERIN
eye,Mesenchymal cell,VIM
eye,Mesenchymal cell,VIMENTIN
eye,Mesenchymal stem cell,INTEGRIN BETA-1
eye,Mesenchymal stem cell,ITGB1
eye,Mesenchymal stem cell,STRO-1
eye,Mesenchymal stem cell,TGF-BETA
eye,Mesenchymal stem cell,VIM
eye,Mesenchymal stem cell,VIMENTIN
eye,Muller cell,ABCA8A
eye,Muller cell,ANXA4
eye,Muller cell,APOE
eye,Muller cell,AQP4
eye,Muller cell,ATG4B
eye,Muller cell,CA2
eye,Muller cell,CAR14
eye,Muller cell,CD44
eye,Muller cell,CLU
eye,Muller cell,CNR2
eye,Muller cell,COL11A1
eye,Muller cell,COL1A1
eye,Muller cell,COL2A1
eye,Muller cell,COL3A1
eye,Muller cell,COL4A2
eye,Muller cell,COL5A1
eye,Muller cell,COL6A1
eye,Muller cell,COL9A1
eye,Muller cell,CRB1
eye,Muller cell,CROT
eye,Muller cell,CRYM
eye,Muller cell,DAPL1
eye,Muller cell,DBI
eye,Muller cell,DKK3
eye,Muller cell,GLUL
eye,Muller cell,GNAI2
eye,Muller cell,GPR37
eye,Muller cell,GSTM5
eye,Muller cell,GSTT1
eye,Muller cell,HES1
eye,Muller cell,IL33
eye,Muller cell,IL6
eye,Muller cell,ITM2B
eye,Muller cell,KCNJ10
eye,Muller cell,KCNJ2
eye,Muller cell,KIT
eye,Muller cell,PRDX6
eye,Muller cell,RDH10
eye,Muller cell,RLBP1
eye,Muller cell,S100A16
eye,Muller cell,SFTPA1
eye,Muller cell,SIX3OS1
eye,Muller cell,SLC1A3
eye,Muller cell,SLC38A3
eye,Muller cell,SLC38A5
eye,Muller cell,SLC6A1
eye,Muller cell,SLITRK2
eye,Muller cell,SOX2
eye,Muller cell,SPC25
eye,Muller cell,SYNPR
eye,Muller cell,TLR2
eye,Muller cell,VEGFA
eye,Muller cell,VSX2
eye,Muller cell,ZBED4
eye,Myoepithelial cell,ACTA2
eye,Myoepithelial cell,ACTG2
eye,Myoepithelial cell,CNN1
eye,Myoepithelial cell,KRT14
eye,Myoepithelial cell,TAGLN
eye,Photoreceptor cell,ADAMTS5
eye,Photoreceptor cell,B3GALT2
eye,Photoreceptor cell,CABP5
eye,Photoreceptor cell,CACNA2D3
eye,Photoreceptor cell,CACNA2D4
eye,Photoreceptor cell,CAR8
eye,Photoreceptor cell,CCDC136
eye,Photoreceptor cell,CHGA
eye,Photoreceptor cell,CNTN4
eye,Photoreceptor cell,CNTNAP2
eye,Photoreceptor cell,CPLX3
eye,Photoreceptor cell,CRX
eye,Photoreceptor cell,FRMD3
eye,Photoreceptor cell,GABRA1
eye,Photoreceptor cell,GABRG2
eye,Photoreceptor cell,GLS
eye,Photoreceptor cell,GNB3
eye,Photoreceptor cell,GNG13
eye,Photoreceptor cell,GPR179
eye,Photoreceptor cell,GRM6
eye,Photoreceptor cell,HSPA12A
eye,Photoreceptor cell,ISL1
eye,Photoreceptor cell,KCNMA1
eye,Photoreceptor cell,LIN7A
eye,Photoreceptor cell,LRTM1
eye,Photoreceptor cell,NDNF
eye,Photoreceptor cell,NES
eye,Photoreceptor cell,NESTIN
eye,Photoreceptor cell,NEUROD4
eye,Photoreceptor cell,NLK
eye,Photoreceptor cell,NR2E3
eye,Photoreceptor cell,NRL
eye,Photoreceptor cell,NTNG1
eye,Photoreceptor cell,OTX2
eye,Photoreceptor cell,PCBP3
eye,Photoreceptor cell,PCP2
eye,Photoreceptor cell,PDC
eye,Photoreceptor cell,PDE6G
eye,Photoreceptor cell,PERIPHERIN
eye,Photoreceptor cell,PKC
eye,Photoreceptor cell,PRKCA
eye,Photoreceptor cell,PROX1
eye,Photoreceptor cell,PRPH
eye,Photoreceptor cell,PRRT2
eye,Photoreceptor cell,QPCT
eye,Photoreceptor cell,RCVRN
eye,Photoreceptor cell,RD3L
eye,Photoreceptor cell,RECOVERIN
eye,Photoreceptor cell,RHO
eye,Photoreceptor cell,RHODOPSIN
eye,Photoreceptor cell,RNF152
eye,Photoreceptor cell,RNPC3
eye,Photoreceptor cell,ROM1
eye,Photoreceptor cell,RPE65
eye,Photoreceptor cell,SAG
eye,Photoreceptor cell,SEBOX
eye,Photoreceptor cell,STRIP2
eye,Photoreceptor cell,STX3
eye,Photoreceptor cell,SYNE1
eye,Photoreceptor cell,TPBG
eye,Photoreceptor cell,TRNP1
eye,Photoreceptor cell,VSTM2B
eye,Photoreceptor cell,VSX2
eye,Photoreceptor cell,ZFP365
eye,Progenitor cell,CALB2
eye,Progenitor cell,HES1
eye,Progenitor cell,LGR5
eye,Progenitor cell,MSI1
eye,Progenitor cell,NEFH
eye,Progenitor cell,NOTCH1
eye,Progenitor cell,PAX6
eye,Progenitor cell,RAX
eye,Progenitor cell,RHO
eye,Progenitor cell,SAG
eye,Progenitor cell,SIX3
eye,Progenitor cell,SIX6
eye,Progenitor cell,SOX9
gastrointestinal tract,Ciliated epithelial cell,ABCA13
gastrointestinal tract,Ciliated epithelial cell,AGBL5
gastrointestinal tract,Ciliated epithelial cell,ALDH1A1
gastrointestinal tract,Ciliated epithelial cell,ALDH3B1
gastrointestinal tract,Ciliated epithelial cell,ANKRD66
gastrointestinal tract,Ciliated epithelial cell,B9D1
gastrointestinal tract,Ciliated epithelial cell,BASP1
gastrointestinal tract,Ciliated epithelial cell,C20ORF85
gastrointestinal tract,Ciliated epithelial cell,CAPSL
gastrointestinal tract,Ciliated epithelial cell,CCDC170
gastrointestinal tract,Ciliated epithelial cell,CCDC181
gastrointestinal tract,Ciliated epithelial cell,CCDC33
gastrointestinal tract,Ciliated epithelial cell,CCDC39
gastrointestinal tract,Ciliated epithelial cell,CCDC60
gastrointestinal tract,Ciliated epithelial cell,CCDC65
gastrointestinal tract,Ciliated epithelial cell,CCDC81
gastrointestinal tract,Ciliated epithelial cell,CDHR3
gastrointestinal tract,Ciliated epithelial cell,CFAP126
gastrointestinal tract,Ciliated epithelial cell,CFAP52
gastrointestinal tract,Ciliated epithelial cell,CFAP53
gastrointestinal tract,Ciliated epithelial cell,CFAP61
gastrointestinal tract,Ciliated epithelial cell,DALRD3
gastrointestinal tract,Ciliated epithelial cell,DNAH6
gastrointestinal tract,Ciliated epithelial cell,DPCD
gastrointestinal tract,Ciliated epithelial cell,DRC1
gastrointestinal tract,Ciliated epithelial cell,EFCAB10
gastrointestinal tract,Ciliated epithelial cell,EFHC1
gastrointestinal tract,Ciliated epithelial cell,ERICH2
gastrointestinal tract,Ciliated epithelial cell,IFT46
gastrointestinal tract,Ciliated epithelial cell,IFT57
gastrointestinal tract,Ciliated epithelial cell,KIF9
gastrointestinal tract,Ciliated epithelial cell,LRRC10B
gastrointestinal tract,Ciliated epithelial cell,LRRC23
gastrointestinal tract,Ciliated epithelial cell,LRRC46
gastrointestinal tract,Ciliated epithelial cell,LRRC74B
gastrointestinal tract,Ciliated epithelial cell,LRWD1
gastrointestinal tract,Ciliated epithelial cell,MAPRE3
gastrointestinal tract,Ciliated epithelial cell,MLF1
gastrointestinal tract,Ciliated epithelial cell,MS4A8
gastrointestinal tract,Ciliated epithelial cell,MS4A8A
gastrointestinal tract,Ciliated epithelial cell,NHLRC4
gastrointestinal tract,Ciliated epithelial cell,ODF3B
gastrointestinal tract,Ciliated epithelial cell,PACRG
gastrointestinal tract,Ciliated epithelial cell,PIH1D2
gastrointestinal tract,Ciliated epithelial cell,RIIAD1
gastrointestinal tract,Ciliated epithelial cell,ROPN1L
gastrointestinal tract,Ciliated epithelial cell,RSPH1
gastrointestinal tract,Ciliated epithelial cell,RSPH4A
gastrointestinal tract,Ciliated epithelial cell,RUVBL1
gastrointestinal tract,Ciliated epithelial cell,SAXO2
gastrointestinal tract,Ciliated epithelial cell,SNTN
gastrointestinal tract,Ciliated epithelial cell,SPA17
gastrointestinal tract,Ciliated epithelial cell,SPAG17
gastrointestinal tract,Ciliated epithelial cell,SPAG6
gastrointestinal tract,Ciliated epithelial cell,STK33
gastrointestinal tract,Ciliated epithelial cell,STMND1
gastrointestinal tract,Ciliated epithelial cell,TCTN1
gastrointestinal tract,Ciliated epithelial cell,TEKT4
gastrointestinal tract,Ciliated epithelial cell,TMEM231
gastrointestinal tract,Ciliated epithelial cell,WDR54
gastrointestinal tract,Ciliated epithelial cell,ZMYND10
gastrointestinal tract,Ciliated epithelial cell,ZMYND12
gastrointestinal tract,Colonic stem cell,ALCAM
gastrointestinal tract,Colonic stem cell,C-KIT
gastrointestinal tract,Colonic stem cell,CD166
gastrointestinal tract,Colonic stem cell,CD24
gastrointestinal tract,Colonic stem cell,CD24A
gastrointestinal tract,Colonic stem cell,CD44
gastrointestinal tract,Colonic stem cell,KIT
gastrointestinal tract,Colonic stem cell,LGR5
gastrointestinal tract,Colonic stem cell,PTK7
gastrointestinal tract,Crypt cell,ASCL2
gastrointestinal tract,Crypt cell,AXIN2
gastrointestinal tract,Crypt cell,BMI1
gastrointestinal tract,Crypt cell,EPHB2
gastrointestinal tract,Crypt cell,HOPX
gastrointestinal tract,Crypt cell,KCNE3
gastrointestinal tract,Crypt cell,KCNQ1
gastrointestinal tract,Crypt cell,LGR5
gastrointestinal tract,Crypt cell,LRIG1
gastrointestinal tract,Crypt cell,MSI1
gastrointestinal tract,Crypt cell,OLFM4
gastrointestinal tract,Crypt cell,PROM1
gastrointestinal tract,Crypt cell,SLC12A2
gastrointestinal tract,Crypt cell,SMOC2
gastrointestinal tract,Crypt cell,TERT
gastrointestinal tract,Crypt cell,TNFRSF19
gastrointestinal tract,Dendritic cell,CD11C
gastrointestinal tract,Dendritic cell,CD74
gastrointestinal tract,Dendritic cell,CD83
gastrointestinal tract,Dendritic cell,CD86
gastrointestinal tract,Dendritic cell,CORO1A
gastrointestinal tract,Dendritic cell,CTSS
gastrointestinal tract,Dendritic cell,H2-AA
gastrointestinal tract,Dendritic cell,H2-EB1
gastrointestinal tract,Dendritic cell,IRF8
gastrointestinal tract,Dendritic cell,ITGAX
gastrointestinal tract,Dendritic cell,PSAP
gastrointestinal tract,Enteric glia cell,ALDH1A1
gastrointestinal tract,Enteric glia cell,ALDH1A3
gastrointestinal tract,Enteric glia cell,CXCL14
gastrointestinal tract,Enteric glia cell,DHRS3
gastrointestinal tract,Enteric glia cell,DKK3
gastrointestinal tract,Enteric glia cell,FOXD3
gastrointestinal tract,Enteric glia cell,GFAP
gastrointestinal tract,Enteric glia cell,GFRA3
gastrointestinal tract,Enteric glia cell,INTS6
gastrointestinal tract,Enteric glia cell,L1CAM
gastrointestinal tract,Enteric glia cell,LGI4
gastrointestinal tract,Enteric glia cell,MPZ
gastrointestinal tract,Enteric glia cell,NOS2
gastrointestinal tract,Enteric glia cell,RGS16
gastrointestinal tract,Enteric glia cell,S100B
gastrointestinal tract,Enteric glia cell,SLC18A2
gastrointestinal tract,Enteric glia cell,SOX10
gastrointestinal tract,Enteric neuron,AHDC1
gastrointestinal tract,Enteric neuron,ARHGAP26
gastrointestinal tract,Enteric neuron,ARHGEF28
gastrointestinal tract,Enteric neuron,ASTN1
gastrointestinal tract,Enteric neuron,ATF5
gastrointestinal tract,Enteric neuron,CACNA1B
gastrointestinal tract,Enteric neuron,CACNA1E
gastrointestinal tract,Enteric neuron,CARTPT
gastrointestinal tract,Enteric neuron,CASZ1
gastrointestinal tract,Enteric neuron,CCK
gastrointestinal tract,Enteric neuron,CELF6
gastrointestinal tract,Enteric neuron,CHRNA3
gastrointestinal tract,Enteric neuron,CYB561
gastrointestinal tract,Enteric neuron,CYTH3
gastrointestinal tract,Enteric neuron,DMKN
gastrointestinal tract,Enteric neuron,EFNA5
gastrointestinal tract,Enteric neuron,EML5
gastrointestinal tract,Enteric neuron,FAM19A1
gastrointestinal tract,Enteric neuron,FAM19A5
gastrointestinal tract,Enteric neuron,FBXO7
gastrointestinal tract,Enteric neuron,FILIP1
gastrointestinal tract,Enteric neuron,FLOT2
gastrointestinal tract,Enteric neuron,FSTL5
gastrointestinal tract,Enteric neuron,GAL
gastrointestinal tract,Enteric neuron,GCNT2
gastrointestinal tract,Enteric neuron,GFRA2
gastrointestinal tract,Enteric neuron,GOLGA7B
gastrointestinal tract,Enteric neuron,GPR22
gastrointestinal tract,Enteric neuron,HAND2
gastrointestinal tract,Enteric neuron,HIVEP3
gastrointestinal tract,Enteric neuron,HOXA5
gastrointestinal tract,Enteric neuron,HOXB4
gastrointestinal tract,Enteric neuron,HOXB5
gastrointestinal tract,Enteric neuron,IGF2BP3
gastrointestinal tract,Enteric neuron,JPH3
gastrointestinal tract,Enteric neuron,LIX1
gastrointestinal tract,Enteric neuron,MAP6
gastrointestinal tract,Enteric neuron,MFSD6
gastrointestinal tract,Enteric neuron,MYL1
gastrointestinal tract,Enteric neuron,NMU
gastrointestinal tract,Enteric neuron,PARVA
gastrointestinal tract,Enteric neuron,PHOX2B
gastrointestinal tract,Enteric neuron,PIK3CA
gastrointestinal tract,Enteric neuron,PIRT
gastrointestinal tract,Enteric neuron,PLCE1
gastrointestinal tract,Enteric neuron,PLEKHA5
gastrointestinal tract,Enteric neuron,PPP2R5B
gastrointestinal tract,Enteric neuron,RET
gastrointestinal tract,Enteric neuron,RGMB
gastrointestinal tract,Enteric neuron,RGS3
gastrointestinal tract,Enteric neuron,SCN3A
gastrointestinal tract,Enteric neuron,SCN7A
gastrointestinal tract,Enteric neuron,SLC10A4
gastrointestinal tract,Enteric neuron,SLC18A3
gastrointestinal tract,Enteric neuron,SLC5A7
gastrointestinal tract,Enteric neuron,SLC7A14
gastrointestinal tract,Enteric neuron,SNX21
gastrointestinal tract,Enteric neuron,STXBP5
gastrointestinal tract,Enteric neuron,TAC1
gastrointestinal tract,Enteric neuron,TLX2
gastrointestinal tract,Enteric neuron,TM4SF4
gastrointestinal tract,Enteric neuron,TOX
gastrointestinal tract,Enteric neuron,TSHZ1
gastrointestinal tract,Enteric neuron,TTBK2
gastrointestinal tract,Enteric neuron,TUB
gastrointestinal tract,Enteric neuron,VEZT
gastrointestinal tract,Enteric neuron,VIP
gastrointestinal tract,Enteric neuron,VSTM2L
gastrointestinal tract,Enteric neuron,ZDHHC2
gastrointestinal tract,Enterochromaffin cell,ADGRG4
gastrointestinal tract,Enterochromaffin cell,ADM
gastrointestinal tract,Enterochromaffin cell,AFP
gastrointestinal tract,Enterochromaffin cell,CRH
gastrointestinal tract,Enterochromaffin cell,FGF1
gastrointestinal tract,Enterochromaffin cell,GJB1
gastrointestinal tract,Enterochromaffin cell,LMX1A
gastrointestinal tract,Enterochromaffin cell,PIEZO2
gastrointestinal tract,Enterochromaffin cell,REG4
gastrointestinal tract,Enterochromaffin cell,SLC18A1
gastrointestinal tract,Enterochromaffin cell,TPH1
gastrointestinal tract,Enterochromaffin cell,TRPA1
gastrointestinal tract,Enterocyte,ABCB1A
gastrointestinal tract,Enterocyte,ACE
gastrointestinal tract,Enterocyte,ACSL5
gastrointestinal tract,Enterocyte,ADH6A
gastrointestinal tract,Enterocyte,ALDH1A1
gastrointestinal tract,Enterocyte,ALDOB
gastrointestinal tract,Enterocyte,AMN
gastrointestinal tract,Enterocyte,ANPEP
gastrointestinal tract,Enterocyte,ANXA2
gastrointestinal tract,Enterocyte,AOC1
gastrointestinal tract,Enterocyte,APOA1
gastrointestinal tract,Enterocyte,APOA4
gastrointestinal tract,Enterocyte,APOC3
gastrointestinal tract,Enterocyte,AQP8
gastrointestinal tract,Enterocyte,ARF6
gastrointestinal tract,Enterocyte,ASPA
gastrointestinal tract,Enterocyte,C21ORF62
gastrointestinal tract,Enterocyte,CA7
gastrointestinal tract,Enterocyte,CDHR5
gastrointestinal tract,Enterocyte,CEACAM20
gastrointestinal tract,Enterocyte,CEACAM7
gastrointestinal tract,Enterocyte,CHGB
gastrointestinal tract,Enterocyte,CKB
gastrointestinal tract,Enterocyte,CKMT1
gastrointestinal tract,Enterocyte,CKMT1A
gastrointestinal tract,Enterocyte,CKMT1B
gastrointestinal tract,Enterocyte,CLDN23
gastrointestinal tract,Enterocyte,CLEC2H
gastrointestinal tract,Enterocyte,CNDP2
gastrointestinal tract,Enterocyte,CNKSR1
gastrointestinal tract,Enterocyte,COX7A1
gastrointestinal tract,Enterocyte,CREB3L3
gastrointestinal tract,Enterocyte,CRIP1
gastrointestinal tract,Enterocyte,CUBN
gastrointestinal tract,Enterocyte,CYB5B
gastrointestinal tract,Enterocyte,CYB5R3
gastrointestinal tract,Enterocyte,CYP2C65
gastrointestinal tract,Enterocyte,CYP2C66
gastrointestinal tract,Enterocyte,CYP2D26
gastrointestinal tract,Enterocyte,CYP2W1
gastrointestinal tract,Enterocyte,CYP3A13
gastrointestinal tract,Enterocyte,CYP3A25
gastrointestinal tract,Enterocyte,CYP3A5
gastrointestinal tract,Enterocyte,DGAT1
gastrointestinal tract,Enterocyte,DHCR24
gastrointestinal tract,Enterocyte,DHRS1
gastrointestinal tract,Enterocyte,DPEP1
gastrointestinal tract,Enterocyte,EFNA2
gastrointestinal tract,Enterocyte,ENPEP
gastrointestinal tract,Enterocyte,EPHX2
gastrointestinal tract,Enterocyte,EPS8L3
gastrointestinal tract,Enterocyte,FABP1
gastrointestinal tract,Enterocyte,FABP2
gastrointestinal tract,Enterocyte,FABP6
gastrointestinal tract,Enterocyte,FAM151A
gastrointestinal tract,Enterocyte,FGF15
gastrointestinal tract,Enterocyte,FTH1
gastrointestinal tract,Enterocyte,GAPDH
gastrointestinal tract,Enterocyte,GDA
gastrointestinal tract,Enterocyte,GPANK1
gastrointestinal tract,Enterocyte,GPD1
gastrointestinal tract,Enterocyte,GSTA1
gastrointestinal tract,Enterocyte,GSTA4
gastrointestinal tract,Enterocyte,GSTM3
gastrointestinal tract,Enterocyte,GSTM6
gastrointestinal tract,Enterocyte,GUCA2A
gastrointestinal tract,Enterocyte,GUCA2B
gastrointestinal tract,Enterocyte,H2-Q2
gastrointestinal tract,Enterocyte,HSD17B6
gastrointestinal tract,Enterocyte,HTATIP2
gastrointestinal tract,Enterocyte,IGF2BP2
gastrointestinal tract,Enterocyte,KCNJ5
gastrointestinal tract,Enterocyte,KHK
gastrointestinal tract,Enterocyte,KRT20
gastrointestinal tract,Enterocyte,LAD1
gastrointestinal tract,Enterocyte,LCT
gastrointestinal tract,Enterocyte,LOC646214
gastrointestinal tract,Enterocyte,LPAR5
gastrointestinal tract,Enterocyte,LPGAT1
gastrointestinal tract,Enterocyte,LRRC57
gastrointestinal tract,Enterocyte,LYPD8
gastrointestinal tract,Enterocyte,MAF
gastrointestinal tract,Enterocyte,MALL
gastrointestinal tract,Enterocyte,MAMDC4
gastrointestinal tract,Enterocyte,MCF2L2
gastrointestinal tract,Enterocyte,MEP1A
gastrointestinal tract,Enterocyte,MLXIPL
gastrointestinal tract,Enterocyte,MME
gastrointestinal tract,Enterocyte,MOGAT2
gastrointestinal tract,Enterocyte,MS4A10
gastrointestinal tract,Enterocyte,MSLN
gastrointestinal tract,Enterocyte,MTTP
gastrointestinal tract,Enterocyte,MUC20
gastrointestinal tract,Enterocyte,MUC3
gastrointestinal tract,Enterocyte,MUC3A
gastrointestinal tract,Enterocyte,MYH14
gastrointestinal tract,Enterocyte,MYO15B
gastrointestinal tract,Enterocyte,MYO1A
gastrointestinal tract,Enterocyte,NAALADL1
gastrointestinal tract,Enterocyte,NBEAL1
gastrointestinal tract,Enterocyte,NEU1
gastrointestinal tract,Enterocyte,NOSTRIN
gastrointestinal tract,Enterocyte,NOXA1
gastrointestinal tract,Enterocyte,NR1H4
gastrointestinal tract,Enterocyte,NR1I2
gastrointestinal tract,Enterocyte,NUDT4
gastrointestinal tract,Enterocyte,OCM
gastrointestinal tract,Enterocyte,PARP12
gastrointestinal tract,Enterocyte,PHGR1
gastrointestinal tract,Enterocyte,PLB1
gastrointestinal tract,Enterocyte,PLEC
gastrointestinal tract,Enterocyte,PLS1
gastrointestinal tract,Enterocyte,PMEL
gastrointestinal tract,Enterocyte,PMP22
gastrointestinal tract,Enterocyte,PRAP1
gastrointestinal tract,Enterocyte,PRSS3
gastrointestinal tract,Enterocyte,PRSS30
gastrointestinal tract,Enterocyte,RARRES1
gastrointestinal tract,Enterocyte,RBP2
gastrointestinal tract,Enterocyte,RDH7
gastrointestinal tract,Enterocyte,REG1
gastrointestinal tract,Enterocyte,REG3A
gastrointestinal tract,Enterocyte,REG4
gastrointestinal tract,Enterocyte,RETSAT
gastrointestinal tract,Enterocyte,RNPC3
gastrointestinal tract,Enterocyte,RPS2
gastrointestinal tract,Enterocyte,SCP2
gastrointestinal tract,Enterocyte,SI
gastrointestinal tract,Enterocyte,SLC13A1
gastrointestinal tract,Enterocyte,SLC15A1
gastrointestinal tract,Enterocyte,SLC2A2
gastrointestinal tract,Enterocyte,SLC34A2
gastrointestinal tract,Enterocyte,SLC35D2
gastrointestinal tract,Enterocyte,SLC41A2
gastrointestinal tract,Enterocyte,SLC51A
gastrointestinal tract,Enterocyte,SLC51B
gastrointestinal tract,Enterocyte,SLC5A1
gastrointestinal tract,Enterocyte,SLC6A19
gastrointestinal tract,Enterocyte,SLC7A9
gastrointestinal tract,Enterocyte,SMIM24
gastrointestinal tract,Enterocyte,SPIB
gastrointestinal tract,Enterocyte,STEAP1
gastrointestinal tract,Enterocyte,SULT1B1
gastrointestinal tract,Enterocyte,TMEM45B
gastrointestinal tract,Enterocyte,TMIGD1
gastrointestinal tract,Enterocyte,TONSL
gastrointestinal tract,Enterocyte,TREH
gastrointestinal tract,Enterocyte,UGDH
gastrointestinal tract,Enterocyte,VNN1
gastrointestinal tract,Enterocyte,XDH
gastrointestinal tract,Enterocyte,XPNPEP1
gastrointestinal tract,Enterocyte,XPNPEP2
gastrointestinal tract,Enterocyte,ZNF264
gastrointestinal tract,Enterocyte progenitor cell,AADAC
gastrointestinal tract,Enterocyte progenitor cell,ABCC2
gastrointestinal tract,Enterocyte progenitor cell,ABRACL
gastrointestinal tract,Enterocyte progenitor cell,ACP5
gastrointestinal tract,Enterocyte progenitor cell,ADH1C
gastrointestinal tract,Enterocyte progenitor cell,AFP
gastrointestinal tract,Enterocyte progenitor cell,AGT
gastrointestinal tract,Enterocyte progenitor cell,ALDOB
gastrointestinal tract,Enterocyte progenitor cell,ALPI
gastrointestinal tract,Enterocyte progenitor cell,ANXA4
gastrointestinal tract,Enterocyte progenitor cell,AOC1
gastrointestinal tract,Enterocyte progenitor cell,APOA1
gastrointestinal tract,Enterocyte progenitor cell,APOA4
gastrointestinal tract,Enterocyte progenitor cell,APOB
gastrointestinal tract,Enterocyte progenitor cell,APOC3
gastrointestinal tract,Enterocyte progenitor cell,AQP1
gastrointestinal tract,Enterocyte progenitor cell,ASAH1
gastrointestinal tract,Enterocyte progenitor cell,ATP1B3
gastrointestinal tract,Enterocyte progenitor cell,ATP2A1
gastrointestinal tract,Enterocyte progenitor cell,BOP1
gastrointestinal tract,Enterocyte progenitor cell,C11ORF86
gastrointestinal tract,Enterocyte progenitor cell,C17ORF78
gastrointestinal tract,Enterocyte progenitor cell,C8G
gastrointestinal tract,Enterocyte progenitor cell,CA3
gastrointestinal tract,Enterocyte progenitor cell,CAMKV
gastrointestinal tract,Enterocyte progenitor cell,CARS
gastrointestinal tract,Enterocyte progenitor cell,CASC2
gastrointestinal tract,Enterocyte progenitor cell,CCL25
gastrointestinal tract,Enterocyte progenitor cell,CD24
gastrointestinal tract,Enterocyte progenitor cell,CDK5
gastrointestinal tract,Enterocyte progenitor cell,CELP
gastrointestinal tract,Enterocyte progenitor cell,CFB
gastrointestinal tract,Enterocyte progenitor cell,CFI
gastrointestinal tract,Enterocyte progenitor cell,CHCHD10
gastrointestinal tract,Enterocyte progenitor cell,CHGB
gastrointestinal tract,Enterocyte progenitor cell,CHST13
gastrointestinal tract,Enterocyte progenitor cell,CNKSR1
gastrointestinal tract,Enterocyte progenitor cell,COMMD1
gastrointestinal tract,Enterocyte progenitor cell,CRIP1
gastrointestinal tract,Enterocyte progenitor cell,CTSA
gastrointestinal tract,Enterocyte progenitor cell,CYP2C29
gastrointestinal tract,Enterocyte progenitor cell,CYP2J2
gastrointestinal tract,Enterocyte progenitor cell,CYP3A11
gastrointestinal tract,Enterocyte progenitor cell,DAB1
gastrointestinal tract,Enterocyte progenitor cell,DDC
gastrointestinal tract,Enterocyte progenitor cell,DMBT1
gastrointestinal tract,Enterocyte progenitor cell,DNAJC14
gastrointestinal tract,Enterocyte progenitor cell,DOK7
gastrointestinal tract,Enterocyte progenitor cell,DPEP1
gastrointestinal tract,Enterocyte progenitor cell,DPP4
gastrointestinal tract,Enterocyte progenitor cell,DRG2
gastrointestinal tract,Enterocyte progenitor cell,DUS3L
gastrointestinal tract,Enterocyte progenitor cell,EMB
gastrointestinal tract,Enterocyte progenitor cell,ENPP4
gastrointestinal tract,Enterocyte progenitor cell,ENPP7
gastrointestinal tract,Enterocyte progenitor cell,ETNK2
gastrointestinal tract,Enterocyte progenitor cell,FABP1
gastrointestinal tract,Enterocyte progenitor cell,FABP2
gastrointestinal tract,Enterocyte progenitor cell,FAH
gastrointestinal tract,Enterocyte progenitor cell,FAM110C
gastrointestinal tract,Enterocyte progenitor cell,FAM213A
gastrointestinal tract,Enterocyte progenitor cell,FBP1
gastrointestinal tract,Enterocyte progenitor cell,FBXO2
gastrointestinal tract,Enterocyte progenitor cell,FCSK
gastrointestinal tract,Enterocyte progenitor cell,FTH1
gastrointestinal tract,Enterocyte progenitor cell,FUK
gastrointestinal tract,Enterocyte progenitor cell,G0S2
gastrointestinal tract,Enterocyte progenitor cell,GCHFR
gastrointestinal tract,Enterocyte progenitor cell,GCNT1
gastrointestinal tract,Enterocyte progenitor cell,GJB1
gastrointestinal tract,Enterocyte progenitor cell,GLRX
gastrointestinal tract,Enterocyte progenitor cell,GOLT1A
gastrointestinal tract,Enterocyte progenitor cell,GSTA1
gastrointestinal tract,Enterocyte progenitor cell,GSTA2
gastrointestinal tract,Enterocyte progenitor cell,GSTM1
gastrointestinal tract,Enterocyte progenitor cell,GSTM3
gastrointestinal tract,Enterocyte progenitor cell,GUCA2B
gastrointestinal tract,Enterocyte progenitor cell,HDDC3
gastrointestinal tract,Enterocyte progenitor cell,HHLA2
gastrointestinal tract,Enterocyte progenitor cell,IFI30
gastrointestinal tract,Enterocyte progenitor cell,IL22RA1
gastrointestinal tract,Enterocyte progenitor cell,IL32
gastrointestinal tract,Enterocyte progenitor cell,KEL
gastrointestinal tract,Enterocyte progenitor cell,KIAA1161
gastrointestinal tract,Enterocyte progenitor cell,KIF26B
gastrointestinal tract,Enterocyte progenitor cell,MAMDC4
gastrointestinal tract,Enterocyte progenitor cell,MATN1-AS1
gastrointestinal tract,Enterocyte progenitor cell,MEP1A
gastrointestinal tract,Enterocyte progenitor cell,METTL7B
gastrointestinal tract,Enterocyte progenitor cell,MFSD2A
gastrointestinal tract,Enterocyte progenitor cell,MGST1
gastrointestinal tract,Enterocyte progenitor cell,MS4A8
gastrointestinal tract,Enterocyte progenitor cell,MS4A8A
gastrointestinal tract,Enterocyte progenitor cell,MST1
gastrointestinal tract,Enterocyte progenitor cell,MT1
gastrointestinal tract,Enterocyte progenitor cell,MT1A
gastrointestinal tract,Enterocyte progenitor cell,MT1B
gastrointestinal tract,Enterocyte progenitor cell,MT1E
gastrointestinal tract,Enterocyte progenitor cell,MT1F
gastrointestinal tract,Enterocyte progenitor cell,MT1G
gastrointestinal tract,Enterocyte progenitor cell,MT1H
gastrointestinal tract,Enterocyte progenitor cell,MT1IP
gastrointestinal tract,Enterocyte progenitor cell,MT1JP
gastrointestinal tract,Enterocyte progenitor cell,MT1L
gastrointestinal tract,Enterocyte progenitor cell,MT1M
gastrointestinal tract,Enterocyte progenitor cell,MT1X
gastrointestinal tract,Enterocyte progenitor cell,MT2
gastrointestinal tract,Enterocyte progenitor cell,MT2A
gastrointestinal tract,Enterocyte progenitor cell,MUC13
gastrointestinal tract,Enterocyte progenitor cell,MYO1A
gastrointestinal tract,Enterocyte progenitor cell,MYORG
gastrointestinal tract,Enterocyte progenitor cell,NAGS
gastrointestinal tract,Enterocyte progenitor cell,NDRG1
gastrointestinal tract,Enterocyte progenitor cell,NPL
gastrointestinal tract,Enterocyte progenitor cell,NR0B2
gastrointestinal tract,Enterocyte progenitor cell,NR5A2
gastrointestinal tract,Enterocyte progenitor cell,OAT
gastrointestinal tract,Enterocyte progenitor cell,OCIAD2
gastrointestinal tract,Enterocyte progenitor cell,OSGIN1
gastrointestinal tract,Enterocyte progenitor cell,PCYOX1L
gastrointestinal tract,Enterocyte progenitor cell,PDGFB
gastrointestinal tract,Enterocyte progenitor cell,PEX14
gastrointestinal tract,Enterocyte progenitor cell,PIGH
gastrointestinal tract,Enterocyte progenitor cell,PLAGL2
gastrointestinal tract,Enterocyte progenitor cell,PLEK2
gastrointestinal tract,Enterocyte progenitor cell,PNCK
gastrointestinal tract,Enterocyte progenitor cell,PNP
gastrointestinal tract,Enterocyte progenitor cell,POF1B
gastrointestinal tract,Enterocyte progenitor cell,POLR2K
gastrointestinal tract,Enterocyte progenitor cell,PON2
gastrointestinal tract,Enterocyte progenitor cell,PP7080
gastrointestinal tract,Enterocyte progenitor cell,PRAP1
gastrointestinal tract,Enterocyte progenitor cell,PRR15
gastrointestinal tract,Enterocyte progenitor cell,PRR15L
gastrointestinal tract,Enterocyte progenitor cell,PRSS3
gastrointestinal tract,Enterocyte progenitor cell,PRXL2A
gastrointestinal tract,Enterocyte progenitor cell,RAB25
gastrointestinal tract,Enterocyte progenitor cell,RARRES1
gastrointestinal tract,Enterocyte progenitor cell,RBP2
gastrointestinal tract,Enterocyte progenitor cell,RBP4
gastrointestinal tract,Enterocyte progenitor cell,REG1
gastrointestinal tract,Enterocyte progenitor cell,REG3B
gastrointestinal tract,Enterocyte progenitor cell,REG3G
gastrointestinal tract,Enterocyte progenitor cell,REG4
gastrointestinal tract,Enterocyte progenitor cell,RGN
gastrointestinal tract,Enterocyte progenitor cell,RN45S
gastrointestinal tract,Enterocyte progenitor cell,RNASE6
gastrointestinal tract,Enterocyte progenitor cell,RNF128
gastrointestinal tract,Enterocyte progenitor cell,RNF186
gastrointestinal tract,Enterocyte progenitor cell,RPL27A
gastrointestinal tract,Enterocyte progenitor cell,RPS12
gastrointestinal tract,Enterocyte progenitor cell,RPS19
gastrointestinal tract,Enterocyte progenitor cell,RPSA
gastrointestinal tract,Enterocyte progenitor cell,S100A9
gastrointestinal tract,Enterocyte progenitor cell,S100G
gastrointestinal tract,Enterocyte progenitor cell,SCARNA2
gastrointestinal tract,Enterocyte progenitor cell,SEC11C
gastrointestinal tract,Enterocyte progenitor cell,SERPINA4
gastrointestinal tract,Enterocyte progenitor cell,SIS
gastrointestinal tract,Enterocyte progenitor cell,SLC2A1
gastrointestinal tract,Enterocyte progenitor cell,SLC34A3
gastrointestinal tract,Enterocyte progenitor cell,SLC35A4
gastrointestinal tract,Enterocyte progenitor cell,SLC35C2
gastrointestinal tract,Enterocyte progenitor cell,SLC46A3
gastrointestinal tract,Enterocyte progenitor cell,SLC51B
gastrointestinal tract,Enterocyte progenitor cell,SLC5A1
gastrointestinal tract,Enterocyte progenitor cell,SLC5A9
gastrointestinal tract,Enterocyte progenitor cell,SLC6A19
gastrointestinal tract,Enterocyte progenitor cell,SLC7A7
gastrointestinal tract,Enterocyte progenitor cell,SMIM1
gastrointestinal tract,Enterocyte progenitor cell,SMIM24
gastrointestinal tract,Enterocyte progenitor cell,ST20
gastrointestinal tract,Enterocyte progenitor cell,STARD13-AS
gastrointestinal tract,Enterocyte progenitor cell,STARD5
gastrointestinal tract,Enterocyte progenitor cell,SULT1B1
gastrointestinal tract,Enterocyte progenitor cell,TATDN1
gastrointestinal tract,Enterocyte progenitor cell,TGM2
gastrointestinal tract,Enterocyte progenitor cell,TM4SF20
gastrointestinal tract,Enterocyte progenitor cell,TMEM144
gastrointestinal tract,Enterocyte progenitor cell,TMEM38B
gastrointestinal tract,Enterocyte progenitor cell,TMEM86B
gastrointestinal tract,Enterocyte progenitor cell,TMPRSS6
gastrointestinal tract,Enterocyte progenitor cell,TREH
gastrointestinal tract,Enterocyte progenitor cell,TSPAN13
gastrointestinal tract,Enterocyte progenitor cell,TSPAN8
gastrointestinal tract,Enterocyte progenitor cell,TTR
gastrointestinal tract,Enterocyte progenitor cell,UGT3A1
gastrointestinal tract,Enterocyte progenitor cell,VPS26B
gastrointestinal tract,Enterocyte progenitor cell,VTN
gastrointestinal tract,Enterocyte progenitor cell,XPNPEP2
gastrointestinal tract,Enterocyte progenitor cell,ZDHHC12
gastrointestinal tract,Enterocyte progenitor cell,ZNF586
gastrointestinal tract,Enteroendocrine cell,AFP
gastrointestinal tract,Enteroendocrine cell,ALCAM
gastrointestinal tract,Enteroendocrine cell,ARX
gastrointestinal tract,Enteroendocrine cell,CCK
gastrointestinal tract,Enteroendocrine cell,CHGA
gastrointestinal tract,Enteroendocrine cell,CHGB
gastrointestinal tract,Enteroendocrine cell,CPE
gastrointestinal tract,Enteroendocrine cell,ENPP2
gastrointestinal tract,Enteroendocrine cell,FABP5
gastrointestinal tract,Enteroendocrine cell,FFAR1
gastrointestinal tract,Enteroendocrine cell,FFAR3
gastrointestinal tract,Enteroendocrine cell,FFAR4
gastrointestinal tract,Enteroendocrine cell,GAL
gastrointestinal tract,Enteroendocrine cell,GAST
gastrointestinal tract,Enteroendocrine cell,GCG
gastrointestinal tract,Enteroendocrine cell,GFRA3
gastrointestinal tract,Enteroendocrine cell,GHRL
gastrointestinal tract,Enteroendocrine cell,GIP
gastrointestinal tract,Enteroendocrine cell,GLP1R
gastrointestinal tract,Enteroendocrine cell,GLP2R
gastrointestinal tract,Enteroendocrine cell,GNAT3
gastrointestinal tract,Enteroendocrine cell,GPR119
gastrointestinal tract,Enteroendocrine cell,IAPP
gastrointestinal tract,Enteroendocrine cell,INSL5
gastrointestinal tract,Enteroendocrine cell,ISL1
gastrointestinal tract,Enteroendocrine cell,MC4R
gastrointestinal tract,Enteroendocrine cell,MLN
gastrointestinal tract,Enteroendocrine cell,NEUROD1
gastrointestinal tract,Enteroendocrine cell,NEUROG3
gastrointestinal tract,Enteroendocrine cell,NKX2-2
gastrointestinal tract,Enteroendocrine cell,NPSR1
gastrointestinal tract,Enteroendocrine cell,NTS
gastrointestinal tract,Enteroendocrine cell,NUCB2
gastrointestinal tract,Enteroendocrine cell,PAX6
gastrointestinal tract,Enteroendocrine cell,PCSK1
gastrointestinal tract,Enteroendocrine cell,PYY
gastrointestinal tract,Enteroendocrine cell,RIMBP2
gastrointestinal tract,Enteroendocrine cell,SCGN
gastrointestinal tract,Enteroendocrine cell,SCN3A
gastrointestinal tract,Enteroendocrine cell,SCT
gastrointestinal tract,Enteroendocrine cell,SST
gastrointestinal tract,Enteroendocrine cell,SSTR2
gastrointestinal tract,Enteroendocrine cell,TAC1
gastrointestinal tract,Enteroendocrine cell,TAS1R2
gastrointestinal tract,Enteroendocrine cell,TAS1R3
gastrointestinal tract,Enteroendocrine cell,TRPA1
gastrointestinal tract,Enteroendocrine cell,VEGFA
gastrointestinal tract,Enteroendocrine cell,VWA5B2
gastrointestinal tract,Enteroendocrine precursor cell,ACAP3
gastrointestinal tract,Enteroendocrine precursor cell,ADH1
gastrointestinal tract,Enteroendocrine precursor cell,AKAP9
gastrointestinal tract,Enteroendocrine precursor cell,ALDOB
gastrointestinal tract,Enteroendocrine precursor cell,ALPI
gastrointestinal tract,Enteroendocrine precursor cell,AMPD3
gastrointestinal tract,Enteroendocrine precursor cell,ANAPC5
gastrointestinal tract,Enteroendocrine precursor cell,ANG
gastrointestinal tract,Enteroendocrine precursor cell,ANKRD12
gastrointestinal tract,Enteroendocrine precursor cell,AP1M2
gastrointestinal tract,Enteroendocrine precursor cell,APLP1
gastrointestinal tract,Enteroendocrine precursor cell,APOA1
gastrointestinal tract,Enteroendocrine precursor cell,APOA4
gastrointestinal tract,Enteroendocrine precursor cell,ARAP1
gastrointestinal tract,Enteroendocrine precursor cell,ARF1
gastrointestinal tract,Enteroendocrine precursor cell,ARHGEF28
gastrointestinal tract,Enteroendocrine precursor cell,ARRDC3
gastrointestinal tract,Enteroendocrine precursor cell,ASF1A
gastrointestinal tract,Enteroendocrine precursor cell,ATP1A1
gastrointestinal tract,Enteroendocrine precursor cell,ATP1B1
gastrointestinal tract,Enteroendocrine precursor cell,ATP5H
gastrointestinal tract,Enteroendocrine precursor cell,ATP6V0E
gastrointestinal tract,Enteroendocrine precursor cell,B2M
gastrointestinal tract,Enteroendocrine precursor cell,BBX
gastrointestinal tract,Enteroendocrine precursor cell,BC048507
gastrointestinal tract,Enteroendocrine precursor cell,BCCIP
gastrointestinal tract,Enteroendocrine precursor cell,BMPR1A
gastrointestinal tract,Enteroendocrine precursor cell,BRI3
gastrointestinal tract,Enteroendocrine precursor cell,BTBD17
gastrointestinal tract,Enteroendocrine precursor cell,BTG2
gastrointestinal tract,Enteroendocrine precursor cell,BZW1
gastrointestinal tract,Enteroendocrine precursor cell,CAPRIN1
gastrointestinal tract,Enteroendocrine precursor cell,CBFA2T3
gastrointestinal tract,Enteroendocrine precursor cell,CCL25
gastrointestinal tract,Enteroendocrine precursor cell,CCT4
gastrointestinal tract,Enteroendocrine precursor cell,CD63
gastrointestinal tract,Enteroendocrine precursor cell,CDC14B
gastrointestinal tract,Enteroendocrine precursor cell,CDK2AP1
gastrointestinal tract,Enteroendocrine precursor cell,CDK4
gastrointestinal tract,Enteroendocrine precursor cell,CDK5R1
gastrointestinal tract,Enteroendocrine precursor cell,CDK8
gastrointestinal tract,Enteroendocrine precursor cell,CDKAL1
gastrointestinal tract,Enteroendocrine precursor cell,CDX2
gastrointestinal tract,Enteroendocrine precursor cell,CES2E
gastrointestinal tract,Enteroendocrine precursor cell,CHD7
gastrointestinal tract,Enteroendocrine precursor cell,CHGB
gastrointestinal tract,Enteroendocrine precursor cell,CKMT1
gastrointestinal tract,Enteroendocrine precursor cell,CLDN15
gastrointestinal tract,Enteroendocrine precursor cell,CLN6
gastrointestinal tract,Enteroendocrine precursor cell,CLPS
gastrointestinal tract,Enteroendocrine precursor cell,CLTA
gastrointestinal tract,Enteroendocrine precursor cell,CNKSR3
gastrointestinal tract,Enteroendocrine precursor cell,CNPY2
gastrointestinal tract,Enteroendocrine precursor cell,COG1
gastrointestinal tract,Enteroendocrine precursor cell,COX6B1
gastrointestinal tract,Enteroendocrine precursor cell,CPNE8
gastrointestinal tract,Enteroendocrine precursor cell,CPT2
gastrointestinal tract,Enteroendocrine precursor cell,CRIP1
gastrointestinal tract,Enteroendocrine precursor cell,CYP2B10
gastrointestinal tract,Enteroendocrine precursor cell,CYP2C29
gastrointestinal tract,Enteroendocrine precursor cell,CYP2C65
gastrointestinal tract,Enteroendocrine precursor cell,CYP2D26
gastrointestinal tract,Enteroendocrine precursor cell,CYP4F14
gastrointestinal tract,Enteroendocrine precursor cell,DBI
gastrointestinal tract,Enteroendocrine precursor cell,DBN1
gastrointestinal tract,Enteroendocrine precursor cell,DDIT4
gastrointestinal tract,Enteroendocrine precursor cell,DDR1
gastrointestinal tract,Enteroendocrine precursor cell,DDX24
gastrointestinal tract,Enteroendocrine precursor cell,DMPK
gastrointestinal tract,Enteroendocrine precursor cell,DNAJC18
gastrointestinal tract,Enteroendocrine precursor cell,DPYSL2
gastrointestinal tract,Enteroendocrine precursor cell,DPYSL5
gastrointestinal tract,Enteroendocrine precursor cell,DRAP1
gastrointestinal tract,Enteroendocrine precursor cell,DRG1
gastrointestinal tract,Enteroendocrine precursor cell,DYNLL1
gastrointestinal tract,Enteroendocrine precursor cell,ENPP3
gastrointestinal tract,Enteroendocrine precursor cell,FABP2
gastrointestinal tract,Enteroendocrine precursor cell,FAM222A
gastrointestinal tract,Enteroendocrine precursor cell,FBXO11
gastrointestinal tract,Enteroendocrine precursor cell,FBXO32
gastrointestinal tract,Enteroendocrine precursor cell,FBXW11
gastrointestinal tract,Enteroendocrine precursor cell,FCGBP
gastrointestinal tract,Enteroendocrine precursor cell,FGD2
gastrointestinal tract,Enteroendocrine precursor cell,FGD4
gastrointestinal tract,Enteroendocrine precursor cell,FGD6
gastrointestinal tract,Enteroendocrine precursor cell,FOXO6
gastrointestinal tract,Enteroendocrine precursor cell,FTH1
gastrointestinal tract,Enteroendocrine precursor cell,FXYD3
gastrointestinal tract,Enteroendocrine precursor cell,GADD45A
gastrointestinal tract,Enteroendocrine precursor cell,GADD45G
gastrointestinal tract,Enteroendocrine precursor cell,GAPDH
gastrointestinal tract,Enteroendocrine precursor cell,GLIS2
gastrointestinal tract,Enteroendocrine precursor cell,GLUL
gastrointestinal tract,Enteroendocrine precursor cell,GM12070
gastrointestinal tract,Enteroendocrine precursor cell,GM15910
gastrointestinal tract,Enteroendocrine precursor cell,GM20594
gastrointestinal tract,Enteroendocrine precursor cell,GNB2
gastrointestinal tract,Enteroendocrine precursor cell,GPD1
gastrointestinal tract,Enteroendocrine precursor cell,GPI1
gastrointestinal tract,Enteroendocrine precursor cell,GPSM1
gastrointestinal tract,Enteroendocrine precursor cell,GPX1
gastrointestinal tract,Enteroendocrine precursor cell,GPX2
gastrointestinal tract,Enteroendocrine precursor cell,GRN
gastrointestinal tract,Enteroendocrine precursor cell,GRPEL2
gastrointestinal tract,Enteroendocrine precursor cell,GSE1
gastrointestinal tract,Enteroendocrine precursor cell,GSTA1
gastrointestinal tract,Enteroendocrine precursor cell,GSTA4
gastrointestinal tract,Enteroendocrine precursor cell,GSTM1
gastrointestinal tract,Enteroendocrine precursor cell,GSTM3
gastrointestinal tract,Enteroendocrine precursor cell,GSTO1
gastrointestinal tract,Enteroendocrine precursor cell,GTF2B
gastrointestinal tract,Enteroendocrine precursor cell,GTF2I
gastrointestinal tract,Enteroendocrine precursor cell,GUCA2B
gastrointestinal tract,Enteroendocrine precursor cell,H2-K1
gastrointestinal tract,Enteroendocrine precursor cell,H3F3A
gastrointestinal tract,Enteroendocrine precursor cell,H3F3B
gastrointestinal tract,Enteroendocrine precursor cell,HADH
gastrointestinal tract,Enteroendocrine precursor cell,HBP1
gastrointestinal tract,Enteroendocrine precursor cell,HDAC2
gastrointestinal tract,Enteroendocrine precursor cell,HDAC6
gastrointestinal tract,Enteroendocrine precursor cell,HEPACAM2
gastrointestinal tract,Enteroendocrine precursor cell,HES6
gastrointestinal tract,Enteroendocrine precursor cell,HIRA
gastrointestinal tract,Enteroendocrine precursor cell,HNRNPA0
gastrointestinal tract,Enteroendocrine precursor cell,HOXA5
gastrointestinal tract,Enteroendocrine precursor cell,HPCAL1
gastrointestinal tract,Enteroendocrine precursor cell,HSD11B2
gastrointestinal tract,Enteroendocrine precursor cell,HUNK
gastrointestinal tract,Enteroendocrine precursor cell,HYAL2
gastrointestinal tract,Enteroendocrine precursor cell,IFFO2
gastrointestinal tract,Enteroendocrine precursor cell,IFITM2
gastrointestinal tract,Enteroendocrine precursor cell,IFT122
gastrointestinal tract,Enteroendocrine precursor cell,IMMP1L
gastrointestinal tract,Enteroendocrine precursor cell,INSM1
gastrointestinal tract,Enteroendocrine precursor cell,JUN
gastrointestinal tract,Enteroendocrine precursor cell,KDM1A
gastrointestinal tract,Enteroendocrine precursor cell,KHK
gastrointestinal tract,Enteroendocrine precursor cell,KLC1
gastrointestinal tract,Enteroendocrine precursor cell,KRT19
gastrointestinal tract,Enteroendocrine precursor cell,KRT7
gastrointestinal tract,Enteroendocrine precursor cell,LARP1
gastrointestinal tract,Enteroendocrine precursor cell,LDB1
gastrointestinal tract,Enteroendocrine precursor cell,LDHA
gastrointestinal tract,Enteroendocrine precursor cell,LFNG
gastrointestinal tract,Enteroendocrine precursor cell,LGALS2
gastrointestinal tract,Enteroendocrine precursor cell,LITAF
gastrointestinal tract,Enteroendocrine precursor cell,LPAR6
gastrointestinal tract,Enteroendocrine precursor cell,LRP5
gastrointestinal tract,Enteroendocrine precursor cell,LSM14B
gastrointestinal tract,Enteroendocrine precursor cell,LYPD8
gastrointestinal tract,Enteroendocrine precursor cell,LZTS2
gastrointestinal tract,Enteroendocrine precursor cell,MAP2K1
gastrointestinal tract,Enteroendocrine precursor cell,MAP4K4
gastrointestinal tract,Enteroendocrine precursor cell,MARCKS
gastrointestinal tract,Enteroendocrine precursor cell,MARCKSL1
gastrointestinal tract,Enteroendocrine precursor cell,MCFD2
gastrointestinal tract,Enteroendocrine precursor cell,MEX3B
gastrointestinal tract,Enteroendocrine precursor cell,MFNG
gastrointestinal tract,Enteroendocrine precursor cell,MGAM
gastrointestinal tract,Enteroendocrine precursor cell,MIA
gastrointestinal tract,Enteroendocrine precursor cell,MPZL1
gastrointestinal tract,Enteroendocrine precursor cell,MRFAP1
gastrointestinal tract,Enteroendocrine precursor cell,MT2
gastrointestinal tract,Enteroendocrine precursor cell,MTA1
gastrointestinal tract,Enteroendocrine precursor cell,MTCH1
gastrointestinal tract,Enteroendocrine precursor cell,MTIF3
gastrointestinal tract,Enteroendocrine precursor cell,MTTP
gastrointestinal tract,Enteroendocrine precursor cell,MYT1
gastrointestinal tract,Enteroendocrine precursor cell,NELFB
gastrointestinal tract,Enteroendocrine precursor cell,NEO1
gastrointestinal tract,Enteroendocrine precursor cell,NEUROG3
gastrointestinal tract,Enteroendocrine precursor cell,NONO
gastrointestinal tract,Enteroendocrine precursor cell,NUMBL
gastrointestinal tract,Enteroendocrine precursor cell,NUP88
gastrointestinal tract,Enteroendocrine precursor cell,OAT
gastrointestinal tract,Enteroendocrine precursor cell,OSBPL5
gastrointestinal tract,Enteroendocrine precursor cell,P4HB
gastrointestinal tract,Enteroendocrine precursor cell,PAPSS2
gastrointestinal tract,Enteroendocrine precursor cell,PARD3B
gastrointestinal tract,Enteroendocrine precursor cell,PCYOX1L
gastrointestinal tract,Enteroendocrine precursor cell,PDE7A
gastrointestinal tract,Enteroendocrine precursor cell,PDLIM1
gastrointestinal tract,Enteroendocrine precursor cell,PGAM1
gastrointestinal tract,Enteroendocrine precursor cell,PGK1
gastrointestinal tract,Enteroendocrine precursor cell,PGM2L1
gastrointestinal tract,Enteroendocrine precursor cell,PIGR
gastrointestinal tract,Enteroendocrine precursor cell,PISD
gastrointestinal tract,Enteroendocrine precursor cell,PISD-PS1
gastrointestinal tract,Enteroendocrine precursor cell,PKP1
gastrointestinal tract,Enteroendocrine precursor cell,PLXNB1
gastrointestinal tract,Enteroendocrine precursor cell,POC1A
gastrointestinal tract,Enteroendocrine precursor cell,PPIB
gastrointestinal tract,Enteroendocrine precursor cell,PPP1R14B
gastrointestinal tract,Enteroendocrine precursor cell,PPP2CA
gastrointestinal tract,Enteroendocrine precursor cell,PPP4R2
gastrointestinal tract,Enteroendocrine precursor cell,PRADC1
gastrointestinal tract,Enteroendocrine precursor cell,PRAP1
gastrointestinal tract,Enteroendocrine precursor cell,PRDX1
gastrointestinal tract,Enteroendocrine precursor cell,PRDX2
gastrointestinal tract,Enteroendocrine precursor cell,PROM1
gastrointestinal tract,Enteroendocrine precursor cell,PSMA3
gastrointestinal tract,Enteroendocrine precursor cell,PTMA
gastrointestinal tract,Enteroendocrine precursor cell,PTPRF
gastrointestinal tract,Enteroendocrine precursor cell,PTPRS
gastrointestinal tract,Enteroendocrine precursor cell,QSOX1
gastrointestinal tract,Enteroendocrine precursor cell,R3HDM4
gastrointestinal tract,Enteroendocrine precursor cell,RAB15
gastrointestinal tract,Enteroendocrine precursor cell,RABEP1
gastrointestinal tract,Enteroendocrine precursor cell,RANBP3
gastrointestinal tract,Enteroendocrine precursor cell,RAP1GAP2
gastrointestinal tract,Enteroendocrine precursor cell,RAP2B
gastrointestinal tract,Enteroendocrine precursor cell,RBFOX2
gastrointestinal tract,Enteroendocrine precursor cell,RBM10
gastrointestinal tract,Enteroendocrine precursor cell,RBM22
gastrointestinal tract,Enteroendocrine precursor cell,RCOR2
gastrointestinal tract,Enteroendocrine precursor cell,REG1
gastrointestinal tract,Enteroendocrine precursor cell,REG4
gastrointestinal tract,Enteroendocrine precursor cell,RFX3
gastrointestinal tract,Enteroendocrine precursor cell,RHOU
gastrointestinal tract,Enteroendocrine precursor cell,RIN3
gastrointestinal tract,Enteroendocrine precursor cell,RN45S
gastrointestinal tract,Enteroendocrine precursor cell,RNASE1
gastrointestinal tract,Enteroendocrine precursor cell,RNASE4
gastrointestinal tract,Enteroendocrine precursor cell,RNF114
gastrointestinal tract,Enteroendocrine precursor cell,RNF167
gastrointestinal tract,Enteroendocrine precursor cell,RNF41
gastrointestinal tract,Enteroendocrine precursor cell,RNF6
gastrointestinal tract,Enteroendocrine precursor cell,RPL31
gastrointestinal tract,Enteroendocrine precursor cell,RPL37A
gastrointestinal tract,Enteroendocrine precursor cell,RYBP
gastrointestinal tract,Enteroendocrine precursor cell,S100A6
gastrointestinal tract,Enteroendocrine precursor cell,SERF2
gastrointestinal tract,Enteroendocrine precursor cell,SF3A3
gastrointestinal tract,Enteroendocrine precursor cell,SFI1
gastrointestinal tract,Enteroendocrine precursor cell,SH3BGRL3
gastrointestinal tract,Enteroendocrine precursor cell,SHB
gastrointestinal tract,Enteroendocrine precursor cell,SIS
gastrointestinal tract,Enteroendocrine precursor cell,SLC29A1
gastrointestinal tract,Enteroendocrine precursor cell,SLC29A4
gastrointestinal tract,Enteroendocrine precursor cell,SLC39A2
gastrointestinal tract,Enteroendocrine precursor cell,SLC5A1
gastrointestinal tract,Enteroendocrine precursor cell,SLC7A5
gastrointestinal tract,Enteroendocrine precursor cell,SLCO4A1
gastrointestinal tract,Enteroendocrine precursor cell,SMARCA4
gastrointestinal tract,Enteroendocrine precursor cell,SMARCD2
gastrointestinal tract,Enteroendocrine precursor cell,SND1
gastrointestinal tract,Enteroendocrine precursor cell,SNN
gastrointestinal tract,Enteroendocrine precursor cell,SORCS2
gastrointestinal tract,Enteroendocrine precursor cell,SOX4
gastrointestinal tract,Enteroendocrine precursor cell,SP9
gastrointestinal tract,Enteroendocrine precursor cell,SPG21
gastrointestinal tract,Enteroendocrine precursor cell,SPINK4
gastrointestinal tract,Enteroendocrine precursor cell,SPINT2
gastrointestinal tract,Enteroendocrine precursor cell,SSH3
gastrointestinal tract,Enteroendocrine precursor cell,ST18
gastrointestinal tract,Enteroendocrine precursor cell,STEAP2
gastrointestinal tract,Enteroendocrine precursor cell,STXBP1
gastrointestinal tract,Enteroendocrine precursor cell,SYT13
gastrointestinal tract,Enteroendocrine precursor cell,TBC1D9
gastrointestinal tract,Enteroendocrine precursor cell,TCEANC2
gastrointestinal tract,Enteroendocrine precursor cell,TCF3
gastrointestinal tract,Enteroendocrine precursor cell,TEAD1
gastrointestinal tract,Enteroendocrine precursor cell,TEAD2
gastrointestinal tract,Enteroendocrine precursor cell,TECPR1
gastrointestinal tract,Enteroendocrine precursor cell,TECR
gastrointestinal tract,Enteroendocrine precursor cell,TFF3
gastrointestinal tract,Enteroendocrine precursor cell,TGM5
gastrointestinal tract,Enteroendocrine precursor cell,TKT
gastrointestinal tract,Enteroendocrine precursor cell,TM4SF20
gastrointestinal tract,Enteroendocrine precursor cell,TMEM129
gastrointestinal tract,Enteroendocrine precursor cell,TMEM176B
gastrointestinal tract,Enteroendocrine precursor cell,TMEM44
gastrointestinal tract,Enteroendocrine precursor cell,TMEM59
gastrointestinal tract,Enteroendocrine precursor cell,TOP1
gastrointestinal tract,Enteroendocrine precursor cell,TRAPPC1
gastrointestinal tract,Enteroendocrine precursor cell,TRIB1
gastrointestinal tract,Enteroendocrine precursor cell,TRIT1
gastrointestinal tract,Enteroendocrine precursor cell,TRP53I11
gastrointestinal tract,Enteroendocrine precursor cell,TRP53INP1
gastrointestinal tract,Enteroendocrine precursor cell,TRPV6
gastrointestinal tract,Enteroendocrine precursor cell,TSPAN5
gastrointestinal tract,Enteroendocrine precursor cell,TTYH2
gastrointestinal tract,Enteroendocrine precursor cell,TTYH3
gastrointestinal tract,Enteroendocrine precursor cell,TUBA1A
gastrointestinal tract,Enteroendocrine precursor cell,TUBB2B
gastrointestinal tract,Enteroendocrine precursor cell,TUBB5
gastrointestinal tract,Enteroendocrine precursor cell,TXN1
gastrointestinal tract,Enteroendocrine precursor cell,TXNIP
gastrointestinal tract,Enteroendocrine precursor cell,UBB
gastrointestinal tract,Enteroendocrine precursor cell,UBE2B
gastrointestinal tract,Enteroendocrine precursor cell,UBE2V2
gastrointestinal tract,Enteroendocrine precursor cell,UCP2
gastrointestinal tract,Enteroendocrine precursor cell,ULK1
gastrointestinal tract,Enteroendocrine precursor cell,UNC5B
gastrointestinal tract,Enteroendocrine precursor cell,USF2
gastrointestinal tract,Enteroendocrine precursor cell,UTRN
gastrointestinal tract,Enteroendocrine precursor cell,VASP
gastrointestinal tract,Enteroendocrine precursor cell,VEZF1
gastrointestinal tract,Enteroendocrine precursor cell,VPS37C
gastrointestinal tract,Enteroendocrine precursor cell,VWA5B2
gastrointestinal tract,Foveolar cell,AKR1B10
gastrointestinal tract,Foveolar cell,ANXA10
gastrointestinal tract,Foveolar cell,CLDN18
gastrointestinal tract,Foveolar cell,CLPS
gastrointestinal tract,Foveolar cell,FOXQ1
gastrointestinal tract,Foveolar cell,GKN1
gastrointestinal tract,Foveolar cell,GKN2
gastrointestinal tract,Foveolar cell,GSDMA2
gastrointestinal tract,Foveolar cell,GSTA1
gastrointestinal tract,Foveolar cell,IL33
gastrointestinal tract,Foveolar cell,KRT20
gastrointestinal tract,Foveolar cell,LGALS2
gastrointestinal tract,Foveolar cell,LGALS4
gastrointestinal tract,Foveolar cell,MUC1
gastrointestinal tract,Foveolar cell,MUC5AC
gastrointestinal tract,Foveolar cell,PGC
gastrointestinal tract,Foveolar cell,PLA2G1B
gastrointestinal tract,Foveolar cell,PSCA
gastrointestinal tract,Foveolar cell,PTGR1
gastrointestinal tract,Foveolar cell,SPRR2A1
gastrointestinal tract,Foveolar cell,SPRR2A3
gastrointestinal tract,Foveolar cell,SULT1C2
gastrointestinal tract,Foveolar cell,TFF1
gastrointestinal tract,Foveolar cell,TFF2
gastrointestinal tract,Gastric chief cell,ANPEP
gastrointestinal tract,Gastric chief cell,BHLHA15
gastrointestinal tract,Gastric chief cell,CHIA
gastrointestinal tract,Gastric chief cell,CHIA1
gastrointestinal tract,Gastric chief cell,CHRM3
gastrointestinal tract,Gastric chief cell,EGFR
gastrointestinal tract,Gastric chief cell,KCNQ1
gastrointestinal tract,Gastric chief cell,LEP
gastrointestinal tract,Gastric chief cell,LGR5
gastrointestinal tract,Gastric chief cell,PRKCZ
gastrointestinal tract,Gastric chief cell,RAB3D
gastrointestinal tract,Goblet cell,AGR2
gastrointestinal tract,Goblet cell,AQP3
gastrointestinal tract,Goblet cell,ATOH1
gastrointestinal tract,Goblet cell,BACE2
gastrointestinal tract,Goblet cell,CCL9
gastrointestinal tract,Goblet cell,CDON
gastrointestinal tract,Goblet cell,CDX2
gastrointestinal tract,Goblet cell,CLCA1
gastrointestinal tract,Goblet cell,CREB3L1
gastrointestinal tract,Goblet cell,FCGBP
gastrointestinal tract,Goblet cell,GALNT12
gastrointestinal tract,Goblet cell,GUCA2A
gastrointestinal tract,Goblet cell,ITLN1
gastrointestinal tract,Goblet cell,KLK1
gastrointestinal tract,Goblet cell,KRT20
gastrointestinal tract,Goblet cell,KRT7
gastrointestinal tract,Goblet cell,LRRC26
gastrointestinal tract,Goblet cell,MANF
gastrointestinal tract,Goblet cell,MUC13
gastrointestinal tract,Goblet cell,MUC2
gastrointestinal tract,Goblet cell,MUC3
gastrointestinal tract,Goblet cell,MUC3A
gastrointestinal tract,Goblet cell,MUC4
gastrointestinal tract,Goblet cell,MUC5AC
gastrointestinal tract,Goblet cell,MUC5B
gastrointestinal tract,Goblet cell,NLRP6
gastrointestinal tract,Goblet cell,OTOGL
gastrointestinal tract,Goblet cell,PDIA5
gastrointestinal tract,Goblet cell,PHGR1
gastrointestinal tract,Goblet cell,PLA2G10
gastrointestinal tract,Goblet cell,REP15
gastrointestinal tract,Goblet cell,SLC9A8
gastrointestinal tract,Goblet cell,SPDEF
gastrointestinal tract,Goblet cell,SPINK4
gastrointestinal tract,Goblet cell,TFF3
gastrointestinal tract,Goblet cell,TMEM207
gastrointestinal tract,Goblet cell,TPSG1
gastrointestinal tract,Goblet cell,ZG16
gastrointestinal tract,Goblet progenitor cell,ARL14
gastrointestinal tract,Goblet progenitor cell,ATP6V1H
gastrointestinal tract,Goblet progenitor cell,C16ORF87
gastrointestinal tract,Goblet progenitor cell,CHKB
gastrointestinal tract,Goblet progenitor cell,CHST5
gastrointestinal tract,Goblet progenitor cell,ELAPOR1
gastrointestinal tract,Goblet progenitor cell,FOXA3
gastrointestinal tract,Goblet progenitor cell,GALNT5
gastrointestinal tract,Goblet progenitor cell,GPRIN2
gastrointestinal tract,Goblet progenitor cell,ICA1
gastrointestinal tract,Goblet progenitor cell,KIAA1324
gastrointestinal tract,Goblet progenitor cell,NFX1
gastrointestinal tract,Goblet progenitor cell,PURA
gastrointestinal tract,Goblet progenitor cell,REG4
gastrointestinal tract,Goblet progenitor cell,SLC39A7
gastrointestinal tract,Goblet progenitor cell,SPINK4
gastrointestinal tract,Goblet progenitor cell,TSPAN15
gastrointestinal tract,Goblet progenitor cell,WFDC2
gastrointestinal tract,Goblet progenitor cell,ZG16B
gastrointestinal tract,Intestinal stem cell,ALCAM
gastrointestinal tract,Intestinal stem cell,ALK3
gastrointestinal tract,Intestinal stem cell,ASCL2
gastrointestinal tract,Intestinal stem cell,BMI1
gastrointestinal tract,Intestinal stem cell,BMPR1A
gastrointestinal tract,Intestinal stem cell,CD166
gastrointestinal tract,Intestinal stem cell,CD24
gastrointestinal tract,Intestinal stem cell,CD24A
gastrointestinal tract,Intestinal stem cell,CD44
gastrointestinal tract,Intestinal stem cell,DCAMKL-1
gastrointestinal tract,Intestinal stem cell,DCLK1
gastrointestinal tract,Intestinal stem cell,EPH
gastrointestinal tract,Intestinal stem cell,EPHA1
gastrointestinal tract,Intestinal stem cell,EPHB2
gastrointestinal tract,Intestinal stem cell,GRP78
gastrointestinal tract,Intestinal stem cell,HESX1
gastrointestinal tract,Intestinal stem cell,HSPA5
gastrointestinal tract,Intestinal stem cell,LGR5
gastrointestinal tract,Intestinal stem cell,MSI1
gastrointestinal tract,Intestinal stem cell,MUSASHI-1
gastrointestinal tract,Intestinal stem cell,OLFM4
gastrointestinal tract,Intestinal stem cell,SIDE POPULATION
gastrointestinal tract,Intestinal stem cell,SOX9
gastrointestinal tract,Intestinal stem cell,TELOMERASE INHIBITORS
gastrointestinal tract,Macrophage,APOE
gastrointestinal tract,Macrophage,C1QA
gastrointestinal tract,Macrophage,C1QB
gastrointestinal tract,Macrophage,C1QC
gastrointestinal tract,Macrophage,CD81
gastrointestinal tract,Macrophage,CSF1R
gastrointestinal tract,Macrophage,CTSC
gastrointestinal tract,Macrophage,FCER1G
gastrointestinal tract,Macrophage,FCGR3
gastrointestinal tract,Macrophage,FCGR3A
gastrointestinal tract,Macrophage,FCGR3B
gastrointestinal tract,Macrophage,FCGR4
gastrointestinal tract,Macrophage,H2-DMA
gastrointestinal tract,Macrophage,LYZ2
gastrointestinal tract,Macrophage,PLA2G7
gastrointestinal tract,Macrophage,PSAP
gastrointestinal tract,Macrophage,SELENOP
gastrointestinal tract,Macrophage,TYROBP
gastrointestinal tract,Mast cell,ADCYAP1
gastrointestinal tract,Mast cell,ADORA3
gastrointestinal tract,Mast cell,ALOX5AP
gastrointestinal tract,Mast cell,BTK
gastrointestinal tract,Mast cell,CPA3
gastrointestinal tract,Mast cell,CSF2RB2
gastrointestinal tract,Mast cell,CSF2RBP1
gastrointestinal tract,Mast cell,FCER1A
gastrointestinal tract,Mast cell,GATA2
gastrointestinal tract,Mast cell,GRAP2
gastrointestinal tract,Mast cell,HDC
gastrointestinal tract,Mast cell,HPGDS
gastrointestinal tract,Mast cell,IL18R1
gastrointestinal tract,Mast cell,IL1RL1
gastrointestinal tract,Mast cell,IL2RA
gastrointestinal tract,Mast cell,IL4
gastrointestinal tract,Mast cell,KIT
gastrointestinal tract,Mast cell,MAOB
gastrointestinal tract,Mast cell,MCPT4
gastrointestinal tract,Mast cell,MLPH
gastrointestinal tract,Mast cell,MRGPRB1
gastrointestinal tract,Mast cell,MS4A2
gastrointestinal tract,Mast cell,RGS13
gastrointestinal tract,Mast cell,SLC18A2
gastrointestinal tract,Mast cell,SLC24A3
gastrointestinal tract,Mast cell,SLC8A3
gastrointestinal tract,Mast cell,TESPA1
gastrointestinal tract,Mast cell,TPSAB1
gastrointestinal tract,Mast cell,TPSB2
gastrointestinal tract,Mast cell,TPSD1
gastrointestinal tract,Microfold cell,AHR
gastrointestinal tract,Microfold cell,ANXA5
gastrointestinal tract,Microfold cell,CCL20
gastrointestinal tract,Microfold cell,CCL6
gastrointestinal tract,Microfold cell,CCL9
gastrointestinal tract,Microfold cell,CTSD
gastrointestinal tract,Microfold cell,CTSH
gastrointestinal tract,Microfold cell,CXCL16
gastrointestinal tract,Microfold cell,CYBA
gastrointestinal tract,Microfold cell,EHF
gastrointestinal tract,Microfold cell,FABP5
gastrointestinal tract,Microfold cell,FOSL2
gastrointestinal tract,Microfold cell,FOXP4
gastrointestinal tract,Microfold cell,GJB2
gastrointestinal tract,Microfold cell,GP2
gastrointestinal tract,Microfold cell,IRF2
gastrointestinal tract,Microfold cell,IRF6
gastrointestinal tract,Microfold cell,MARCKSL1
gastrointestinal tract,Microfold cell,MFGE8
gastrointestinal tract,Microfold cell,MIER3
gastrointestinal tract,Microfold cell,MTF1
gastrointestinal tract,Microfold cell,NFIB
gastrointestinal tract,Microfold cell,NFIC
gastrointestinal tract,Microfold cell,ONECUT2
gastrointestinal tract,Microfold cell,PGLYRP1
gastrointestinal tract,Microfold cell,RAC2
gastrointestinal tract,Microfold cell,RELB
gastrointestinal tract,Microfold cell,SERPINB6A
gastrointestinal tract,Microfold cell,SOX8
gastrointestinal tract,Microfold cell,SPIB
gastrointestinal tract,Microfold cell,TMPRSS2
gastrointestinal tract,Microfold cell,TNFAIP2
gastrointestinal tract,Microfold cell,TULP4
gastrointestinal tract,Microfold cell,ZFP553
gastrointestinal tract,Paneth cell,ADIPOQ
gastrointestinal tract,Paneth cell,ANG4
gastrointestinal tract,Paneth cell,ATG16L1
gastrointestinal tract,Paneth cell,CLCA1
gastrointestinal tract,Paneth cell,CSF2
gastrointestinal tract,Paneth cell,DEFA17
gastrointestinal tract,Paneth cell,DEFA21
gastrointestinal tract,Paneth cell,DEFA22
gastrointestinal tract,Paneth cell,DEFA23
gastrointestinal tract,Paneth cell,DEFA24
gastrointestinal tract,Paneth cell,DEFA26
gastrointestinal tract,Paneth cell,DEFA29
gastrointestinal tract,Paneth cell,DEFA3
gastrointestinal tract,Paneth cell,DEFA30
gastrointestinal tract,Paneth cell,DEFA5
gastrointestinal tract,Paneth cell,DLL1
gastrointestinal tract,Paneth cell,DLL4
gastrointestinal tract,Paneth cell,IL4R
gastrointestinal tract,Paneth cell,IL4RA
gastrointestinal tract,Paneth cell,KLF15
gastrointestinal tract,Paneth cell,LYZ
gastrointestinal tract,Paneth cell,LYZ1
gastrointestinal tract,Paneth cell,MMP7
gastrointestinal tract,Paneth cell,MPTX1
gastrointestinal tract,Paneth cell,MPTX2
gastrointestinal tract,Paneth cell,MUC2
gastrointestinal tract,Paneth cell,PNLIPRP2
gastrointestinal tract,Paneth cell,PRSS1
gastrointestinal tract,Paneth cell,RETNLB
gastrointestinal tract,Paneth cell,RIPK2
gastrointestinal tract,Paneth cell,WNT3
gastrointestinal tract,Parietal cell,AQP4
gastrointestinal tract,Parietal cell,ASAP3
gastrointestinal tract,Parietal cell,ATP4B
gastrointestinal tract,Parietal cell,BMI1
gastrointestinal tract,Parietal cell,CD24
gastrointestinal tract,Parietal cell,HAMP
gastrointestinal tract,Parietal cell,HDC
gastrointestinal tract,Parietal cell,HIP1R
gastrointestinal tract,Parietal cell,KCNE2
gastrointestinal tract,Parietal cell,KCNQ1
gastrointestinal tract,Parietal cell,PODXL
gastrointestinal tract,Parietal cell,PTCH1
gastrointestinal tract,Parietal cell,SHH
gastrointestinal tract,Parietal cell,SLC12A6
gastrointestinal tract,S cell,CHGA
gastrointestinal tract,S cell,CHGB
gastrointestinal tract,S cell,CLDN7
gastrointestinal tract,S cell,CPE
gastrointestinal tract,S cell,CYSTM1
gastrointestinal tract,S cell,FXYD3
gastrointestinal tract,S cell,NEUROD1
gastrointestinal tract,S cell,SCT
gastrointestinal tract,S cell,SELENOP
gastrointestinal tract,S cell,SERPINB1A
gastrointestinal tract,S cell,TM4SF4
gastrointestinal tract,S cell,TM4SF5
gastrointestinal tract,Secretory progenitor cell,ABCA7
gastrointestinal tract,Secretory progenitor cell,ADAM28
gastrointestinal tract,Secretory progenitor cell,ADAMTS16
gastrointestinal tract,Secretory progenitor cell,ADM
gastrointestinal tract,Secretory progenitor cell,AGFG2
gastrointestinal tract,Secretory progenitor cell,AMER3
gastrointestinal tract,Secretory progenitor cell,APOBEC3A
gastrointestinal tract,Secretory progenitor cell,APOE
gastrointestinal tract,Secretory progenitor cell,ARHGAP4
gastrointestinal tract,Secretory progenitor cell,ARNTL2
gastrointestinal tract,Secretory progenitor cell,ATP10B
gastrointestinal tract,Secretory progenitor cell,BAHD1
gastrointestinal tract,Secretory progenitor cell,BANK1
gastrointestinal tract,Secretory progenitor cell,BCAM
gastrointestinal tract,Secretory progenitor cell,BCYRN1
gastrointestinal tract,Secretory progenitor cell,BLNK
gastrointestinal tract,Secretory progenitor cell,C10ORF126
gastrointestinal tract,Secretory progenitor cell,C12ORF71
gastrointestinal tract,Secretory progenitor cell,C1ORF174
gastrointestinal tract,Secretory progenitor cell,C7ORF66
gastrointestinal tract,Secretory progenitor cell,CACNB1
gastrointestinal tract,Secretory progenitor cell,CACNB4
gastrointestinal tract,Secretory progenitor cell,CALHM2
gastrointestinal tract,Secretory progenitor cell,CC2D2A
gastrointestinal tract,Secretory progenitor cell,CCDC146
gastrointestinal tract,Secretory progenitor cell,CCDC94
gastrointestinal tract,Secretory progenitor cell,CDKN2A
gastrointestinal tract,Secretory progenitor cell,CEACAM1
gastrointestinal tract,Secretory progenitor cell,CHD5
gastrointestinal tract,Secretory progenitor cell,CHM
gastrointestinal tract,Secretory progenitor cell,CIP2A
gastrointestinal tract,Secretory progenitor cell,COL9A3
gastrointestinal tract,Secretory progenitor cell,CSN2
gastrointestinal tract,Secretory progenitor cell,CTSV
gastrointestinal tract,Secretory progenitor cell,CYP2B7P
gastrointestinal tract,Secretory progenitor cell,DUOX2
gastrointestinal tract,Secretory progenitor cell,DUOXA2
gastrointestinal tract,Secretory progenitor cell,DUSP10
gastrointestinal tract,Secretory progenitor cell,DUSP5
gastrointestinal tract,Secretory progenitor cell,EPHA10
gastrointestinal tract,Secretory progenitor cell,EPS8L1
gastrointestinal tract,Secretory progenitor cell,EVC2
gastrointestinal tract,Secretory progenitor cell,EZH1
gastrointestinal tract,Secretory progenitor cell,FADS6
gastrointestinal tract,Secretory progenitor cell,FAN1
gastrointestinal tract,Secretory progenitor cell,FOXD2
gastrointestinal tract,Secretory progenitor cell,GABRB2
gastrointestinal tract,Secretory progenitor cell,GAD2
gastrointestinal tract,Secretory progenitor cell,GAN
gastrointestinal tract,Secretory progenitor cell,GBP4
gastrointestinal tract,Secretory progenitor cell,GDPD3
gastrointestinal tract,Secretory progenitor cell,GIT2
gastrointestinal tract,Secretory progenitor cell,GK
gastrointestinal tract,Secretory progenitor cell,GLIS3
gastrointestinal tract,Secretory progenitor cell,GNAO1
gastrointestinal tract,Secretory progenitor cell,GPR160
gastrointestinal tract,Secretory progenitor cell,GPRC5A
gastrointestinal tract,Secretory progenitor cell,GPT2
gastrointestinal tract,Secretory progenitor cell,H1-10-AS1
gastrointestinal tract,Secretory progenitor cell,H1FX-AS1
gastrointestinal tract,Secretory progenitor cell,HCN1
gastrointestinal tract,Secretory progenitor cell,HDAC9
gastrointestinal tract,Secretory progenitor cell,HOPX
gastrointestinal tract,Secretory progenitor cell,HTR1D
gastrointestinal tract,Secretory progenitor cell,HTRA2
gastrointestinal tract,Secretory progenitor cell,IGF2BP2-AS1
gastrointestinal tract,Secretory progenitor cell,ISG15
gastrointestinal tract,Secretory progenitor cell,ITGAX
gastrointestinal tract,Secretory progenitor cell,KCNQ2
gastrointestinal tract,Secretory progenitor cell,KCNT2
gastrointestinal tract,Secretory progenitor cell,KIAA1524
gastrointestinal tract,Secretory progenitor cell,KIF1A
gastrointestinal tract,Secretory progenitor cell,KRT78
gastrointestinal tract,Secretory progenitor cell,KYNU
gastrointestinal tract,Secretory progenitor cell,L3MBTL2
gastrointestinal tract,Secretory progenitor cell,LAMA1
gastrointestinal tract,Secretory progenitor cell,LHX9
gastrointestinal tract,Secretory progenitor cell,LINC01559
gastrointestinal tract,Secretory progenitor cell,LINC02903
gastrointestinal tract,Secretory progenitor cell,LIPH
gastrointestinal tract,Secretory progenitor cell,MACC1
gastrointestinal tract,Secretory progenitor cell,MANSC1
gastrointestinal tract,Secretory progenitor cell,MBD6
gastrointestinal tract,Secretory progenitor cell,MBTPS1
gastrointestinal tract,Secretory progenitor cell,MCPH1
gastrointestinal tract,Secretory progenitor cell,MECOM
gastrointestinal tract,Secretory progenitor cell,MID2
gastrointestinal tract,Secretory progenitor cell,MNX1
gastrointestinal tract,Secretory progenitor cell,MUC21
gastrointestinal tract,Secretory progenitor cell,MUC3A
gastrointestinal tract,Secretory progenitor cell,MX1
gastrointestinal tract,Secretory progenitor cell,NCCRP1
gastrointestinal tract,Secretory progenitor cell,NCF1B
gastrointestinal tract,Secretory progenitor cell,NRIP2
gastrointestinal tract,Secretory progenitor cell,NTHL1
gastrointestinal tract,Secretory progenitor cell,NTN4
gastrointestinal tract,Secretory progenitor cell,OAS1
gastrointestinal tract,Secretory progenitor cell,OGFRL1
gastrointestinal tract,Secretory progenitor cell,OR4N3P
gastrointestinal tract,Secretory progenitor cell,PDE9A
gastrointestinal tract,Secretory progenitor cell,PDP1
gastrointestinal tract,Secretory progenitor cell,PDZK1IP1
gastrointestinal tract,Secretory progenitor cell,PJA1
gastrointestinal tract,Secretory progenitor cell,PLXND1
gastrointestinal tract,Secretory progenitor cell,POU2AF1
gastrointestinal tract,Secretory progenitor cell,PP7080
gastrointestinal tract,Secretory progenitor cell,PRSS22
gastrointestinal tract,Secretory progenitor cell,PRSS27
gastrointestinal tract,Secretory progenitor cell,PRSS8
gastrointestinal tract,Secretory progenitor cell,PTPN13
gastrointestinal tract,Secretory progenitor cell,PWARSN
gastrointestinal tract,Secretory progenitor cell,RASAL2-AS1
gastrointestinal tract,Secretory progenitor cell,RNF103-CHMP3
gastrointestinal tract,Secretory progenitor cell,RPS18P9
gastrointestinal tract,Secretory progenitor cell,S100A8
gastrointestinal tract,Secretory progenitor cell,SECTM1
gastrointestinal tract,Secretory progenitor cell,SECTM1B
gastrointestinal tract,Secretory progenitor cell,SFXN1
gastrointestinal tract,Secretory progenitor cell,SLC15A1
gastrointestinal tract,Secretory progenitor cell,SLC6A14
gastrointestinal tract,Secretory progenitor cell,SPNS2
gastrointestinal tract,Secretory progenitor cell,SPRR2A
gastrointestinal tract,Secretory progenitor cell,SPRR2A1
gastrointestinal tract,Secretory progenitor cell,SRPX2
gastrointestinal tract,Secretory progenitor cell,ST3GAL4
gastrointestinal tract,Secretory progenitor cell,STAB1
gastrointestinal tract,Secretory progenitor cell,STEAP4
gastrointestinal tract,Secretory progenitor cell,SV2B
gastrointestinal tract,Secretory progenitor cell,SYNE1
gastrointestinal tract,Secretory progenitor cell,SYT16
gastrointestinal tract,Secretory progenitor cell,TBC1D2
gastrointestinal tract,Secretory progenitor cell,TBC1D22A-AS1
gastrointestinal tract,Secretory progenitor cell,TCEANC2
gastrointestinal tract,Secretory progenitor cell,TGM2
gastrointestinal tract,Secretory progenitor cell,TMEM201
gastrointestinal tract,Secretory progenitor cell,TMPRSS11B
gastrointestinal tract,Secretory progenitor cell,TMPRSS11D
gastrointestinal tract,Secretory progenitor cell,TMPRSS11E
gastrointestinal tract,Secretory progenitor cell,TOR1B
gastrointestinal tract,Secretory progenitor cell,TYMP
gastrointestinal tract,Secretory progenitor cell,USP6NL
gastrointestinal tract,Secretory progenitor cell,VASN
gastrointestinal tract,Secretory progenitor cell,VCPKMT
gastrointestinal tract,Secretory progenitor cell,WASH1
gastrointestinal tract,Secretory progenitor cell,WASH3P
gastrointestinal tract,Secretory progenitor cell,WASHC1
gastrointestinal tract,Secretory progenitor cell,XDH
gastrointestinal tract,Secretory progenitor cell,YARS
gastrointestinal tract,Secretory progenitor cell,YARS1
gastrointestinal tract,Secretory progenitor cell,YJU2
gastrointestinal tract,Secretory progenitor cell,ZFAND2A
gastrointestinal tract,Secretory progenitor cell,ZNF23
gastrointestinal tract,Secretory progenitor cell,ZNF385B
gastrointestinal tract,Secretory progenitor cell,ZNF503-AS1
gastrointestinal tract,Secretory progenitor cell,ZNF662
gastrointestinal tract,Secretory progenitor cell,ZNF710
gastrointestinal tract,T cell,CD3
gastrointestinal tract,T cell,CD3D
gastrointestinal tract,T cell,CD3E
gastrointestinal tract,T cell,CD3G
gastrointestinal tract,T cell,CD4
gastrointestinal tract,T cell,CD8
gastrointestinal tract,T cell,CD8A
gastrointestinal tract,T cell,MEL-14
gastrointestinal tract,T cell,SELL
gastrointestinal tract,Tuft cell,ALOX5
gastrointestinal tract,Tuft cell,ASIC5
gastrointestinal tract,Tuft cell,ATOH1
gastrointestinal tract,Tuft cell,AVIL
gastrointestinal tract,Tuft cell,CAMK2B
gastrointestinal tract,Tuft cell,CD24
gastrointestinal tract,Tuft cell,CD24A
gastrointestinal tract,Tuft cell,CDHR2
gastrointestinal tract,Tuft cell,DCLK1
gastrointestinal tract,Tuft cell,DRD3
gastrointestinal tract,Tuft cell,ESPN
gastrointestinal tract,Tuft cell,FABP1
gastrointestinal tract,Tuft cell,FFAR3
gastrointestinal tract,Tuft cell,GFI1B
gastrointestinal tract,Tuft cell,GNAT3
gastrointestinal tract,Tuft cell,GNG13
gastrointestinal tract,Tuft cell,IL13RA1
gastrointestinal tract,Tuft cell,IL17RB
gastrointestinal tract,Tuft cell,IL25
gastrointestinal tract,Tuft cell,IL4RA
gastrointestinal tract,Tuft cell,IRF7
gastrointestinal tract,Tuft cell,KLF3
gastrointestinal tract,Tuft cell,KLF6
gastrointestinal tract,Tuft cell,LRMP
gastrointestinal tract,Tuft cell,NRADD
gastrointestinal tract,Tuft cell,NREP
gastrointestinal tract,Tuft cell,PLCB2
gastrointestinal tract,Tuft cell,POU2F3
gastrointestinal tract,Tuft cell,PTGS1
gastrointestinal tract,Tuft cell,PTPRC
gastrointestinal tract,Tuft cell,RAC2
gastrointestinal tract,Tuft cell,RGS2
gastrointestinal tract,Tuft cell,SIGLECF
gastrointestinal tract,Tuft cell,SOX9
gastrointestinal tract,Tuft cell,TAS1R3
gastrointestinal tract,Tuft cell,TRPM5
gastrointestinal tract,Tuft cell,TSLP
gastrointestinal tract,Tuft cell,TUBB
gastrointestinal tract,Tuft cell,TUBB4A
gastrointestinal tract,Tuft cell,TUBB5
gastrointestinal tract,Tuft progenitor cell,ARG2
gastrointestinal tract,Tuft progenitor cell,CCL2
gastrointestinal tract,Tuft progenitor cell,GSS
gastrointestinal tract,Tuft progenitor cell,H1-0
gastrointestinal tract,Tuft progenitor cell,H1F0
gastrointestinal tract,Tuft progenitor cell,HOXA5
gastrointestinal tract,Tuft progenitor cell,IER3
gastrointestinal tract,Tuft progenitor cell,NECAP1
gastrointestinal tract,Tuft progenitor cell,TPM2
gastrointestinal tract,Tuft progenitor cell,TUBA8
gastrointestinal tract,Tuft progenitor cell,ZNF609
heart,Aorta valve interstitial cell,COL1A1
heart,Aorta valve interstitial cell,COL3A1
heart,Aorta valve interstitial cell,FOS
heart,Aorta valve interstitial cell,HSPA6
heart,Aorta valve interstitial cell,SPARC
heart,Cardiocyte,2010107E04RIK
heart,Cardiocyte,ACAA2
heart,Cardiocyte,ACADL
heart,Cardiocyte,ACOT13
heart,Cardiocyte,ACTA2
heart,Cardiocyte,ACTC1
heart,Cardiocyte,ACTN2
heart,Cardiocyte,ALDOA
heart,Cardiocyte,ANKRD1
heart,Cardiocyte,APOBEC2
heart,Cardiocyte,ATCAYOS
heart,Cardiocyte,ATP2A2
heart,Cardiocyte,ATP5A1
heart,Cardiocyte,ATP5B
heart,Cardiocyte,ATP5C1
heart,Cardiocyte,ATP5D
heart,Cardiocyte,ATP5F1
heart,Cardiocyte,ATP5F1A
heart,Cardiocyte,ATP5F1B
heart,Cardiocyte,ATP5F1C
heart,Cardiocyte,ATP5F1D
heart,Cardiocyte,ATP5G1
heart,Cardiocyte,ATP5G3
heart,Cardiocyte,ATP5H
heart,Cardiocyte,ATP5IF1
heart,Cardiocyte,ATP5J
heart,Cardiocyte,ATP5J2
heart,Cardiocyte,ATP5K
heart,Cardiocyte,ATP5MC1
heart,Cardiocyte,ATP5MC3
heart,Cardiocyte,ATP5MF
heart,Cardiocyte,ATP5MPL
heart,Cardiocyte,ATP5O
heart,Cardiocyte,ATP5PD
heart,Cardiocyte,ATP5PF
heart,Cardiocyte,ATP5PO
heart,Cardiocyte,ATPIF1
heart,Cardiocyte,BEX3
heart,Cardiocyte,CFL2
heart,Cardiocyte,CHCHD10
heart,Cardiocyte,CHCHD2
heart,Cardiocyte,CITED1
heart,Cardiocyte,CKM
heart,Cardiocyte,COX5A
heart,Cardiocyte,COX5B
heart,Cardiocyte,COX6A2
heart,Cardiocyte,COX6B1
heart,Cardiocyte,COX6C
heart,Cardiocyte,COX7A1
heart,Cardiocyte,COX7A2
heart,Cardiocyte,COX7B
heart,Cardiocyte,COX7C
heart,Cardiocyte,COX8A
heart,Cardiocyte,COX8B
heart,Cardiocyte,CRIP2
heart,Cardiocyte,CRYAB
heart,Cardiocyte,CSRP3
heart,Cardiocyte,CYC1
heart,Cardiocyte,CYCS
heart,Cardiocyte,DES
heart,Cardiocyte,ECH1
heart,Cardiocyte,ENO3
heart,Cardiocyte,ETFB
heart,Cardiocyte,FABP3
heart,Cardiocyte,FABP5
heart,Cardiocyte,FAM162A
heart,Cardiocyte,FHL2
heart,Cardiocyte,FXYD1
heart,Cardiocyte,GAPDH
heart,Cardiocyte,GNG5
heart,Cardiocyte,GPX3
heart,Cardiocyte,GYG
heart,Cardiocyte,GYG1
heart,Cardiocyte,HBB-BS
heart,Cardiocyte,HCFC1R1
heart,Cardiocyte,HSPB1
heart,Cardiocyte,HSPB7
heart,Cardiocyte,IDH2
heart,Cardiocyte,LDHA
heart,Cardiocyte,LDHB
heart,Cardiocyte,LPL
heart,Cardiocyte,MAP1LC3A
heart,Cardiocyte,MB
heart,Cardiocyte,MDH1
heart,Cardiocyte,MIF
heart,Cardiocyte,MLF1
heart,Cardiocyte,MRPL42
heart,Cardiocyte,MYBPC3
heart,Cardiocyte,MYH6
heart,Cardiocyte,MYH7
heart,Cardiocyte,MYL1
heart,Cardiocyte,MYL2
heart,Cardiocyte,MYL3
heart,Cardiocyte,MYL4
heart,Cardiocyte,MYL7
heart,Cardiocyte,MYL9
heart,Cardiocyte,NDRG2
heart,Cardiocyte,NDUFA11
heart,Cardiocyte,NDUFA12
heart,Cardiocyte,NDUFA13
heart,Cardiocyte,NDUFA2
heart,Cardiocyte,NDUFA3
heart,Cardiocyte,NDUFA4
heart,Cardiocyte,NDUFA5
heart,Cardiocyte,NDUFA6
heart,Cardiocyte,NDUFAB1
heart,Cardiocyte,NDUFB10
heart,Cardiocyte,NDUFB11
heart,Cardiocyte,NDUFB2
heart,Cardiocyte,NDUFB5
heart,Cardiocyte,NDUFB6
heart,Cardiocyte,NDUFB8
heart,Cardiocyte,NDUFB9
heart,Cardiocyte,NDUFC1
heart,Cardiocyte,NDUFS6
heart,Cardiocyte,NDUFS7
heart,Cardiocyte,NDUFV2
heart,Cardiocyte,NDUFV3
heart,Cardiocyte,NEXN
heart,Cardiocyte,NPPA
heart,Cardiocyte,OAZ1
heart,Cardiocyte,PGAM2
heart,Cardiocyte,PLN
heart,Cardiocyte,PTGDS
heart,Cardiocyte,RPL13
heart,Cardiocyte,RPL31
heart,Cardiocyte,SDHB
heart,Cardiocyte,SDHC
heart,Cardiocyte,SH3BGR
heart,Cardiocyte,SLC25A3
heart,Cardiocyte,SLC25A4
heart,Cardiocyte,SLC25A5
heart,Cardiocyte,SLN
heart,Cardiocyte,SMPX
heart,Cardiocyte,TNNC1
heart,Cardiocyte,TNNI1
heart,Cardiocyte,TNNI3
heart,Cardiocyte,TNNT2
heart,Cardiocyte,TPI1
heart,Cardiocyte,TPM1
heart,Cardiocyte,UBB
heart,Cardiocyte,UQCR10
heart,Cardiocyte,UQCR11
heart,Cardiocyte,UQCRB
heart,Cardiocyte,UQCRFS1
heart,Cardiocyte,UQCRH
heart,Cardiocyte,UQCRQ
heart,Cardiocyte,USMG5
heart,Cardiomyocyte,ACTA1
heart,Cardiomyocyte,ACTC1
heart,Cardiomyocyte,ACTN2
heart,Cardiomyocyte,ADIPOQ
heart,Cardiomyocyte,ADIPOR1
heart,Cardiomyocyte,ADIPOR2
heart,Cardiomyocyte,ADM
heart,Cardiomyocyte,ADPRHL1
heart,Cardiomyocyte,ALCAM
heart,Cardiomyocyte,ALPK3
heart,Cardiomyocyte,ANKRD1
heart,Cardiomyocyte,AQP1
heart,Cardiomyocyte,ART3
heart,Cardiomyocyte,ASB2
heart,Cardiomyocyte,ATP2A2
heart,Cardiomyocyte,BDNF
heart,Cardiomyocyte,BMP4
heart,Cardiomyocyte,CASQ2
heart,Cardiomyocyte,CD36
heart,Cardiomyocyte,CKB
heart,Cardiomyocyte,CKM
heart,Cardiomyocyte,CKMT2
heart,Cardiomyocyte,CORO6
heart,Cardiomyocyte,COX8B
heart,Cardiomyocyte,CPT1A
heart,Cardiomyocyte,CSRP3
heart,Cardiomyocyte,CTGF
heart,Cardiomyocyte,CTNNB1
heart,Cardiomyocyte,CXCR4
heart,Cardiomyocyte,DES
heart,Cardiomyocyte,DMD
heart,Cardiomyocyte,ENO3
heart,Cardiomyocyte,FABP4
heart,Cardiomyocyte,FGF2
heart,Cardiomyocyte,FGF23
heart,Cardiomyocyte,FHL2
heart,Cardiomyocyte,FMOD
heart,Cardiomyocyte,GATA4
heart,Cardiomyocyte,GATA6
heart,Cardiomyocyte,GJA5
heart,Cardiomyocyte,GPIHBP1
heart,Cardiomyocyte,HAMP
heart,Cardiomyocyte,HAND1
heart,Cardiomyocyte,HAND2
heart,Cardiomyocyte,HEY2
heart,Cardiomyocyte,HMGB2
heart,Cardiomyocyte,HSPB7
heart,Cardiomyocyte,IL11RA
heart,Cardiomyocyte,IL11RA1
heart,Cardiomyocyte,JPH2
heart,Cardiomyocyte,LOX
heart,Cardiomyocyte,MB
heart,Cardiomyocyte,MFN2
heart,Cardiomyocyte,MHRT
heart,Cardiomyocyte,MITF
heart,Cardiomyocyte,MTTP
heart,Cardiomyocyte,MYBPC3
heart,Cardiomyocyte,MYH6
heart,Cardiomyocyte,MYH7
heart,Cardiomyocyte,MYH7B
heart,Cardiomyocyte,MYL2
heart,Cardiomyocyte,MYL3
heart,Cardiomyocyte,MYL4
heart,Cardiomyocyte,MYL7
heart,Cardiomyocyte,MYOM1
heart,Cardiomyocyte,MYOM2
heart,Cardiomyocyte,MYOZ2
heart,Cardiomyocyte,NEXN
heart,Cardiomyocyte,NKX2-5
heart,Cardiomyocyte,NOTCH1
heart,Cardiomyocyte,NPPA
heart,Cardiomyocyte,NPPB
heart,Cardiomyocyte,NPPC
heart,Cardiomyocyte,OBSCN
heart,Cardiomyocyte,PDE1A
heart,Cardiomyocyte,PDE4D
heart,Cardiomyocyte,PDLIM5
heart,Cardiomyocyte,PLN
heart,Cardiomyocyte,PNMT
heart,Cardiomyocyte,PYGM
heart,Cardiomyocyte,RBM20
heart,Cardiomyocyte,RBM24
heart,Cardiomyocyte,RRAD
heart,Cardiomyocyte,RYR2
heart,Cardiomyocyte,SGPL1
heart,Cardiomyocyte,SLC5A1
heart,Cardiomyocyte,SLN
heart,Cardiomyocyte,SMPX
heart,Cardiomyocyte,SORBS2
heart,Cardiomyocyte,SOX18
heart,Cardiomyocyte,SPEG
heart,Cardiomyocyte,STC1
heart,Cardiomyocyte,STRN
heart,Cardiomyocyte,TBX20
heart,Cardiomyocyte,TCAP
heart,Cardiomyocyte,TNNC1
heart,Cardiomyocyte,TNNI1
heart,Cardiomyocyte,TNNI3
heart,Cardiomyocyte,TNNT2
heart,Cardiomyocyte,TPM1
heart,Cardiomyocyte,TRDN
heart,Cardiomyocyte,TRIM63
heart,Cardiomyocyte,TRPV1
heart,Cardiomyocyte,TTN
heart,Cardiomyocyte,TXLNB
heart,Cardiomyocyte,VLDLR
heart,Cardiomyocyte,ZFPM2
heart,Cardiovascular progenitor cell,FLT1
heart,Cardiovascular progenitor cell,FLT4
heart,Cardiovascular progenitor cell,ISL1
heart,Cardiovascular progenitor cell,NKX2-5
heart,Cardiovascular progenitor cell,NKX2.5
heart,Endocardial cell,ACKR1
heart,Endocardial cell,BMP6
heart,Endocardial cell,CDH11
heart,Endocardial cell,CDH5
heart,Endocardial cell,DKK2
heart,Endocardial cell,EFNB2
heart,Endocardial cell,EPHB4
heart,Endocardial cell,GATA2
heart,Endocardial cell,HEY1
heart,Endocardial cell,IGFBP5
heart,Endocardial cell,NEBL
heart,Endocardial cell,NR2F2
heart,Endocardial cell,NRG1
heart,Endocardial cell,NRG3
heart,Endocardial cell,PCDH15
heart,Endocardial cell,PLXNA4
heart,Endocardial cell,RAMP2
heart,Endocardial cell,RDX
heart,Endocardial cell,SOX7
heart,Endocardial cell,TAL1
heart,Endocardial cell,TSHZ2
heart,Endothelial cell,ABCG2
heart,Endothelial cell,ACKR1
heart,Endothelial cell,ACVRL1
heart,Endothelial cell,ADAMTS1
heart,Endothelial cell,ADGRF5
heart,Endothelial cell,ADGRL4
heart,Endothelial cell,APLN
heart,Endothelial cell,APLNR
heart,Endothelial cell,APOLD1
heart,Endothelial cell,AQP1
heart,Endothelial cell,ARHGEF15
heart,Endothelial cell,BMX
heart,Endothelial cell,BTNL9
heart,Endothelial cell,C7
heart,Endothelial cell,CALCRL
heart,Endothelial cell,CAV1
heart,Endothelial cell,CD300LG
heart,Endothelial cell,CD34
heart,Endothelial cell,CD36
heart,Endothelial cell,CD46
heart,Endothelial cell,CD55
heart,Endothelial cell,CD82
heart,Endothelial cell,CD9
heart,Endothelial cell,CD93
heart,Endothelial cell,CDH5
heart,Endothelial cell,CLDN5
heart,Endothelial cell,CLEC14A
heart,Endothelial cell,CLIC4
heart,Endothelial cell,CRHBP
heart,Endothelial cell,CTGF
heart,Endothelial cell,CYP1B1
heart,Endothelial cell,DLL4
heart,Endothelial cell,DNASE1L3
heart,Endothelial cell,ECE1
heart,Endothelial cell,ECSCR
heart,Endothelial cell,EDNRB
heart,Endothelial cell,EGFL7
heart,Endothelial cell,ELK3
heart,Endothelial cell,EMCN
heart,Endothelial cell,EMP1
heart,Endothelial cell,ENG
heart,Endothelial cell,EPAS1
heart,Endothelial cell,ERG
heart,Endothelial cell,ESM1
heart,Endothelial cell,ETS1
heart,Endothelial cell,F8
heart,Endothelial cell,FABP4
heart,Endothelial cell,FAM167B
heart,Endothelial cell,FCN3
heart,Endothelial cell,FHL2
heart,Endothelial cell,FLI1
heart,Endothelial cell,FLT1
heart,Endothelial cell,FLT4
heart,Endothelial cell,GJA4
heart,Endothelial cell,GNG11
heart,Endothelial cell,GPIHBP1
heart,Endothelial cell,HEXIM1
heart,Endothelial cell,HEY1
heart,Endothelial cell,HYAL2
heart,Endothelial cell,ICAM1
heart,Endothelial cell,ID1
heart,Endothelial cell,ID3
heart,Endothelial cell,IFI27
heart,Endothelial cell,IGFBP7
heart,Endothelial cell,INMT
heart,Endothelial cell,KDR
heart,Endothelial cell,LIFR
heart,Endothelial cell,LTC4S
heart,Endothelial cell,LYVE1
heart,Endothelial cell,MADCAM1
heart,Endothelial cell,MCAM
heart,Endothelial cell,MEOX1
heart,Endothelial cell,MEOX2
heart,Endothelial cell,MGLL
heart,Endothelial cell,MGP
heart,Endothelial cell,MMRN1
heart,Endothelial cell,MMRN2
heart,Endothelial cell,MYLK
heart,Endothelial cell,NOSTRIN
heart,Endothelial cell,NOTCH4
heart,Endothelial cell,NRP2
heart,Endothelial cell,PALMD
heart,Endothelial cell,PCAT19
heart,Endothelial cell,PCDH12
heart,Endothelial cell,PDGFB
heart,Endothelial cell,PECAM1
heart,Endothelial cell,PLVAP
heart,Endothelial cell,PODXL
heart,Endothelial cell,POSTN
heart,Endothelial cell,PRKCH
heart,Endothelial cell,PROCR
heart,Endothelial cell,PROX1
heart,Endothelial cell,PTGDS
heart,Endothelial cell,PTPRB
heart,Endothelial cell,RAMP3
heart,Endothelial cell,RASGRP3
heart,Endothelial cell,RASIP1
heart,Endothelial cell,RBP7
heart,Endothelial cell,RGCC
heart,Endothelial cell,RNASE1
heart,Endothelial cell,RND1
heart,Endothelial cell,ROBO4
heart,Endothelial cell,S100A10
heart,Endothelial cell,S100A13
heart,Endothelial cell,SCARF1
heart,Endothelial cell,SELE
heart,Endothelial cell,SGK1
heart,Endothelial cell,SLC2A1
heart,Endothelial cell,SLC38A5
heart,Endothelial cell,SLC7A5
heart,Endothelial cell,SLC9A3R2
heart,Endothelial cell,SOX18
heart,Endothelial cell,SOX7
heart,Endothelial cell,SPARC
heart,Endothelial cell,SPARCL1
heart,Endothelial cell,SRGN
heart,Endothelial cell,SRPX
heart,Endothelial cell,TEK
heart,Endothelial cell,TGFBR2
heart,Endothelial cell,THBD
heart,Endothelial cell,THSD1
heart,Endothelial cell,TIE1
heart,Endothelial cell,TIMP3
heart,Endothelial cell,TM4SF1
heart,Endothelial cell,VWA1
heart,Endothelial cell,VWF
heart,Erythroid cell,ALAS2
heart,Erythroid cell,CA1
heart,Erythroid cell,EXOC6
heart,Erythroid cell,HBD
heart,Erythroid cell,HBM
heart,Erythroid cell,IFIT1B
heart,Erythroid cell,SELENBP1
heart,Erythroid cell,SLC4A1
heart,Erythroid cell,TMCC2
heart,Erythroid cell,TRIM58
heart,Fibroblast,ABCA8A
heart,Fibroblast,ADAMTS2
heart,Fibroblast,BICC1
heart,Fibroblast,C3
heart,Fibroblast,CCDC80
heart,Fibroblast,CD34
heart,Fibroblast,CELF2
heart,Fibroblast,COL15A1
heart,Fibroblast,COL1A1
heart,Fibroblast,COL1A2
heart,Fibroblast,COL3A1
heart,Fibroblast,DCN
heart,Fibroblast,DPEP1
heart,Fibroblast,DPT
heart,Fibroblast,ENTPD2
heart,Fibroblast,FBLN1
heart,Fibroblast,FBLN2
heart,Fibroblast,GFPT2
heart,Fibroblast,GSN
heart,Fibroblast,HEG1
heart,Fibroblast,HSD11B1
heart,Fibroblast,HTRA3
heart,Fibroblast,IGFBP6
heart,Fibroblast,LOXL1
heart,Fibroblast,LPAR1
heart,Fibroblast,LSP1
heart,Fibroblast,LUM
heart,Fibroblast,LY6A
heart,Fibroblast,MEDAG
heart,Fibroblast,MFAP4
heart,Fibroblast,MFAP5
heart,Fibroblast,MGST1
heart,Fibroblast,MMP2
heart,Fibroblast,NAV1
heart,Fibroblast,OLFML3
heart,Fibroblast,PCOLCE2
heart,Fibroblast,PDGFRA
heart,Fibroblast,PI16
heart,Fibroblast,RNASE4
heart,Fibroblast,S100A10
heart,Fibroblast,S100A16
heart,Fibroblast,SCARA5
heart,Fibroblast,SERPINF1
heart,Fibroblast,SLC43A3
heart,Fibroblast,UGDH
heart,Macrophage,ADGRE1
heart,Macrophage,CD163
heart,Macrophage,CD68
heart,Macrophage,CD74
heart,Macrophage,CSFR1
heart,Macrophage,EMR1
heart,Macrophage,ITGAM
heart,Macrophage,LGALS3
heart,Macrophage,LYZ1
heart,Macrophage,MRC1
heart,Myofibroblast,AC124170.2
heart,Myofibroblast,ACTA2
heart,Myofibroblast,ACTG2
heart,Myofibroblast,ALPHA-SMA
heart,Myofibroblast,ALPHASMA
heart,Myofibroblast,AP1
heart,Myofibroblast,ASPN
heart,Myofibroblast,BGN
heart,Myofibroblast,CALD1
heart,Myofibroblast,CALPONIN
heart,Myofibroblast,CD248
heart,Myofibroblast,CKB
heart,Myofibroblast,COL12A1
heart,Myofibroblast,COL1A1
heart,Myofibroblast,COL1A2
heart,Myofibroblast,COL3A1
heart,Myofibroblast,COL6A3
heart,Myofibroblast,CTHRC1
heart,Myofibroblast,DES
heart,Myofibroblast,DESMIN
heart,Myofibroblast,EDNRB
heart,Myofibroblast,ENC1
heart,Myofibroblast,FIBRONECTIN
heart,Myofibroblast,FN1
heart,Myofibroblast,FSTL1
heart,Myofibroblast,GHR
heart,Myofibroblast,GYPC
heart,Myofibroblast,HHIP
heart,Myofibroblast,IGF1
heart,Myofibroblast,IIGP1
heart,Myofibroblast,ITGA9
heart,Myofibroblast,ITGBL1
heart,Myofibroblast,JUN
heart,Myofibroblast,JUNB
heart,Myofibroblast,LTBP1
heart,Myofibroblast,MFAP2
heart,Myofibroblast,MGP
heart,Myofibroblast,MLLT3
heart,Myofibroblast,MUSTN1
heart,Myofibroblast,MYH11
heart,Myofibroblast,MYL9
heart,Myofibroblast,MYLK
heart,Myofibroblast,MYOCD
heart,Myofibroblast,NNAT
heart,Myofibroblast,NREP
heart,Myofibroblast,NT5E
heart,Myofibroblast,PDGFRA
heart,Myofibroblast,PDLIM3
heart,Myofibroblast,POSTN
heart,Myofibroblast,RGS2
heart,Myofibroblast,ROBO1
heart,Myofibroblast,SCARA5
heart,Myofibroblast,SCX
heart,Myofibroblast,SMPX
heart,Myofibroblast,SMS
heart,Myofibroblast,SYNPO2
heart,Myofibroblast,TAGLN
heart,Myofibroblast,TBX5
heart,Myofibroblast,TGFBI
heart,Myofibroblast,TPM2
heart,Pericyte,ABCC9
heart,Pericyte,ACTA2
heart,Pericyte,CACNA1C
heart,Pericyte,CARMN
heart,Pericyte,CCDC102B
heart,Pericyte,COL25A1
heart,Pericyte,DLC1
heart,Pericyte,HS6ST3
heart,Pericyte,KCNAB1
heart,Pericyte,LDB3
heart,Pericyte,LMOD1
heart,Pericyte,MAP1B
heart,Pericyte,MCAM
heart,Pericyte,MYH11
heart,Pericyte,NTRK3
heart,Pericyte,PDGFRB
heart,Pericyte,PDZRN4
heart,Pericyte,PRKG1
heart,Pericyte,PRR16
heart,Pericyte,RGS5
heart,Progenitor cell,ABCG2
heart,Progenitor cell,ADGRL2
heart,Progenitor cell,ANKRD1
heart,Progenitor cell,BMP4
heart,Progenitor cell,CASP3
heart,Progenitor cell,CD117
heart,Progenitor cell,CD29
heart,Progenitor cell,CD34
heart,Progenitor cell,ETV2
heart,Progenitor cell,FUT4
heart,Progenitor cell,GATA4
heart,Progenitor cell,HCN4
heart,Progenitor cell,ISL1
heart,Progenitor cell,ISLET-1
heart,Progenitor cell,KIT
heart,Progenitor cell,KITL
heart,Progenitor cell,KITLG
heart,Progenitor cell,LY6A
heart,Progenitor cell,MESP1
heart,Progenitor cell,MYH6
heart,Progenitor cell,NKX2-5
heart,Progenitor cell,NKX2.5
heart,Progenitor cell,SCA-1
heart,Progenitor cell,SCF
heart,Progenitor cell,SSEA-1
heart,Progenitor cell,TBX18
heart,Progenitor cell,TBX3
heart,Progenitor cell,TBX4
heart,Progenitor cell,WNT5A
heart,Progenitor cell,WT1
heart,Smooth muscle cell,ALPHA-SMOOTH MUSCLE ACTIN
heart,Smooth muscle cell,CALD1
heart,Smooth muscle cell,CALPONIN 1
heart,Smooth muscle cell,CDH5
heart,Smooth muscle cell,GPR38
heart,Smooth muscle cell,HEXIM 1
heart,Smooth muscle cell,HISTAMINE H2 R
heart,Smooth muscle cell,MLNR
heart,Smooth muscle cell,TAGLN
heart,Smooth muscle cell,VE-CADHERIN
kidney,B cell,ARHGAP15
kidney,B cell,ARHGAP24
kidney,B cell,B3GAT1
kidney,B cell,BACH2
kidney,B cell,BANK1
kidney,B cell,BCL11A
kidney,B cell,BIRC3
kidney,B cell,BLNK
kidney,B cell,BST1
kidney,B cell,BTLA
kidney,B cell,CCR7
kidney,B cell,CD14
kidney,B cell,CD19
kidney,B cell,CD2
kidney,B cell,CD22
kidney,B cell,CD24
kidney,B cell,CD27
kidney,B cell,CD38
kidney,B cell,CD40
kidney,B cell,CD5
kidney,B cell,CD52
kidney,B cell,CD55
kidney,B cell,CD69
kidney,B cell,CD70
kidney,B cell,CD72
kidney,B cell,CD74
kidney,B cell,CD79A
kidney,B cell,CD79B
kidney,B cell,CD80
kidney,B cell,CD86
kidney,B cell,CMAH
kidney,B cell,CMAHP
kidney,B cell,CR2
kidney,B cell,CRELD2
kidney,B cell,CXCR4
kidney,B cell,DERL3
kidney,B cell,DNTT
kidney,B cell,DOK3
kidney,B cell,EAF2
kidney,B cell,EBF1
kidney,B cell,EDEM1
kidney,B cell,EDEM2
kidney,B cell,FAM129C
kidney,B cell,FAM46C
kidney,B cell,FCER2
kidney,B cell,FCER2A
kidney,B cell,FCHSD2
kidney,B cell,FCMR
kidney,B cell,FCRL1
kidney,B cell,FCRLA
kidney,B cell,FKBP11
kidney,B cell,FLI1
kidney,B cell,H2-DMB2
kidney,B cell,H2-OA
kidney,B cell,H2-OB
kidney,B cell,HLA-DQA1
kidney,B cell,HLA-DRA
kidney,B cell,HMGA1
kidney,B cell,HVCN1
kidney,B cell,IFIT3
kidney,B cell,IGHA
kidney,B cell,IGHD
kidney,B cell,IGHG1
kidney,B cell,IGHG3
kidney,B cell,IGHG4
kidney,B cell,IGHM
kidney,B cell,IGKC
kidney,B cell,IGLC1
kidney,B cell,IGLC2
kidney,B cell,IGLC3
kidney,B cell,IGLL1
kidney,B cell,IGLV1
kidney,B cell,IL21R
kidney,B cell,INPP5D
kidney,B cell,JCHAIN
kidney,B cell,KLHL6
kidney,B cell,LAIR1
kidney,B cell,LRMP
kidney,B cell,LTB
kidney,B cell,LY6D
kidney,B cell,MME
kidney,B cell,MS4A1
kidney,B cell,MSH5
kidney,B cell,MUM1
kidney,B cell,MZB1
kidney,B cell,PAX5
kidney,B cell,PDCD1
kidney,B cell,POLD4
kidney,B cell,POU2AF1
kidney,B cell,PTPRC
kidney,B cell,PXK
kidney,B cell,RALGPS2
kidney,B cell,RASGRP3
kidney,B cell,SCD1
kidney,B cell,SDC1
kidney,B cell,SEC61A1
kidney,B cell,SEMA6D
kidney,B cell,SIGLECG
kidney,B cell,SLAMF6
kidney,B cell,SMAP2
kidney,B cell,SPCS3
kidney,B cell,SPIB
kidney,B cell,SPN
kidney,B cell,SWAP70
kidney,B cell,TLR9
kidney,B cell,TNFRSF13B
kidney,B cell,TNFRSF13C
kidney,B cell,TNFRSF17
kidney,B cell,TNFRSF9
kidney,B cell,TNFSF4
kidney,B cell,TRP53INP1
kidney,B cell,TXNDC11
kidney,B cell,VPREB1
kidney,B cell,VPREB2
kidney,B cell,VPREB3
kidney,Basophil,ACSS2
kidney,Basophil,ADORA2B
kidney,Basophil,ALOX8
kidney,Basophil,AQP9
kidney,Basophil,BACE1
kidney,Basophil,BMP4
kidney,Basophil,CABLES1
kidney,Basophil,CCL3
kidney,Basophil,CCL4
kidney,Basophil,CCL9
kidney,Basophil,CCR3
kidney,Basophil,CD33
kidney,Basophil,CD44
kidney,Basophil,CD69
kidney,Basophil,CDH1
kidney,Basophil,CEBPA
kidney,Basophil,CPA3
kidney,Basophil,DEFB40
kidney,Basophil,DNASE2B
kidney,Basophil,E2F8
kidney,Basophil,ENPP3
kidney,Basophil,FADS1
kidney,Basophil,FADS2
kidney,Basophil,FAR2
kidney,Basophil,FBXO9
kidney,Basophil,FCER1A
kidney,Basophil,GABBR1
kidney,Basophil,GATA2
kidney,Basophil,GM9895
kidney,Basophil,GPC4
kidney,Basophil,GPR183
kidney,Basophil,GPR97
kidney,Basophil,GRM6
kidney,Basophil,HDC
kidney,Basophil,HGF
kidney,Basophil,HIST1H1D
kidney,Basophil,HIST1H2AC
kidney,Basophil,HTR1B
kidney,Basophil,ID1
kidney,Basophil,IFITM1
kidney,Basophil,IGFBP7
kidney,Basophil,IL3RA
kidney,Basophil,IL4
kidney,Basophil,IL4R
kidney,Basophil,INF2
kidney,Basophil,ITGAL
kidney,Basophil,ITGAM
kidney,Basophil,ITGAX
kidney,Basophil,ITGB7
kidney,Basophil,JAZF1
kidney,Basophil,L1CAM
kidney,Basophil,LAMA5
kidney,Basophil,LTC4S
kidney,Basophil,MBOAT1
kidney,Basophil,MCPT8
kidney,Basophil,MRGPRA6
kidney,Basophil,MS4A2
kidney,Basophil,MS4A3
kidney,Basophil,NFIL3
kidney,Basophil,NPL
kidney,Basophil,NT5C3
kidney,Basophil,OSBPL5
kidney,Basophil,OTUB2
kidney,Basophil,P2RY1
kidney,Basophil,PDK3
kidney,Basophil,PDZD4
kidney,Basophil,PERP
kidney,Basophil,PIGY
kidney,Basophil,PLEKHG5
kidney,Basophil,PLG
kidney,Basophil,PRSS34
kidney,Basophil,RNF39
kidney,Basophil,SLC26A3
kidney,Basophil,SLC26A8
kidney,Basophil,SNCAIP
kidney,Basophil,ST6GALNAC5
kidney,Basophil,SUPT3H
kidney,Basophil,TEC
kidney,Basophil,TLR4
kidney,Basophil,TULP3
kidney,Basophil,UNC93A
kidney,Basophil,WRN
kidney,Connecting tubule epithelial cell,ABTB2
kidney,Connecting tubule epithelial cell,CADPS2
kidney,Connecting tubule epithelial cell,COBLL1
kidney,Connecting tubule epithelial cell,DCDC2
kidney,Connecting tubule epithelial cell,DCDC2A
kidney,Connecting tubule epithelial cell,LINC01099
kidney,Connecting tubule epithelial cell,NR3C2
kidney,Connecting tubule epithelial cell,PDE4D
kidney,Connecting tubule epithelial cell,PIK3C2G
kidney,Connecting tubule epithelial cell,SCN2A
kidney,Connecting tubule epithelial cell,SLC14A2
kidney,Connecting tubule epithelial cell,TEX41
kidney,Connecting tubule epithelial cell,TOX3
kidney,Cortical cell,ALCAM
kidney,Cortical cell,ANK3
kidney,Cortical cell,APRT
kidney,Cortical cell,ATP1B1
kidney,Cortical cell,CDCA7
kidney,Cortical cell,CHCHD10
kidney,Cortical cell,DKK1
kidney,Cortical cell,ETL4
kidney,Cortical cell,FAM178A
kidney,Cortical cell,FIBIN
kidney,Cortical cell,ID2
kidney,Cortical cell,KIAA1217
kidney,Cortical cell,LIG1
kidney,Cortical cell,MCM5
kidney,Cortical cell,MEST
kidney,Cortical cell,NASP
kidney,Cortical cell,NSG1
kidney,Cortical cell,PCNA
kidney,Cortical cell,PCNA-PS2
kidney,Cortical cell,PTN
kidney,Cortical cell,S100G
kidney,Cortical cell,SLF2
kidney,Cortical cell,TFRC
kidney,Cortical cell,TSR1
kidney,Dendritic cell,ADAM19
kidney,Dendritic cell,ADGRE1
kidney,Dendritic cell,ADGRG5
kidney,Dendritic cell,AIF1
kidney,Dendritic cell,AMICA1
kidney,Dendritic cell,ANXA1
kidney,Dendritic cell,AP1S3
kidney,Dendritic cell,ARG1
kidney,Dendritic cell,ASS1
kidney,Dendritic cell,AXL
kidney,Dendritic cell,BATF3
kidney,Dendritic cell,BTLA
kidney,Dendritic cell,C1ORF54
kidney,Dendritic cell,CADM1
kidney,Dendritic cell,CAMK2D
kidney,Dendritic cell,CCL17
kidney,Dendritic cell,CCL22
kidney,Dendritic cell,CCR2
kidney,Dendritic cell,CCR7
kidney,Dendritic cell,CD14
kidney,Dendritic cell,CD163
kidney,Dendritic cell,CD180
kidney,Dendritic cell,CD1A
kidney,Dendritic cell,CD1B
kidney,Dendritic cell,CD1C
kidney,Dendritic cell,CD207
kidney,Dendritic cell,CD209
kidney,Dendritic cell,CD209A
kidney,Dendritic cell,CD209B
kidney,Dendritic cell,CD22
kidney,Dendritic cell,CD28
kidney,Dendritic cell,CD83
kidney,Dendritic cell,CD86
kidney,Dendritic cell,CD8A
kidney,Dendritic cell,CLEC10A
kidney,Dendritic cell,CLEC7A
kidney,Dendritic cell,CLEC9A
kidney,Dendritic cell,CR2
kidney,Dendritic cell,CTSS
kidney,Dendritic cell,CX3CR1
kidney,Dendritic cell,CXCL16
kidney,Dendritic cell,CXCL8
kidney,Dendritic cell,CXCR3
kidney,Dendritic cell,CXCR4
kidney,Dendritic cell,DAB2
kidney,Dendritic cell,DNASE1L3
kidney,Dendritic cell,DPP4
kidney,Dendritic cell,EAR2
kidney,Dendritic cell,ETV6
kidney,Dendritic cell,FABP4
kidney,Dendritic cell,FCER1A
kidney,Dendritic cell,FCGR2B
kidney,Dendritic cell,FCGR3A
kidney,Dendritic cell,FGD2
kidney,Dendritic cell,FLT3
kidney,Dendritic cell,FTL
kidney,Dendritic cell,GPR132
kidney,Dendritic cell,GPR68
kidney,Dendritic cell,H2-AB1
kidney,Dendritic cell,H2-DMA
kidney,Dendritic cell,H2-EB1
kidney,Dendritic cell,H2-EB2
kidney,Dendritic cell,H2-M2
kidney,Dendritic cell,H2AFY
kidney,Dendritic cell,HCK
kidney,Dendritic cell,HFE
kidney,Dendritic cell,HLA-A
kidney,Dendritic cell,HLA-B
kidney,Dendritic cell,HLA-C
kidney,Dendritic cell,HLA-DMA
kidney,Dendritic cell,HLA-DMB
kidney,Dendritic cell,HLA-DPA1
kidney,Dendritic cell,HLA-DPB1
kidney,Dendritic cell,HLA-DQA1
kidney,Dendritic cell,HLA-DQB1
kidney,Dendritic cell,HLA-DRA
kidney,Dendritic cell,HLA-DRB1
kidney,Dendritic cell,HLA-DRB5
kidney,Dendritic cell,IFITM6
kidney,Dendritic cell,IL6
kidney,Dendritic cell,IRF8
kidney,Dendritic cell,ITGAE
kidney,Dendritic cell,ITGAM
kidney,Dendritic cell,ITGAX
kidney,Dendritic cell,KIT
kidney,Dendritic cell,KLRI1
kidney,Dendritic cell,KMO
kidney,Dendritic cell,LAMP3
kidney,Dendritic cell,LGALS3
kidney,Dendritic cell,LILRB2
kidney,Dendritic cell,LST1
kidney,Dendritic cell,LY75
kidney,Dendritic cell,LYZ
kidney,Dendritic cell,NAAA
kidney,Dendritic cell,NAPSA
kidney,Dendritic cell,NR4A3
kidney,Dendritic cell,P2RY10
kidney,Dendritic cell,PDCD1LG2
kidney,Dendritic cell,PDPN
kidney,Dendritic cell,PLAC8
kidney,Dendritic cell,PLBD1
kidney,Dendritic cell,PPL
kidney,Dendritic cell,PPP1R14A
kidney,Dendritic cell,PTPRC
kidney,Dendritic cell,RAB30
kidney,Dendritic cell,RAB7B
kidney,Dendritic cell,RELB
kidney,Dendritic cell,RETNLA
kidney,Dendritic cell,RNASE6
kidney,Dendritic cell,RYR1
kidney,Dendritic cell,S100A4
kidney,Dendritic cell,S100A8
kidney,Dendritic cell,S100A9
kidney,Dendritic cell,S100B
kidney,Dendritic cell,SCIMP
kidney,Dendritic cell,SEMA4A
kidney,Dendritic cell,SEPTIN6
kidney,Dendritic cell,SERPINA1
kidney,Dendritic cell,SERPINB9
kidney,Dendritic cell,SIGLEC6
kidney,Dendritic cell,SIRPA
kidney,Dendritic cell,SLAMF7
kidney,Dendritic cell,SLAMF8
kidney,Dendritic cell,SLC11A1
kidney,Dendritic cell,SLURP1
kidney,Dendritic cell,TLR3
kidney,Dendritic cell,TLR9
kidney,Dendritic cell,TRAF1
kidney,Dendritic cell,TREM2
kidney,Dendritic cell,VCAN
kidney,Dendritic cell,VSIG4
kidney,Dendritic cell,XCR1
kidney,Dendritic cell,ZBTB46
kidney,Descending vasa recta endothelial cell,ADAMTS6
kidney,Descending vasa recta endothelial cell,ADGRL4
kidney,Descending vasa recta endothelial cell,CDH13
kidney,Descending vasa recta endothelial cell,EFNB2
kidney,Descending vasa recta endothelial cell,PALMD
kidney,Descending vasa recta endothelial cell,PLPP1
kidney,Descending vasa recta endothelial cell,PTPRB
kidney,Descending vasa recta endothelial cell,RUNX1T1
kidney,Descending vasa recta endothelial cell,SYN3
kidney,Descending vasa recta endothelial cell,TIMP3
kidney,Distal convoluted tubule cell,ABCA13
kidney,Distal convoluted tubule cell,ACSM2
kidney,Distal convoluted tubule cell,AQP2
kidney,Distal convoluted tubule cell,AVPR2
kidney,Distal convoluted tubule cell,CALB1
kidney,Distal convoluted tubule cell,CLCNKB
kidney,Distal convoluted tubule cell,CLDN8
kidney,Distal convoluted tubule cell,CWH43
kidney,Distal convoluted tubule cell,DEFB1
kidney,Distal convoluted tubule cell,EGF
kidney,Distal convoluted tubule cell,EMX1
kidney,Distal convoluted tubule cell,FXYD2
kidney,Distal convoluted tubule cell,GBAS
kidney,Distal convoluted tubule cell,HOXB5OS
kidney,Distal convoluted tubule cell,HOXD8
kidney,Distal convoluted tubule cell,JAG1
kidney,Distal convoluted tubule cell,KAP
kidney,Distal convoluted tubule cell,KCNJ1
kidney,Distal convoluted tubule cell,KCNJ16
kidney,Distal convoluted tubule cell,KL
kidney,Distal convoluted tubule cell,KLHL3
kidney,Distal convoluted tubule cell,KLK1
kidney,Distal convoluted tubule cell,KNG2
kidney,Distal convoluted tubule cell,LARP1B
kidney,Distal convoluted tubule cell,LHX1
kidney,Distal convoluted tubule cell,LHX1OS
kidney,Distal convoluted tubule cell,PGAM2
kidney,Distal convoluted tubule cell,PVALB
kidney,Distal convoluted tubule cell,RHCG
kidney,Distal convoluted tubule cell,SCNN1A
kidney,Distal convoluted tubule cell,SGMS2
kidney,Distal convoluted tubule cell,SLC12A3
kidney,Distal convoluted tubule cell,SLC16A7
kidney,Distal convoluted tubule cell,SLC8A1
kidney,Distal convoluted tubule cell,SOSTDC1
kidney,Distal convoluted tubule cell,TFRC
kidney,Distal convoluted tubule cell,TMEM213
kidney,Distal convoluted tubule cell,TMEM52B
kidney,Distal convoluted tubule cell,TRHDE
kidney,Distal convoluted tubule cell,TRPM6
kidney,Distal convoluted tubule cell,TRPM7
kidney,Distal convoluted tubule cell,TSC22D2
kidney,Distal convoluted tubule cell,UMOD
kidney,Distal convoluted tubule cell,UROC1
kidney,Distal convoluted tubule cell,USMG5
kidney,Distal convoluted tubule cell,VDR
kidney,Distal convoluted tubule cell,WFDC15B
kidney,Distal convoluted tubule cell,WNK1
kidney,Distal convoluted tubule cell,WNK4
kidney,Endothelial cell,ABCB1A
kidney,Endothelial cell,ABCG2
kidney,Endothelial cell,ACKR1
kidney,Endothelial cell,ACVRL1
kidney,Endothelial cell,ADAMTS1
kidney,Endothelial cell,ADGRF5
kidney,Endothelial cell,ADGRL4
kidney,Endothelial cell,ADIRF
kidney,Endothelial cell,ADORA2A
kidney,Endothelial cell,APLN
kidney,Endothelial cell,APLNR
kidney,Endothelial cell,APOLD1
kidney,Endothelial cell,AQP1
kidney,Endothelial cell,AQP7
kidney,Endothelial cell,ARAP3
kidney,Endothelial cell,ARHGEF15
kidney,Endothelial cell,BDP1
kidney,Endothelial cell,BIRC2
kidney,Endothelial cell,BMP2
kidney,Endothelial cell,BMX
kidney,Endothelial cell,BTNL9
kidney,Endothelial cell,C1QTNF1
kidney,Endothelial cell,C7
kidney,Endothelial cell,CA4
kidney,Endothelial cell,CALCRL
kidney,Endothelial cell,CAR4
kidney,Endothelial cell,CARD10
kidney,Endothelial cell,CASZ1
kidney,Endothelial cell,CAV1
kidney,Endothelial cell,CCL14
kidney,Endothelial cell,CCL19
kidney,Endothelial cell,CCL23
kidney,Endothelial cell,CD300LG
kidney,Endothelial cell,CD34
kidney,Endothelial cell,CD36
kidney,Endothelial cell,CD46
kidney,Endothelial cell,CD55
kidney,Endothelial cell,CD82
kidney,Endothelial cell,CD9
kidney,Endothelial cell,CD93
kidney,Endothelial cell,CDH5
kidney,Endothelial cell,CDKN1C
kidney,Endothelial cell,CEACAM1
kidney,Endothelial cell,CHST1
kidney,Endothelial cell,CLCA3A1
kidney,Endothelial cell,CLDN5
kidney,Endothelial cell,CLEC14A
kidney,Endothelial cell,CLEC1B
kidney,Endothelial cell,CLEC4G
kidney,Endothelial cell,CLIC4
kidney,Endothelial cell,CRHBP
kidney,Endothelial cell,CTGF
kidney,Endothelial cell,CXCL1
kidney,Endothelial cell,CYP1B1
kidney,Endothelial cell,DLL4
kidney,Endothelial cell,DNASE1L3
kidney,Endothelial cell,DPP4
kidney,Endothelial cell,ECE1
kidney,Endothelial cell,ECSCR
kidney,Endothelial cell,EDNRB
kidney,Endothelial cell,EGFL7
kidney,Endothelial cell,EHD3
kidney,Endothelial cell,ELK3
kidney,Endothelial cell,EMCN
kidney,Endothelial cell,EMP1
kidney,Endothelial cell,ENG
kidney,Endothelial cell,EPAS1
kidney,Endothelial cell,ERG
kidney,Endothelial cell,ESM1
kidney,Endothelial cell,ETS1
kidney,Endothelial cell,EXOC3L
kidney,Endothelial cell,EXOC3L1
kidney,Endothelial cell,F8
kidney,Endothelial cell,FABP4
kidney,Endothelial cell,FAM167B
kidney,Endothelial cell,FCN2
kidney,Endothelial cell,FCN3
kidney,Endothelial cell,FHL2
kidney,Endothelial cell,FLI1
kidney,Endothelial cell,FLT1
kidney,Endothelial cell,FLT4
kidney,Endothelial cell,FOXF1
kidney,Endothelial cell,FOXF2
kidney,Endothelial cell,GIMAP5
kidney,Endothelial cell,GJA4
kidney,Endothelial cell,GJA5
kidney,Endothelial cell,GLYCAM1
kidney,Endothelial cell,GNG11
kidney,Endothelial cell,GPIHBP1
kidney,Endothelial cell,GPM6A
kidney,Endothelial cell,GPR182
kidney,Endothelial cell,HEXIM1
kidney,Endothelial cell,HEY1
kidney,Endothelial cell,HSPG2
kidney,Endothelial cell,HYAL2
kidney,Endothelial cell,ICAM1
kidney,Endothelial cell,ICAM2
kidney,Endothelial cell,ID1
kidney,Endothelial cell,ID3
kidney,Endothelial cell,IFI27
kidney,Endothelial cell,IGFBP7
kidney,Endothelial cell,IL1A
kidney,Endothelial cell,INMT
kidney,Endothelial cell,IRX3
kidney,Endothelial cell,ITGB3
kidney,Endothelial cell,KCNJ8
kidney,Endothelial cell,KDR
kidney,Endothelial cell,KLK1
kidney,Endothelial cell,LIFR
kidney,Endothelial cell,LOX
kidney,Endothelial cell,LTC4S
kidney,Endothelial cell,LY6A
kidney,Endothelial cell,LY6C1
kidney,Endothelial cell,LYVE1
kidney,Endothelial cell,MADCAM1
kidney,Endothelial cell,MCAM
kidney,Endothelial cell,MEOX1
kidney,Endothelial cell,MEOX2
kidney,Endothelial cell,MFSD2A
kidney,Endothelial cell,MGLL
kidney,Endothelial cell,MGP
kidney,Endothelial cell,MMRN1
kidney,Endothelial cell,MMRN2
kidney,Endothelial cell,MYF6
kidney,Endothelial cell,MYLK
kidney,Endothelial cell,NOS3
kidney,Endothelial cell,NOSTRIN
kidney,Endothelial cell,NOTCH4
kidney,Endothelial cell,NPR1
kidney,Endothelial cell,NRP2
kidney,Endothelial cell,OIT3
kidney,Endothelial cell,PALMD
kidney,Endothelial cell,PCAT19
kidney,Endothelial cell,PCDH12
kidney,Endothelial cell,PDGFB
kidney,Endothelial cell,PDPN
kidney,Endothelial cell,PECAM1
kidney,Endothelial cell,PLAC8
kidney,Endothelial cell,PLEC
kidney,Endothelial cell,PLVAP
kidney,Endothelial cell,PODXL
kidney,Endothelial cell,POSTN
kidney,Endothelial cell,PRKCH
kidney,Endothelial cell,PROCR
kidney,Endothelial cell,PROX1
kidney,Endothelial cell,PTGDS
kidney,Endothelial cell,PTPRB
kidney,Endothelial cell,RAMP3
kidney,Endothelial cell,RASGRP3
kidney,Endothelial cell,RASIP1
kidney,Endothelial cell,RBP7
kidney,Endothelial cell,RGCC
kidney,Endothelial cell,RGS5
kidney,Endothelial cell,RNASE1
kidney,Endothelial cell,RND1
kidney,Endothelial cell,ROBO4
kidney,Endothelial cell,RPRM
kidney,Endothelial cell,S100A10
kidney,Endothelial cell,S100A13
kidney,Endothelial cell,SCARF1
kidney,Endothelial cell,SDPR
kidney,Endothelial cell,SELE
kidney,Endothelial cell,SEMA3D
kidney,Endothelial cell,SEMA7A
kidney,Endothelial cell,SGK1
kidney,Endothelial cell,SHANK3
kidney,Endothelial cell,SLC2A1
kidney,Endothelial cell,SLC38A5
kidney,Endothelial cell,SLC7A5
kidney,Endothelial cell,SLC9A3R2
kidney,Endothelial cell,SLCO1A4
kidney,Endothelial cell,SLCO1C1
kidney,Endothelial cell,SLCO2A1
kidney,Endothelial cell,SOX18
kidney,Endothelial cell,SOX7
kidney,Endothelial cell,SPARC
kidney,Endothelial cell,SPARCL1
kidney,Endothelial cell,SPNS2
kidney,Endothelial cell,SRGN
kidney,Endothelial cell,SRPX
kidney,Endothelial cell,STAB1
kidney,Endothelial cell,STAB2
kidney,Endothelial cell,TBX1
kidney,Endothelial cell,TCF15
kidney,Endothelial cell,TEK
kidney,Endothelial cell,TGFBR2
kidney,Endothelial cell,THBD
kidney,Endothelial cell,THSD1
kidney,Endothelial cell,TIE1
kidney,Endothelial cell,TIMP3
kidney,Endothelial cell,TM4SF1
kidney,Endothelial cell,TMEM100
kidney,Endothelial cell,TSPAN8
kidney,Endothelial cell,USHBP1
kidney,Endothelial cell,VCAM1
kidney,Endothelial cell,VEGFC
kidney,Endothelial cell,VWA1
kidney,Endothelial cell,VWF
kidney,Endothelial cell,WFDC1
kidney,Endothelial cell,XDH
kidney,Epithelial cell,ADIPOQ
kidney,Epithelial cell,AGER
kidney,Epithelial cell,AGR2
kidney,Epithelial cell,ALOX15
kidney,Epithelial cell,ANLN
kidney,Epithelial cell,ANPEP
kidney,Epithelial cell,APN
kidney,Epithelial cell,APOA1
kidney,Epithelial cell,AQP3
kidney,Epithelial cell,BMI1
kidney,Epithelial cell,BOK
kidney,Epithelial cell,BRCA1
kidney,Epithelial cell,CASC5
kidney,Epithelial cell,CCL20
kidney,Epithelial cell,CD2
kidney,Epithelial cell,CD24
kidney,Epithelial cell,CDH1
kidney,Epithelial cell,CDH3
kidney,Epithelial cell,CDKL1
kidney,Epithelial cell,CDKN2A
kidney,Epithelial cell,CDKN3
kidney,Epithelial cell,CEACAM1
kidney,Epithelial cell,CEACAM5
kidney,Epithelial cell,CKAP2
kidney,Epithelial cell,CKAP2L
kidney,Epithelial cell,CLDN1
kidney,Epithelial cell,CRYBA1
kidney,Epithelial cell,CTSE
kidney,Epithelial cell,CXCL10
kidney,Epithelial cell,CXCL17
kidney,Epithelial cell,CXCL8
kidney,Epithelial cell,DEFB1
kidney,Epithelial cell,DESMIN
kidney,Epithelial cell,DGAT2
kidney,Epithelial cell,DKK3
kidney,Epithelial cell,DLX5
kidney,Epithelial cell,ECT2
kidney,Epithelial cell,EHF
kidney,Epithelial cell,ELF3
kidney,Epithelial cell,EMILIN2
kidney,Epithelial cell,EPCAM
kidney,Epithelial cell,EXO1
kidney,Epithelial cell,F5
kidney,Epithelial cell,FERMT1
kidney,Epithelial cell,FMO5
kidney,Epithelial cell,FOXA1
kidney,Epithelial cell,FZD6
kidney,Epithelial cell,GABRP
kidney,Epithelial cell,GATA2
kidney,Epithelial cell,GGT1
kidney,Epithelial cell,GPA33
kidney,Epithelial cell,GUCA2A
kidney,Epithelial cell,HBEGF
kidney,Epithelial cell,HIRIP3
kidney,Epithelial cell,HMMR
kidney,Epithelial cell,ICAM1
kidney,Epithelial cell,IFI16
kidney,Epithelial cell,IL1R1
kidney,Epithelial cell,INCENP
kidney,Epithelial cell,ITGA1
kidney,Epithelial cell,ITGA2
kidney,Epithelial cell,ITGA4
kidney,Epithelial cell,ITGA5
kidney,Epithelial cell,ITGAL
kidney,Epithelial cell,ITGB4
kidney,Epithelial cell,ITPR2
kidney,Epithelial cell,IVL
kidney,Epithelial cell,KAP
kidney,Epithelial cell,KIF15
kidney,Epithelial cell,KIF20B
kidney,Epithelial cell,KIF23
kidney,Epithelial cell,KLK1
kidney,Epithelial cell,KLK10
kidney,Epithelial cell,KLK3
kidney,Epithelial cell,KLKB1
kidney,Epithelial cell,KRT1
kidney,Epithelial cell,KRT13
kidney,Epithelial cell,KRT14
kidney,Epithelial cell,KRT15
kidney,Epithelial cell,KRT16
kidney,Epithelial cell,KRT2
kidney,Epithelial cell,KRT3
kidney,Epithelial cell,KRT5
kidney,Epithelial cell,KRT6
kidney,Epithelial cell,KRT7
kidney,Epithelial cell,KRT72
kidney,Epithelial cell,LGALS4
kidney,Epithelial cell,LTF
kidney,Epithelial cell,LYPD8
kidney,Epithelial cell,MECOM
kidney,Epithelial cell,MEP1
kidney,Epithelial cell,MEP1A
kidney,Epithelial cell,MEP7
kidney,Epithelial cell,MSX1
kidney,Epithelial cell,MUC1
kidney,Epithelial cell,MUC13
kidney,Epithelial cell,MUC16
kidney,Epithelial cell,MUC3
kidney,Epithelial cell,MUC3A
kidney,Epithelial cell,MUC5AC
kidney,Epithelial cell,NAPSA
kidney,Epithelial cell,NES1
kidney,Epithelial cell,NKD1
kidney,Epithelial cell,NRP2
kidney,Epithelial cell,OCLN
kidney,Epithelial cell,OIT1
kidney,Epithelial cell,P2RX7
kidney,Epithelial cell,PAQR5
kidney,Epithelial cell,PGR
kidney,Epithelial cell,PHGR1
kidney,Epithelial cell,PIGR
kidney,Epithelial cell,PLA2G4A
kidney,Epithelial cell,PLEKHS1
kidney,Epithelial cell,PMEL
kidney,Epithelial cell,PPN1
kidney,Epithelial cell,PRC1
kidney,Epithelial cell,PRG4
kidney,Epithelial cell,PROM1
kidney,Epithelial cell,PRSS32
kidney,Epithelial cell,PSCA
kidney,Epithelial cell,RAI14
kidney,Epithelial cell,RNF128
kidney,Epithelial cell,SAA3
kidney,Epithelial cell,SAA3P
kidney,Epithelial cell,SCGB1A1
kidney,Epithelial cell,SCNN1A
kidney,Epithelial cell,SCNN1B
kidney,Epithelial cell,SCNN1D
kidney,Epithelial cell,SCNN1G
kidney,Epithelial cell,SEC23B
kidney,Epithelial cell,SELENBP1
kidney,Epithelial cell,SFN
kidney,Epithelial cell,SFRP5
kidney,Epithelial cell,SI
kidney,Epithelial cell,SLC25A48
kidney,Epithelial cell,SLC46A2
kidney,Epithelial cell,SPRR1B
kidney,Epithelial cell,SPRR2A1
kidney,Epithelial cell,SPTSSB
kidney,Epithelial cell,ST6GAL1
kidney,Epithelial cell,SYCN
kidney,Epithelial cell,TCP1
kidney,Epithelial cell,THRSP
kidney,Epithelial cell,TM4SF20
kidney,Epithelial cell,TP63
kidney,Epithelial cell,TSPAN1
kidney,Epithelial cell,TSPAN8
kidney,Epithelial cell,TSTD1
kidney,Epithelial cell,TTR
kidney,Epithelial cell,VSIG2
kidney,Epithelial cell,ZFP322A
kidney,Epithelial cell,ZFP42
kidney,Epithelial cell,ZFP704
kidney,Erythroblast,AHSP
kidney,Erythroblast,ALAS2
kidney,Erythroblast,CA1
kidney,Erythroblast,HBB
kidney,Erythroblast,HBE1
kidney,Erythroid precursor cell,AHSG
kidney,Erythroid precursor cell,AHSP
kidney,Erythroid precursor cell,ALAD
kidney,Erythroid precursor cell,ALAS2
kidney,Erythroid precursor cell,APOA1
kidney,Erythroid precursor cell,AQP1
kidney,Erythroid precursor cell,ARG1
kidney,Erythroid precursor cell,ASNS
kidney,Erythroid precursor cell,BPGM
kidney,Erythroid precursor cell,CA1
kidney,Erythroid precursor cell,CAR1
kidney,Erythroid precursor cell,CCNA2
kidney,Erythroid precursor cell,CD36
kidney,Erythroid precursor cell,CD44
kidney,Erythroid precursor cell,CD47
kidney,Erythroid precursor cell,CD55
kidney,Erythroid precursor cell,CD59A
kidney,Erythroid precursor cell,CEACAM1
kidney,Erythroid precursor cell,CLDN13
kidney,Erythroid precursor cell,COX6B2
kidney,Erythroid precursor cell,DCAF12
kidney,Erythroid precursor cell,EDRF1
kidney,Erythroid precursor cell,EPB41
kidney,Erythroid precursor cell,EPB41L2
kidney,Erythroid precursor cell,EPB42
kidney,Erythroid precursor cell,EPOR
kidney,Erythroid precursor cell,ERMAP
kidney,Erythroid precursor cell,EXOC6
kidney,Erythroid precursor cell,FECH
kidney,Erythroid precursor cell,FOSB
kidney,Erythroid precursor cell,GH
kidney,Erythroid precursor cell,GH1
kidney,Erythroid precursor cell,GYPA
kidney,Erythroid precursor cell,GYPB
kidney,Erythroid precursor cell,GYPC
kidney,Erythroid precursor cell,H2AC23
kidney,Erythroid precursor cell,HBA-A1
kidney,Erythroid precursor cell,HBA-A2
kidney,Erythroid precursor cell,HBA-X
kidney,Erythroid precursor cell,HBA1
kidney,Erythroid precursor cell,HBA2
kidney,Erythroid precursor cell,HBB
kidney,Erythroid precursor cell,HBB-BH1
kidney,Erythroid precursor cell,HBB-BS
kidney,Erythroid precursor cell,HBB-BT
kidney,Erythroid precursor cell,HBD
kidney,Erythroid precursor cell,HBG1
kidney,Erythroid precursor cell,HBG2
kidney,Erythroid precursor cell,HBM
kidney,Erythroid precursor cell,HEMGN
kidney,Erythroid precursor cell,HEXA
kidney,Erythroid precursor cell,HIST1H2AO
kidney,Erythroid precursor cell,HMBS
kidney,Erythroid precursor cell,HTATSF1
kidney,Erythroid precursor cell,ITGA4
kidney,Erythroid precursor cell,KCNN4
kidney,Erythroid precursor cell,KEL
kidney,Erythroid precursor cell,KIT
kidney,Erythroid precursor cell,KLF1
kidney,Erythroid precursor cell,LOX
kidney,Erythroid precursor cell,NCOA4
kidney,Erythroid precursor cell,NR1I3
kidney,Erythroid precursor cell,PAN3
kidney,Erythroid precursor cell,PFAS
kidney,Erythroid precursor cell,PKLR
kidney,Erythroid precursor cell,PNPO
kidney,Erythroid precursor cell,RBM38
kidney,Erythroid precursor cell,RHAG
kidney,Erythroid precursor cell,RHD
kidney,Erythroid precursor cell,RSAD2
kidney,Erythroid precursor cell,S100A8
kidney,Erythroid precursor cell,S100A9
kidney,Erythroid precursor cell,SLC25A37
kidney,Erythroid precursor cell,SLC25A39
kidney,Erythroid precursor cell,SLC4A1
kidney,Erythroid precursor cell,SNCA
kidney,Erythroid precursor cell,STFA1
kidney,Erythroid precursor cell,THBS1
kidney,Erythroid precursor cell,THRB
kidney,Erythroid precursor cell,TMCC2
kidney,Erythroid precursor cell,TSPAN33
kidney,Erythroid precursor cell,TSPO2
kidney,Erythroid precursor cell,UBB
kidney,Erythroid precursor cell,UCP2
kidney,Erythroid precursor cell,UROD
kidney,Erythroid precursor cell,UROS
kidney,Erythroid precursor cell,VAMP5
kidney,Fibroblast,ABCA6
kidney,Fibroblast,ABCA8A
kidney,Fibroblast,ACE
kidney,Fibroblast,ADAMTS12
kidney,Fibroblast,ADAMTS2
kidney,Fibroblast,ATRNL1
kidney,Fibroblast,BICC1
kidney,Fibroblast,C3
kidney,Fibroblast,C7
kidney,Fibroblast,CCBE1
kidney,Fibroblast,CCDC80
kidney,Fibroblast,CD34
kidney,Fibroblast,CDH11
kidney,Fibroblast,CELF2
kidney,Fibroblast,CLMP
kidney,Fibroblast,COL15A1
kidney,Fibroblast,COL1A1
kidney,Fibroblast,COL1A2
kidney,Fibroblast,DCN
kidney,Fibroblast,DPEP1
kidney,Fibroblast,DPT
kidney,Fibroblast,ENTPD2
kidney,Fibroblast,FBLN1
kidney,Fibroblast,FBLN2
kidney,Fibroblast,FBLN5
kidney,Fibroblast,GFPT2
kidney,Fibroblast,GSN
kidney,Fibroblast,HEG1
kidney,Fibroblast,HSD11B1
kidney,Fibroblast,HTRA3
kidney,Fibroblast,IGFBP6
kidney,Fibroblast,LOXL1
kidney,Fibroblast,LPAR1
kidney,Fibroblast,LSP1
kidney,Fibroblast,LUM
kidney,Fibroblast,LY6A
kidney,Fibroblast,MEDAG
kidney,Fibroblast,MFAP4
kidney,Fibroblast,MFAP5
kidney,Fibroblast,MGST1
kidney,Fibroblast,MMP2
kidney,Fibroblast,MOXD1
kidney,Fibroblast,NAV1
kidney,Fibroblast,NID1
kidney,Fibroblast,OLFML3
kidney,Fibroblast,PCOLCE2
kidney,Fibroblast,PDGFRA
kidney,Fibroblast,PI16
kidney,Fibroblast,PLA2G4A
kidney,Fibroblast,PLCXD3
kidney,Fibroblast,RNASE4
kidney,Fibroblast,S100A10
kidney,Fibroblast,S100A16
kidney,Fibroblast,SCARA5
kidney,Fibroblast,SERPINF1
kidney,Fibroblast,SLC43A3
kidney,Fibroblast,SPON1
kidney,Fibroblast,SVEP1
kidney,Fibroblast,UGDH
kidney,Glomerular capillary endothelial cell,BTNL9
kidney,Glomerular capillary endothelial cell,EMCN
kidney,Glomerular capillary endothelial cell,FLT1
kidney,Glomerular capillary endothelial cell,HECW2
kidney,Glomerular capillary endothelial cell,PLAT
kidney,Glomerular capillary endothelial cell,PLPP3
kidney,Glomerular capillary endothelial cell,PTPRB
kidney,Glomerular capillary endothelial cell,SMAD6
kidney,Glomerular capillary endothelial cell,SYNE1
kidney,Glomerular capillary endothelial cell,TEK
kidney,Granular cell,ABCC8
kidney,Granular cell,ADCY3
kidney,Granular cell,CACNB2
kidney,Granular cell,COL13A1
kidney,Granular cell,GRID2
kidney,Granular cell,KCTD11
kidney,Granular cell,PIP5K1B
kidney,Granular cell,PRKG1
kidney,Granular cell,REN
kidney,Granular cell,REN1
kidney,Granular cell,SLIT3
kidney,Granular cell,WFDC1
kidney,Infiltrated mononuclear cell,ATP6AP2
kidney,Infiltrated mononuclear cell,CD3
kidney,Infiltrated mononuclear cell,CD3D
kidney,Infiltrated mononuclear cell,CD3E
kidney,Infiltrated mononuclear cell,CD3G
kidney,Infiltrated mononuclear cell,CD68
kidney,Infiltrated mononuclear cell,RENIN RECEPTOR
kidney,Inner medulla collecting duct epithelial cell,ABTB2
kidney,Inner medulla collecting duct epithelial cell,ANK3
kidney,Inner medulla collecting duct epithelial cell,CAPN8
kidney,Inner medulla collecting duct epithelial cell,GRIP1
kidney,Inner medulla collecting duct epithelial cell,LINC01924
kidney,Inner medulla collecting duct epithelial cell,LRBA
kidney,Inner medulla collecting duct epithelial cell,NAALADL2
kidney,Inner medulla collecting duct epithelial cell,PCDH7
kidney,Inner medulla collecting duct epithelial cell,SAMD12
kidney,Inner medulla collecting duct epithelial cell,SLC14A2
kidney,Intercalated cell,ACO2
kidney,Intercalated cell,ADGRF5
kidney,Intercalated cell,ALDH1L1
kidney,Intercalated cell,ALDOA
kidney,Intercalated cell,APLP2
kidney,Intercalated cell,AQP6
kidney,Intercalated cell,ATP12A
kidney,Intercalated cell,ATP1B1
kidney,Intercalated cell,ATP6AP1
kidney,Intercalated cell,ATP6AP2
kidney,Intercalated cell,ATP6V0A4
kidney,Intercalated cell,ATP6V0B
kidney,Intercalated cell,ATP6V0C
kidney,Intercalated cell,ATP6V0D2
kidney,Intercalated cell,ATP6V0E
kidney,Intercalated cell,ATP6V0E1
kidney,Intercalated cell,ATP6V1A
kidney,Intercalated cell,ATP6V1B1
kidney,Intercalated cell,ATP6V1C2
kidney,Intercalated cell,ATP6V1D
kidney,Intercalated cell,ATP6V1E1
kidney,Intercalated cell,ATP6V1G3
kidney,Intercalated cell,ATP6V1H
kidney,Intercalated cell,AVPR1A
kidney,Intercalated cell,CA2
kidney,Intercalated cell,CAR12
kidney,Intercalated cell,CAR2
kidney,Intercalated cell,CHCHD10
kidney,Intercalated cell,CKMT1
kidney,Intercalated cell,CKMT1A
kidney,Intercalated cell,CKMT1B
kidney,Intercalated cell,CLCN5
kidney,Intercalated cell,CLCNKB
kidney,Intercalated cell,CLNK
kidney,Intercalated cell,COX6A1
kidney,Intercalated cell,COX6B1
kidney,Intercalated cell,COX7A2
kidney,Intercalated cell,CPSF4L
kidney,Intercalated cell,CYC1
kidney,Intercalated cell,CYCS
kidney,Intercalated cell,CYSTM1
kidney,Intercalated cell,DAB2
kidney,Intercalated cell,DEFB1
kidney,Intercalated cell,DKK3
kidney,Intercalated cell,EFHD1
kidney,Intercalated cell,EGF
kidney,Intercalated cell,EMB
kidney,Intercalated cell,EPS8
kidney,Intercalated cell,FAM13A
kidney,Intercalated cell,FOXI1
kidney,Intercalated cell,FSTL1
kidney,Intercalated cell,FXYD2
kidney,Intercalated cell,GADD45G
kidney,Intercalated cell,GALNT17
kidney,Intercalated cell,GM10053
kidney,Intercalated cell,GM10221
kidney,Intercalated cell,GUCA2A
kidney,Intercalated cell,HEPACAM2
kidney,Intercalated cell,HES1
kidney,Intercalated cell,HEXB
kidney,Intercalated cell,HMX2
kidney,Intercalated cell,HOOK3
kidney,Intercalated cell,ID2
kidney,Intercalated cell,IL18
kidney,Intercalated cell,INSRR
kidney,Intercalated cell,ITGA6
kidney,Intercalated cell,ITM2B
kidney,Intercalated cell,ITPR2
kidney,Intercalated cell,KIT
kidney,Intercalated cell,LDHB
kidney,Intercalated cell,LGALS3
kidney,Intercalated cell,LINC01187
kidney,Intercalated cell,MCOLN3
kidney,Intercalated cell,MDH1
kidney,Intercalated cell,MIF
kidney,Intercalated cell,MKKS
kidney,Intercalated cell,MME
kidney,Intercalated cell,NCOA7
kidney,Intercalated cell,NDUFV2
kidney,Intercalated cell,OCIAD2
kidney,Intercalated cell,OXGR1
kidney,Intercalated cell,PAM
kidney,Intercalated cell,PARM1
kidney,Intercalated cell,PDE1A
kidney,Intercalated cell,PGRMC1
kidney,Intercalated cell,PPARGC1A
kidney,Intercalated cell,PPFIBP2
kidney,Intercalated cell,PRDX5
kidney,Intercalated cell,RALGAPA2
kidney,Intercalated cell,RCAN2
kidney,Intercalated cell,RGS2
kidney,Intercalated cell,RHCG
kidney,Intercalated cell,RNF152
kidney,Intercalated cell,S100A1
kidney,Intercalated cell,S100G
kidney,Intercalated cell,SCAND1
kidney,Intercalated cell,SDHD
kidney,Intercalated cell,SEC23B
kidney,Intercalated cell,SERPINB6B
kidney,Intercalated cell,SERPINB9
kidney,Intercalated cell,SGK1
kidney,Intercalated cell,SLC25A4
kidney,Intercalated cell,SLC25A5
kidney,Intercalated cell,SLC26A4
kidney,Intercalated cell,SLC4A9
kidney,Intercalated cell,SLC9A3R1
kidney,Intercalated cell,SOD2
kidney,Intercalated cell,SYN2
kidney,Intercalated cell,TACC2
kidney,Intercalated cell,TBC1D24
kidney,Intercalated cell,TDRP
kidney,Intercalated cell,TFCP2L1
kidney,Intercalated cell,TINAGL1
kidney,Intercalated cell,TMBIM4
kidney,Intercalated cell,TMEM117
kidney,Intercalated cell,TMEM213
kidney,Intercalated cell,TMEM61
kidney,Intercalated cell,TUBB2A
kidney,Intercalated cell,UQCR11
kidney,Intercalated cell,UQCRB
kidney,Intercalated cell,USMG5
kidney,Juxtaglomerular cell,ACTA2
kidney,Juxtaglomerular cell,AKR1B7
kidney,Juxtaglomerular cell,CNN1
kidney,Juxtaglomerular cell,KCTD11
kidney,Juxtaglomerular cell,MYH11
kidney,Juxtaglomerular cell,REN
kidney,Juxtaglomerular cell,REN1
kidney,Juxtaglomerular cell,TH
kidney,Juxtaglomerular cell,TRPV4
kidney,Kidney progenitor cell,CITED1
kidney,Kidney progenitor cell,EYA1
kidney,Kidney progenitor cell,OSR1
kidney,Kidney progenitor cell,PAX2
kidney,Kidney progenitor cell,SALL1
kidney,Kidney progenitor cell,SIX2
kidney,Kidney progenitor cell,WT1
kidney,Loop of Henle cell,ADAMTS5
kidney,Loop of Henle cell,AQP1
kidney,Loop of Henle cell,ARC
kidney,Loop of Henle cell,ARID5A
kidney,Loop of Henle cell,ARVCF
kidney,Loop of Henle cell,CALCRL
kidney,Loop of Henle cell,CD40
kidney,Loop of Henle cell,CDH6
kidney,Loop of Henle cell,CDKN1C
kidney,Loop of Henle cell,CLCNKA
kidney,Loop of Henle cell,CLDN10
kidney,Loop of Henle cell,CLDN16
kidney,Loop of Henle cell,CLDN19
kidney,Loop of Henle cell,CLDN8
kidney,Loop of Henle cell,COX4I2
kidney,Loop of Henle cell,CXCL1
kidney,Loop of Henle cell,CYP4B1
kidney,Loop of Henle cell,DACH1
kidney,Loop of Henle cell,DEFB1
kidney,Loop of Henle cell,DKK1
kidney,Loop of Henle cell,DRAM1
kidney,Loop of Henle cell,ENC1
kidney,Loop of Henle cell,FABP4
kidney,Loop of Henle cell,FGA
kidney,Loop of Henle cell,GEM
kidney,Loop of Henle cell,HEY2
kidney,Loop of Henle cell,IGF1
kidney,Loop of Henle cell,IRX2
kidney,Loop of Henle cell,KCNT1
kidney,Loop of Henle cell,LCN2
kidney,Loop of Henle cell,LIPG
kidney,Loop of Henle cell,LRRC66
kidney,Loop of Henle cell,NEK6
kidney,Loop of Henle cell,NKAIN4
kidney,Loop of Henle cell,NRGN
kidney,Loop of Henle cell,PARVB
kidney,Loop of Henle cell,PCSK9
kidney,Loop of Henle cell,PLA2G7
kidney,Loop of Henle cell,PPP1R1B
kidney,Loop of Henle cell,PTGS2
kidney,Loop of Henle cell,RGS5
kidney,Loop of Henle cell,RNF182
kidney,Loop of Henle cell,SH3RF2
kidney,Loop of Henle cell,SLC11A2
kidney,Loop of Henle cell,SLC12A1
kidney,Loop of Henle cell,SLC12A3
kidney,Loop of Henle cell,SLC14A2
kidney,Loop of Henle cell,SMARCD3
kidney,Loop of Henle cell,SPSB1
kidney,Loop of Henle cell,THBS1
kidney,Loop of Henle cell,TNNI1
kidney,Loop of Henle cell,TRPM7
kidney,Loop of Henle cell,UMOD
kidney,Loop of Henle cortical thick ascending limb epithelial cell,CACNA2D3
kidney,Loop of Henle cortical thick ascending limb epithelial cell,CASR
kidney,Loop of Henle cortical thick ascending limb epithelial cell,CCDC148
kidney,Loop of Henle cortical thick ascending limb epithelial cell,ESRRB
kidney,Loop of Henle cortical thick ascending limb epithelial cell,GP2
kidney,Loop of Henle cortical thick ascending limb epithelial cell,HS6ST2
kidney,Loop of Henle cortical thick ascending limb epithelial cell,LINC01606
kidney,Loop of Henle cortical thick ascending limb epithelial cell,RP1
kidney,Loop of Henle cortical thick ascending limb epithelial cell,SLC12A1
kidney,Loop of Henle cortical thick ascending limb epithelial cell,UMOD
kidney,Loop of Henle medullary thick ascending limb epithelial cell,ATP1A1
kidney,Loop of Henle medullary thick ascending limb epithelial cell,ATP1B1
kidney,Loop of Henle medullary thick ascending limb epithelial cell,CACNA2D3
kidney,Loop of Henle medullary thick ascending limb epithelial cell,EGF
kidney,Loop of Henle medullary thick ascending limb epithelial cell,ESRRB
kidney,Loop of Henle medullary thick ascending limb epithelial cell,ESRRG
kidney,Loop of Henle medullary thick ascending limb epithelial cell,LINC01762
kidney,Loop of Henle medullary thick ascending limb epithelial cell,PTGER3
kidney,Loop of Henle medullary thick ascending limb epithelial cell,SIM2
kidney,Loop of Henle medullary thick ascending limb epithelial cell,SLC12A1
kidney,Loop of Henle thin descending limb epithelial cell,ADAMTS9-AS1
kidney,Loop of Henle thin descending limb epithelial cell,ALDH1A2
kidney,Loop of Henle thin descending limb epithelial cell,ARHGAP29
kidney,Loop of Henle thin descending limb epithelial cell,BICC1
kidney,Loop of Henle thin descending limb epithelial cell,COL4A3
kidney,Loop of Henle thin descending limb epithelial cell,DSCAML1
kidney,Loop of Henle thin descending limb epithelial cell,FOXP2
kidney,Loop of Henle thin descending limb epithelial cell,GALNT14
kidney,Loop of Henle thin descending limb epithelial cell,ITGB8
kidney,Loop of Henle thin descending limb epithelial cell,LINC01320
kidney,Loop of Henle thin descending limb epithelial cell,MAGI2
kidney,Loop of Henle thin descending limb epithelial cell,MYO9A
kidney,Loop of Henle thin descending limb epithelial cell,NEBL
kidney,Loop of Henle thin descending limb epithelial cell,OXR1
kidney,Loop of Henle thin descending limb epithelial cell,PAX8
kidney,Loop of Henle thin descending limb epithelial cell,PKHD1
kidney,Loop of Henle thin descending limb epithelial cell,PTPN14
kidney,Loop of Henle thin descending limb epithelial cell,STOX2
kidney,Loop of Henle thin descending limb epithelial cell,UGT2B7
kidney,Loop of Henle thin descending limb epithelial cell,UNC5D
kidney,Lymphatic endothelial cell,CCL21
kidney,Lymphatic endothelial cell,ELK3
kidney,Lymphatic endothelial cell,FLRT2
kidney,Lymphatic endothelial cell,GRAPL
kidney,Lymphatic endothelial cell,KALRN
kidney,Lymphatic endothelial cell,MMRN1
kidney,Lymphatic endothelial cell,PKHD1L1
kidney,Lymphatic endothelial cell,RELN
kidney,Lymphatic endothelial cell,SEMA3A
kidney,Lymphatic endothelial cell,TBX1
kidney,M2 Macrophage,CD163
kidney,M2 Macrophage,CD163L1
kidney,M2 Macrophage,COLEC12
kidney,M2 Macrophage,F13A1
kidney,M2 Macrophage,MRC1
kidney,M2 Macrophage,MS4A6A
kidney,M2 Macrophage,SCART1
kidney,M2 Macrophage,SLC1A3
kidney,M2 Macrophage,SLCO2B1
kidney,M2 Macrophage,STAB1
kidney,M2 Macrophage,TLR2
kidney,Macrophage,ABHD12
kidney,Macrophage,ADAP2
kidney,Macrophage,ADAP2OS
kidney,Macrophage,ADGRE1
kidney,Macrophage,ADRB1
kidney,Macrophage,AIF1
kidney,Macrophage,APOBEC1
kidney,Macrophage,APOE
kidney,Macrophage,ASAH1
kidney,Macrophage,AXL
kidney,Macrophage,BASP1
kidney,Macrophage,BCL2A1B
kidney,Macrophage,C1QA
kidney,Macrophage,C1QB
kidney,Macrophage,C1QC
kidney,Macrophage,C3AR1
kidney,Macrophage,CADM1
kidney,Macrophage,CCL12
kidney,Macrophage,CD72
kidney,Macrophage,CD74
kidney,Macrophage,CD83
kidney,Macrophage,CD86
kidney,Macrophage,CDK6
kidney,Macrophage,CFH
kidney,Macrophage,CLEC4A2
kidney,Macrophage,CLEC4B1
kidney,Macrophage,COL14A1
kidney,Macrophage,CREB5
kidney,Macrophage,CST3
kidney,Macrophage,CTSC
kidney,Macrophage,CTSH
kidney,Macrophage,CTSS
kidney,Macrophage,CX3CR1
kidney,Macrophage,CXCL16
kidney,Macrophage,CYTH4
kidney,Macrophage,EBI3
kidney,Macrophage,FCGR1
kidney,Macrophage,FCGR2B
kidney,Macrophage,FCGR3
kidney,Macrophage,FCGR3A
kidney,Macrophage,FCGR3B
kidney,Macrophage,FCGR4
kidney,Macrophage,FGD2
kidney,Macrophage,FNBP1
kidney,Macrophage,FYB
kidney,Macrophage,FYB1
kidney,Macrophage,GM26522
kidney,Macrophage,GM4951
kidney,Macrophage,GPR65
kidney,Macrophage,GUSB
kidney,Macrophage,H2-AA
kidney,Macrophage,H2-AB1
kidney,Macrophage,H2-DMA
kidney,Macrophage,H2-DMB1
kidney,Macrophage,H2-EB1
kidney,Macrophage,HPGDS
kidney,Macrophage,HSPA1A
kidney,Macrophage,IFI213
kidney,Macrophage,IFNAR1
kidney,Macrophage,IL5
kidney,Macrophage,INPP5D
kidney,Macrophage,ITM2C
kidney,Macrophage,LACC1
kidney,Macrophage,LAIR1
kidney,Macrophage,LAT2
kidney,Macrophage,LILRA5
kidney,Macrophage,LPAR6
kidney,Macrophage,LY86
kidney,Macrophage,MARCKS
kidney,Macrophage,MGL2
kidney,Macrophage,MKNK1
kidney,Macrophage,MMP13
kidney,Macrophage,MRC1
kidney,Macrophage,MS4A7
kidney,Macrophage,NTPCR
kidney,Macrophage,P2RY6
kidney,Macrophage,PARP14
kidney,Macrophage,PEA15A
kidney,Macrophage,PF4
kidney,Macrophage,PID1
kidney,Macrophage,PPT1
kidney,Macrophage,PYDC4
kidney,Macrophage,RAB7B
kidney,Macrophage,RBPJ
kidney,Macrophage,RGS10
kidney,Macrophage,RTN4
kidney,Macrophage,RUNX1
kidney,Macrophage,SCIMP
kidney,Macrophage,SDC3
kidney,Macrophage,SELENOP
kidney,Macrophage,SEPP1
kidney,Macrophage,SFT2D1
kidney,Macrophage,SLAMF9
kidney,Macrophage,SLCO2B1
kidney,Macrophage,STAB1
kidney,Macrophage,STAP1
kidney,Macrophage,STX16
kidney,Macrophage,TAOK3
kidney,Macrophage,TERF1
kidney,Macrophage,TGFBR1
kidney,Macrophage,TMCC3
kidney,Macrophage,TMEM176B
kidney,Macrophage,TRF
kidney,Macrophage,UNC93B1
kidney,Macrophage,VCAM1
kidney,Macrophage,VSIR
kidney,Macrophage,ZEB2OS
kidney,Macrophage,ZMYND15
kidney,Macula densa,BBOX1
kidney,Macula densa,CALCR
kidney,Macula densa,DEPTOR
kidney,Macula densa,ERBB4
kidney,Macula densa,ITGB6
kidney,Macula densa,NOS1
kidney,Macula densa,PAPPA2
kidney,Macula densa,PKP4
kidney,Macula densa,PPFIA2
kidney,Macula densa,TMPRSS4
kidney,Mast cell,ACSL4
kidney,Mast cell,ADCYAP1
kidney,Mast cell,ADORA3
kidney,Mast cell,BTK
kidney,Mast cell,CPA3
kidney,Mast cell,CSF2RB2
kidney,Mast cell,CSF2RBP1
kidney,Mast cell,FCER1A
kidney,Mast cell,GATA2
kidney,Mast cell,GRAP2
kidney,Mast cell,HDC
kidney,Mast cell,HPGDS
kidney,Mast cell,IL18R1
kidney,Mast cell,IL1RL1
kidney,Mast cell,IL2RA
kidney,Mast cell,IL4
kidney,Mast cell,KIT
kidney,Mast cell,MAOB
kidney,Mast cell,MCPT4
kidney,Mast cell,MLPH
kidney,Mast cell,MRGPRB1
kidney,Mast cell,MS4A2
kidney,Mast cell,RGS13
kidney,Mast cell,SLC18A2
kidney,Mast cell,SLC24A3
kidney,Mast cell,SLC8A3
kidney,Mast cell,TESPA1
kidney,Mast cell,TPSAB1
kidney,Mast cell,TPSB2
kidney,Mast cell,TPSD1
kidney,Medullary fibroblast,ATRNL1
kidney,Medullary fibroblast,CLMP
kidney,Medullary fibroblast,HPSE2
kidney,Medullary fibroblast,LAMA2
kidney,Medullary fibroblast,LPAR1
kidney,Medullary fibroblast,LSAMP
kidney,Medullary fibroblast,MEIS1
kidney,Medullary fibroblast,MOXD1
kidney,Medullary fibroblast,NID1
kidney,Medullary fibroblast,PID1
kidney,Mesangial cell,4930523C07RIK
kidney,Mesangial cell,ACTA2
kidney,Mesangial cell,ACTN1
kidney,Mesangial cell,ADAMTSL4
kidney,Mesangial cell,AGTR1
kidney,Mesangial cell,AKAP12
kidney,Mesangial cell,AMOTL2
kidney,Mesangial cell,ANGPT2
kidney,Mesangial cell,ARID5B
kidney,Mesangial cell,CALD1
kidney,Mesangial cell,CARMN
kidney,Mesangial cell,CCBE1
kidney,Mesangial cell,CCR7
kidney,Mesangial cell,COL25A1
kidney,Mesangial cell,CSTB
kidney,Mesangial cell,CTGF
kidney,Mesangial cell,DAAM2
kidney,Mesangial cell,DYRK1A
kidney,Mesangial cell,ECM1
kidney,Mesangial cell,EMILIN1
kidney,Mesangial cell,FGF1
kidney,Mesangial cell,FILIP1L
kidney,Mesangial cell,FLNA
kidney,Mesangial cell,FLRT2
kidney,Mesangial cell,FN1
kidney,Mesangial cell,GATA3
kidney,Mesangial cell,GPC3
kidney,Mesangial cell,HOPX
kidney,Mesangial cell,ITGA8
kidney,Mesangial cell,KIAA1217
kidney,Mesangial cell,KIF26B
kidney,Mesangial cell,LATS2
kidney,Mesangial cell,LEF1
kidney,Mesangial cell,LRP5
kidney,Mesangial cell,MAP3K20
kidney,Mesangial cell,MEF2C
kidney,Mesangial cell,MEIS1
kidney,Mesangial cell,MEIS2
kidney,Mesangial cell,MIB1
kidney,Mesangial cell,MRC1
kidney,Mesangial cell,MYL9
kidney,Mesangial cell,NCOA2
kidney,Mesangial cell,NOCT
kidney,Mesangial cell,NOSTRIN
kidney,Mesangial cell,NR2F2
kidney,Mesangial cell,NR4A2
kidney,Mesangial cell,OGT
kidney,Mesangial cell,PALLD
kidney,Mesangial cell,PAWR
kidney,Mesangial cell,PDE3A
kidney,Mesangial cell,PDGFB
kidney,Mesangial cell,PDGFRB
kidney,Mesangial cell,PER3
kidney,Mesangial cell,PIEZO2
kidney,Mesangial cell,PLA2R1
kidney,Mesangial cell,PLAU
kidney,Mesangial cell,PML
kidney,Mesangial cell,PRR16
kidney,Mesangial cell,PTN
kidney,Mesangial cell,RASD1
kidney,Mesangial cell,ROBO1
kidney,Mesangial cell,ROCK1
kidney,Mesangial cell,SERPINE2
kidney,Mesangial cell,SFRP2
kidney,Mesangial cell,SH3BGRL
kidney,Mesangial cell,SMARCA5
kidney,Mesangial cell,SNCG
kidney,Mesangial cell,TBX18
kidney,Mesangial cell,TEK
kidney,Mesangial cell,THY1
kidney,Mesangial cell,TNC
kidney,Mesangial cell,TNS1
kidney,Mesangial cell,TPM2
kidney,Mesangial cell,TRIP4
kidney,Mesangial cell,WISP1
kidney,Mesangial cell,YAP1
kidney,Monocyte,ADGRE2
kidney,Monocyte,CTSS
kidney,Monocyte,FCN1
kidney,Monocyte,FCNA
kidney,Monocyte,IFI211
kidney,Monocyte,LYZ
kidney,Monocyte,LYZ1
kidney,Monocyte,MNDA
kidney,Monocyte,NEAT1
kidney,Monocyte,PSAP
kidney,Monocyte,S100A9
kidney,Monocyte,SERPINA1
kidney,Monocyte,TYROBP
kidney,Mononuclear phagocyte,CELF2
kidney,Mononuclear phagocyte,CHST11
kidney,Mononuclear phagocyte,DLEU2
kidney,Mononuclear phagocyte,FMN1
kidney,Mononuclear phagocyte,FOXN3
kidney,Mononuclear phagocyte,HDAC9
kidney,Mononuclear phagocyte,LDLRAD4
kidney,Mononuclear phagocyte,PRKCB
kidney,Mononuclear phagocyte,RBPJ
kidney,Mononuclear phagocyte,RUNX1
kidney,Natural killer cell,CAP1
kidney,Natural killer cell,CCL5
kidney,Natural killer cell,CCND2
kidney,Natural killer cell,CD160
kidney,Natural killer cell,CHSY1
kidney,Natural killer cell,CMA1
kidney,Natural killer cell,CST7
kidney,Natural killer cell,CTLA2B
kidney,Natural killer cell,CTSW
kidney,Natural killer cell,DAPK2
kidney,Natural killer cell,DOK2
kidney,Natural killer cell,DUSP2
kidney,Natural killer cell,FASL
kidney,Natural killer cell,FASLG
kidney,Natural killer cell,FCGR3A
kidney,Natural killer cell,FCGR4
kidney,Natural killer cell,GEM
kidney,Natural killer cell,GM19585
kidney,Natural killer cell,GZMA
kidney,Natural killer cell,GZMB
kidney,Natural killer cell,HSD11B1
kidney,Natural killer cell,IFITM10
kidney,Natural killer cell,IL18RAP
kidney,Natural killer cell,IRF8
kidney,Natural killer cell,ITGB2
kidney,Natural killer cell,JAK1
kidney,Natural killer cell,KIR2DL3
kidney,Natural killer cell,KLRA1
kidney,Natural killer cell,KLRA1P
kidney,Natural killer cell,KLRA4
kidney,Natural killer cell,KLRA7
kidney,Natural killer cell,KLRA8
kidney,Natural killer cell,KLRA9
kidney,Natural killer cell,KLRB1
kidney,Natural killer cell,KLRB1A
kidney,Natural killer cell,KLRB1B
kidney,Natural killer cell,KLRB1C
kidney,Natural killer cell,KLRB1F
kidney,Natural killer cell,KLRC1
kidney,Natural killer cell,KLRC2
kidney,Natural killer cell,KLRD1
kidney,Natural killer cell,KLRE1
kidney,Natural killer cell,KLRK1
kidney,Natural killer cell,LAMB3
kidney,Natural killer cell,LFNG
kidney,Natural killer cell,NCAM1
kidney,Natural killer cell,NCR1
kidney,Natural killer cell,NKG7
kidney,Natural killer cell,POLE4
kidney,Natural killer cell,PRF1
kidney,Natural killer cell,SAMD3
kidney,Natural killer cell,TBX21
kidney,Natural killer cell,TXK
kidney,Natural killer cell,UGCG
kidney,Natural killer cell,VPS37B
kidney,Natural killer cell,XCL1
kidney,Natural killer cell,XCL2
kidney,Nephron epithelial cell,AQP2
kidney,Nephron epithelial cell,ATP6V0D2
kidney,Nephron epithelial cell,AVPR2
kidney,Nephron epithelial cell,CLCNKB
kidney,Nephron epithelial cell,CLDN16
kidney,Nephron epithelial cell,CLDN8
kidney,Nephron epithelial cell,KCNJ1
kidney,Nephron epithelial cell,KRT23
kidney,Nephron epithelial cell,PODXL
kidney,Nephron epithelial cell,PTPRO
kidney,Nephron epithelial cell,SAA2
kidney,Nephron epithelial cell,SLC12A1
kidney,Nephron epithelial cell,SLC13A3
kidney,Nephron epithelial cell,SLC16A9
kidney,Nephron epithelial cell,SLC17A3
kidney,Nephron epithelial cell,SLC22A7
kidney,Nephron epithelial cell,SLC22A8
kidney,Nephron epithelial cell,SLC26A4
kidney,Nephron epithelial cell,SLC34A1
kidney,Nephron epithelial cell,SLC4A1
kidney,Nephron epithelial cell,SLC7A13
kidney,Nephron epithelial cell,SLC8A1
kidney,Nephron epithelial cell,VCAM1
kidney,Nephron epithelial cell,WT1
kidney,Neutrophil,ACTB
kidney,Neutrophil,ADAM8
kidney,Neutrophil,ADPGK
kidney,Neutrophil,ARG2
kidney,Neutrophil,ASPRV1
kidney,Neutrophil,AZU1
kidney,Neutrophil,BST1
kidney,Neutrophil,C5AR1
kidney,Neutrophil,CA1
kidney,Neutrophil,CAMP
kidney,Neutrophil,CAR1
kidney,Neutrophil,CCL3
kidney,Neutrophil,CCL6
kidney,Neutrophil,CCL9
kidney,Neutrophil,CCR1
kidney,Neutrophil,CCRL2
kidney,Neutrophil,CD14
kidney,Neutrophil,CD177
kidney,Neutrophil,CD24
kidney,Neutrophil,CD33
kidney,Neutrophil,CEACAM1
kidney,Neutrophil,CEACAM8
kidney,Neutrophil,CFP
kidney,Neutrophil,CHIL3
kidney,Neutrophil,CLEC4D
kidney,Neutrophil,CLEC4E
kidney,Neutrophil,CRP
kidney,Neutrophil,CSF3R
kidney,Neutrophil,CTSG
kidney,Neutrophil,CXCL2
kidney,Neutrophil,CXCR1
kidney,Neutrophil,CXCR2
kidney,Neutrophil,DEFA1
kidney,Neutrophil,DEFA2
kidney,Neutrophil,DEFA3
kidney,Neutrophil,DHFR
kidney,Neutrophil,DOCK8
kidney,Neutrophil,ELANE
kidney,Neutrophil,FCGR1A
kidney,Neutrophil,FCGR3A
kidney,Neutrophil,FCGR3B
kidney,Neutrophil,FCGR4
kidney,Neutrophil,FTL
kidney,Neutrophil,FTL1
kidney,Neutrophil,FTL2-PS
kidney,Neutrophil,FUT4
kidney,Neutrophil,HDC
kidney,Neutrophil,HP
kidney,Neutrophil,IL1B
kidney,Neutrophil,IL1R2
kidney,Neutrophil,ITGAM
kidney,Neutrophil,ITGAX
kidney,Neutrophil,ITM2B
kidney,Neutrophil,JAML
kidney,Neutrophil,LCN2
kidney,Neutrophil,LRG1
kidney,Neutrophil,LTF
kidney,Neutrophil,LY6G
kidney,Neutrophil,LYST
kidney,Neutrophil,LYZ
kidney,Neutrophil,LYZ1
kidney,Neutrophil,MME
kidney,Neutrophil,MMP8
kidney,Neutrophil,MMP9
kidney,Neutrophil,MPO
kidney,Neutrophil,MRGPRA2B
kidney,Neutrophil,MXD1
kidney,Neutrophil,MYLK
kidney,Neutrophil,NCF1
kidney,Neutrophil,NGP
kidney,Neutrophil,NLRP3
kidney,Neutrophil,NR1I3
kidney,Neutrophil,OAS3
kidney,Neutrophil,OSM
kidney,Neutrophil,PECAM1
kidney,Neutrophil,PILRA
kidney,Neutrophil,PRTN3
kidney,Neutrophil,PSTPIP1
kidney,Neutrophil,PTGS2
kidney,Neutrophil,RETNLG
kidney,Neutrophil,S100A4
kidney,Neutrophil,S100A6
kidney,Neutrophil,S100A8
kidney,Neutrophil,S100A9
kidney,Neutrophil,SELL
kidney,Neutrophil,SERPINB1
kidney,Neutrophil,SLC1A5
kidney,Neutrophil,SNX20
kidney,Neutrophil,SORL1
kidney,Neutrophil,STFA2L1
kidney,Neutrophil,TLR2
kidney,Neutrophil,TREM1
kidney,Neutrophil,TREM3
kidney,Papillary tip epithelial cell,AMBRA1
kidney,Papillary tip epithelial cell,DHRS2
kidney,Papillary tip epithelial cell,EEF1A1
kidney,Papillary tip epithelial cell,EHF
kidney,Papillary tip epithelial cell,GPX2
kidney,Papillary tip epithelial cell,KRT13
kidney,Papillary tip epithelial cell,LCN2
kidney,Papillary tip epithelial cell,RPL41
kidney,Papillary tip epithelial cell,RPLP1
kidney,Papillary tip epithelial cell,S100A6
kidney,Papillary tip epithelial cell,SLPI
kidney,Papillary tip epithelial cell,SPINK1
kidney,Papillary tip epithelial cell,TACSTD2
kidney,Parietal epithelial cell,ALDH1A2
kidney,Parietal epithelial cell,CFH
kidney,Parietal epithelial cell,CLDN1
kidney,Parietal epithelial cell,FAM189A1
kidney,Parietal epithelial cell,FRMD4A
kidney,Parietal epithelial cell,KCNT2
kidney,Parietal epithelial cell,KIRREL3
kidney,Parietal epithelial cell,KLRG2
kidney,Parietal epithelial cell,LINC01435
kidney,Parietal epithelial cell,PAWR
kidney,Parietal epithelial cell,PDE1A
kidney,Parietal epithelial cell,RBFOX1
kidney,Parietal epithelial cell,RHEX
kidney,Parietal epithelial cell,SLC4A11
kidney,Parietal epithelial cell,SYNE1
kidney,Pericyte,ACTA2
kidney,Pericyte,ADGRL3
kidney,Pericyte,CACNA1C
kidney,Pericyte,CARMN
kidney,Pericyte,CCDC102B
kidney,Pericyte,COL25A1
kidney,Pericyte,DLC1
kidney,Pericyte,HS6ST3
kidney,Pericyte,KCNAB1
kidney,Pericyte,LDB3
kidney,Pericyte,LMOD1
kidney,Pericyte,MAP1B
kidney,Pericyte,MCAM
kidney,Pericyte,MYH11
kidney,Pericyte,NTRK3
kidney,Pericyte,PDGFRB
kidney,Pericyte,PDZRN4
kidney,Pericyte,PRKG1
kidney,Pericyte,PRR16
kidney,Pericyte,RGS5
kidney,Peritubular capilary endothelial cell,ADGRL4
kidney,Peritubular capilary endothelial cell,CEACAM1
kidney,Peritubular capilary endothelial cell,EGFL7
kidney,Peritubular capilary endothelial cell,EML1
kidney,Peritubular capilary endothelial cell,FLT1
kidney,Peritubular capilary endothelial cell,GPM6A
kidney,Peritubular capilary endothelial cell,NOSTRIN
kidney,Peritubular capilary endothelial cell,PLVAP
kidney,Peritubular capilary endothelial cell,RAMP3
kidney,Peritubular capilary endothelial cell,TEK
kidney,Plasma cell,AC026202.3
kidney,Plasma cell,AC104699.1
kidney,Plasma cell,AL928768.3
kidney,Plasma cell,BRSK1
kidney,Plasma cell,CD79A
kidney,Plasma cell,CPNE5
kidney,Plasma cell,DERL3
kidney,Plasma cell,ENAM
kidney,Plasma cell,FAM30A
kidney,Plasma cell,FCRL5
kidney,Plasma cell,FKBP11
kidney,Plasma cell,IFNG-AS1
kidney,Plasma cell,IGHA1
kidney,Plasma cell,IGHA2
kidney,Plasma cell,IGHG1
kidney,Plasma cell,IGHG2
kidney,Plasma cell,IGHG3
kidney,Plasma cell,IGHG4
kidney,Plasma cell,IGHGP
kidney,Plasma cell,IGHM
kidney,Plasma cell,IGHV3-23
kidney,Plasma cell,IGHV3-33
kidney,Plasma cell,IGKC
kidney,Plasma cell,IGKV1-12
kidney,Plasma cell,IGKV1-39
kidney,Plasma cell,IGKV3-15
kidney,Plasma cell,IGKV4-1
kidney,Plasma cell,IGLC2
kidney,Plasma cell,IGLC3
kidney,Plasma cell,IGLC4
kidney,Plasma cell,IGLC6
kidney,Plasma cell,IGLC7
kidney,Plasma cell,IGLL1
kidney,Plasma cell,IGLL5
kidney,Plasma cell,IGLV3-1
kidney,Plasma cell,IGLV3-10
kidney,Plasma cell,IL5RA
kidney,Plasma cell,JCHAIN
kidney,Plasma cell,JSRP1
kidney,Plasma cell,KIAA0125
kidney,Plasma cell,KIF19
kidney,Plasma cell,LCN8
kidney,Plasma cell,LINC00582
kidney,Plasma cell,MEI1
kidney,Plasma cell,MNX1-AS1
kidney,Plasma cell,MUC20
kidney,Plasma cell,MZB1
kidney,Plasma cell,PARM1
kidney,Plasma cell,PIM2
kidney,Plasma cell,PKHD1L1
kidney,Plasma cell,PNOC
kidney,Plasma cell,POU2AF1
kidney,Plasma cell,RP11-1070N10.3
kidney,Plasma cell,RP11-126O1.6
kidney,Plasma cell,RP11-16E12.2
kidney,Plasma cell,RP11-290F5.1
kidney,Plasma cell,RP5-887A10.1
kidney,Plasma cell,S100A8
kidney,Plasma cell,S100A9
kidney,Plasma cell,SDC1
kidney,Plasma cell,TAS1R3
kidney,Plasma cell,TENT5C
kidney,Plasma cell,TNFRSF13C
kidney,Plasma cell,TNFRSF17
kidney,Podocyte,ADAMTS13
kidney,Podocyte,ADAMTS19
kidney,Podocyte,ADCY1
kidney,Podocyte,ADM
kidney,Podocyte,AIF1L
kidney,Podocyte,AJUBA
kidney,Podocyte,ANGPTL2
kidney,Podocyte,ARHGAP24
kidney,Podocyte,ARHGEF26
kidney,Podocyte,BCAM
kidney,Podocyte,CD2AP
kidney,Podocyte,CD80
kidney,Podocyte,CDH13
kidney,Podocyte,CDKN1C
kidney,Podocyte,CLIC5
kidney,Podocyte,COL4A3
kidney,Podocyte,COL4A4
kidney,Podocyte,COL4A5
kidney,Podocyte,CORO2B
kidney,Podocyte,CRB2
kidney,Podocyte,CTGF
kidney,Podocyte,CTNNAL1
kidney,Podocyte,DACH1
kidney,Podocyte,DES
kidney,Podocyte,DOCK1
kidney,Podocyte,DOCK5
kidney,Podocyte,DPP4
kidney,Podocyte,EFNB1
kidney,Podocyte,EHD4
kidney,Podocyte,EMC2
kidney,Podocyte,EMC7
kidney,Podocyte,ENPEP
kidney,Podocyte,EPB41L5
kidney,Podocyte,ETF1
kidney,Podocyte,FAT1
kidney,Podocyte,FMN2
kidney,Podocyte,FOXC1
kidney,Podocyte,FOXC2
kidney,Podocyte,FOXD1
kidney,Podocyte,GOLIM4
kidney,Podocyte,GPRC5A
kidney,Podocyte,HSPB8
kidney,Podocyte,ILDR2
kidney,Podocyte,IQGAP2
kidney,Podocyte,ITGA3
kidney,Podocyte,ITGB5
kidney,Podocyte,KANK1
kidney,Podocyte,LAMA3
kidney,Podocyte,LAMB2
kidney,Podocyte,LCN2
kidney,Podocyte,LMX1B
kidney,Podocyte,LOXL2
kidney,Podocyte,LRRC49
kidney,Podocyte,LUC7L2
kidney,Podocyte,MAFB
kidney,Podocyte,MAGI2
kidney,Podocyte,MAPT
kidney,Podocyte,MERTK
kidney,Podocyte,MET
kidney,Podocyte,MYO1D
kidney,Podocyte,MYO1E
kidney,Podocyte,MYOC
kidney,Podocyte,NEBL
kidney,Podocyte,NLRP3
kidney,Podocyte,NPHS1
kidney,Podocyte,NPHS2
kidney,Podocyte,NPR1
kidney,Podocyte,NPR3
kidney,Podocyte,NTNG1
kidney,Podocyte,OPTN
kidney,Podocyte,PARD3B
kidney,Podocyte,PLCE1
kidney,Podocyte,PLEKHH2
kidney,Podocyte,PLOD2
kidney,Podocyte,PODXL
kidney,Podocyte,PROS1
kidney,Podocyte,PTH1R
kidney,Podocyte,PTPRO
kidney,Podocyte,PTPRQ
kidney,Podocyte,QK
kidney,Podocyte,RAB3B
kidney,Podocyte,RHPN1
kidney,Podocyte,SEMA3E
kidney,Podocyte,SEMA3G
kidney,Podocyte,SH2D4A
kidney,Podocyte,SLC2A4
kidney,Podocyte,SRGAP1
kidney,Podocyte,ST6GALNAC3
kidney,Podocyte,SULF1
kidney,Podocyte,SYNPO
kidney,Podocyte,TARID
kidney,Podocyte,TCF21
kidney,Podocyte,TDRD5
kidney,Podocyte,THSD7A
kidney,Podocyte,TNS2
kidney,Podocyte,TOB1
kidney,Podocyte,TRIB2
kidney,Podocyte,VEGFA
kidney,Podocyte,WSB2
kidney,Podocyte,WT1
kidney,Podocyte,ZBTB8A
kidney,Podocyte,ZFP91
kidney,Podocyte,ZNF804A
kidney,Principal cell,1600029D21RIK
kidney,Principal cell,ABTB2
kidney,Principal cell,ACER2
kidney,Principal cell,ADGRG1
kidney,Principal cell,ADH1
kidney,Principal cell,ADH1A
kidney,Principal cell,AI838599
kidney,Principal cell,AIF1L
kidney,Principal cell,AKR1B3
kidney,Principal cell,AKR1C19
kidney,Principal cell,ANK3
kidney,Principal cell,APELA
kidney,Principal cell,AQP2
kidney,Principal cell,AQP3
kidney,Principal cell,AQP4
kidney,Principal cell,ARHGDIB
kidney,Principal cell,ATP1B1
kidney,Principal cell,AVPR2
kidney,Principal cell,BC018473
kidney,Principal cell,BMPR1B
kidney,Principal cell,BTC
kidney,Principal cell,C11ORF80
kidney,Principal cell,CADPS2
kidney,Principal cell,CAV1
kidney,Principal cell,CAV2
kidney,Principal cell,CD24
kidney,Principal cell,CD24A
kidney,Principal cell,CDH16
kidney,Principal cell,CDKL1
kidney,Principal cell,CDO1
kidney,Principal cell,CELSR2
kidney,Principal cell,CHPT1
kidney,Principal cell,CLDN4
kidney,Principal cell,CRYAB
kidney,Principal cell,CTSD
kidney,Principal cell,CYSTM1
kidney,Principal cell,EDARADD
kidney,Principal cell,EDNRB
kidney,Principal cell,ELF5
kidney,Principal cell,EYA4
kidney,Principal cell,FOXQ1
kidney,Principal cell,FSTL1
kidney,Principal cell,FXYD2
kidney,Principal cell,FXYD4
kidney,Principal cell,FZD1
kidney,Principal cell,FZD7
kidney,Principal cell,GATA3
kidney,Principal cell,GJB1
kidney,Principal cell,GM10664
kidney,Principal cell,GPRC5B
kidney,Principal cell,GRIP1
kidney,Principal cell,GSTA3
kidney,Principal cell,GSTT1
kidney,Principal cell,HES1
kidney,Principal cell,HSD11B2
kidney,Principal cell,HSD3B6
kidney,Principal cell,ID2
kidney,Principal cell,ID3
kidney,Principal cell,IFRD1
kidney,Principal cell,IGFBP7
kidney,Principal cell,IVNS1ABP
kidney,Principal cell,KCNE1
kidney,Principal cell,KCNJ1
kidney,Principal cell,KLK1
kidney,Principal cell,KRT18
kidney,Principal cell,KRT7
kidney,Principal cell,KSR2
kidney,Principal cell,L1CAM
kidney,Principal cell,LDHA
kidney,Principal cell,LGALS3
kidney,Principal cell,LINC01482
kidney,Principal cell,MALAT1
kidney,Principal cell,MECOM
kidney,Principal cell,MGST3
kidney,Principal cell,MYH10
kidney,Principal cell,NEAT1
kidney,Principal cell,NPNT
kidney,Principal cell,NR3C2
kidney,Principal cell,NUDT4
kidney,Principal cell,OLFM1
kidney,Principal cell,PAPPA
kidney,Principal cell,PDE4D
kidney,Principal cell,PDZK1IP1
kidney,Principal cell,PELI2
kidney,Principal cell,PHACTR1
kidney,Principal cell,PIK3C2G
kidney,Principal cell,PLET1
kidney,Principal cell,PRKAG2
kidney,Principal cell,PTGER1
kidney,Principal cell,PTGES
kidney,Principal cell,PWRN1
kidney,Principal cell,RANBP3L
kidney,Principal cell,RHCG
kidney,Principal cell,RNF186
kidney,Principal cell,SCG5
kidney,Principal cell,SCNN1A
kidney,Principal cell,SCNN1B
kidney,Principal cell,SCNN1G
kidney,Principal cell,SGK1
kidney,Principal cell,SLC2A9
kidney,Principal cell,SPINK8
kidney,Principal cell,STC1
kidney,Principal cell,TACSTD2
kidney,Principal cell,TBCK
kidney,Principal cell,TBX3
kidney,Principal cell,TMEM178
kidney,Principal cell,TMEM178A
kidney,Principal cell,TMEM229A
kidney,Principal cell,TMEM45B
kidney,Principal cell,TRPM3
kidney,Principal cell,TRPV5
kidney,Principal cell,TSPAN1
kidney,Principal cell,TSPAN8
kidney,Principal cell,TUBB2A
kidney,Principal cell,WFDC2
kidney,Principal cell,ZFP36
kidney,Proximal tubule brush border cell,2010107E04RIK
kidney,Proximal tubule brush border cell,ABHD14B
kidney,Proximal tubule brush border cell,ACAA1B
kidney,Proximal tubule brush border cell,ACADM
kidney,Proximal tubule brush border cell,ACOT13
kidney,Proximal tubule brush border cell,ACY3
kidney,Proximal tubule brush border cell,AI314278
kidney,Proximal tubule brush border cell,AKR1A1
kidney,Proximal tubule brush border cell,AKR1C21
kidney,Proximal tubule brush border cell,ALDH2
kidney,Proximal tubule brush border cell,ALDOB
kidney,Proximal tubule brush border cell,ASS1
kidney,Proximal tubule brush border cell,ATP5A1
kidney,Proximal tubule brush border cell,ATP5C1
kidney,Proximal tubule brush border cell,ATP5D
kidney,Proximal tubule brush border cell,ATP5F1
kidney,Proximal tubule brush border cell,ATP5F1A
kidney,Proximal tubule brush border cell,ATP5F1C
kidney,Proximal tubule brush border cell,ATP5F1D
kidney,Proximal tubule brush border cell,ATP5G1
kidney,Proximal tubule brush border cell,ATP5H
kidney,Proximal tubule brush border cell,ATP5IF1
kidney,Proximal tubule brush border cell,ATP5MC1
kidney,Proximal tubule brush border cell,ATP5MPL
kidney,Proximal tubule brush border cell,ATP5PD
kidney,Proximal tubule brush border cell,ATPIF1
kidney,Proximal tubule brush border cell,BDH2
kidney,Proximal tubule brush border cell,BPHL
kidney,Proximal tubule brush border cell,CALML4
kidney,Proximal tubule brush border cell,CAT
kidney,Proximal tubule brush border cell,CBR1
kidney,Proximal tubule brush border cell,CD63
kidney,Proximal tubule brush border cell,CDA
kidney,Proximal tubule brush border cell,CELA1
kidney,Proximal tubule brush border cell,CHCHD10
kidney,Proximal tubule brush border cell,CISD1
kidney,Proximal tubule brush border cell,COX5A
kidney,Proximal tubule brush border cell,COX7C
kidney,Proximal tubule brush border cell,CRYZ
kidney,Proximal tubule brush border cell,CYB5A
kidney,Proximal tubule brush border cell,DBI
kidney,Proximal tubule brush border cell,DCXR
kidney,Proximal tubule brush border cell,DNAJC12
kidney,Proximal tubule brush border cell,ECH1
kidney,Proximal tubule brush border cell,ETFB
kidney,Proximal tubule brush border cell,FAH
kidney,Proximal tubule brush border cell,FBP1
kidney,Proximal tubule brush border cell,FMO1
kidney,Proximal tubule brush border cell,FTH1
kidney,Proximal tubule brush border cell,FTL1
kidney,Proximal tubule brush border cell,FXYD2
kidney,Proximal tubule brush border cell,GABARAPL1
kidney,Proximal tubule brush border cell,GAPDH
kidney,Proximal tubule brush border cell,GLYAT
kidney,Proximal tubule brush border cell,GPX1
kidney,Proximal tubule brush border cell,GPX3
kidney,Proximal tubule brush border cell,GPX4
kidney,Proximal tubule brush border cell,GSTA2
kidney,Proximal tubule brush border cell,GSTT2
kidney,Proximal tubule brush border cell,GUCA2B
kidney,Proximal tubule brush border cell,HAO2
kidney,Proximal tubule brush border cell,HINT2
kidney,Proximal tubule brush border cell,HIST1H2BC
kidney,Proximal tubule brush border cell,IAH1
kidney,Proximal tubule brush border cell,KEG1
kidney,Proximal tubule brush border cell,KHK
kidney,Proximal tubule brush border cell,LDHB
kidney,Proximal tubule brush border cell,MDH1
kidney,Proximal tubule brush border cell,MIOX
kidney,Proximal tubule brush border cell,MPC2
kidney,Proximal tubule brush border cell,MSRA
kidney,Proximal tubule brush border cell,NDRG1
kidney,Proximal tubule brush border cell,NDUFA5
kidney,Proximal tubule brush border cell,NDUFA6
kidney,Proximal tubule brush border cell,NDUFB6
kidney,Proximal tubule brush border cell,OXCT1
kidney,Proximal tubule brush border cell,PAH
kidney,Proximal tubule brush border cell,PCBD1
kidney,Proximal tubule brush border cell,PCK1
kidney,Proximal tubule brush border cell,PDZK1
kidney,Proximal tubule brush border cell,PDZK1IP1
kidney,Proximal tubule brush border cell,PECR
kidney,Proximal tubule brush border cell,PHYH
kidney,Proximal tubule brush border cell,PLSCR2
kidney,Proximal tubule brush border cell,PRDX1
kidney,Proximal tubule brush border cell,PRDX5
kidney,Proximal tubule brush border cell,PTER
kidney,Proximal tubule brush border cell,QDPR
kidney,Proximal tubule brush border cell,RDH16F2
kidney,Proximal tubule brush border cell,RIDA
kidney,Proximal tubule brush border cell,SCP2
kidney,Proximal tubule brush border cell,SDHC
kidney,Proximal tubule brush border cell,SELENBP1
kidney,Proximal tubule brush border cell,SLC25A3
kidney,Proximal tubule brush border cell,SLC25A5
kidney,Proximal tubule brush border cell,SLC34A1
kidney,Proximal tubule brush border cell,SORD
kidney,Proximal tubule brush border cell,SPINK1
kidney,Proximal tubule brush border cell,SUCLG1
kidney,Proximal tubule brush border cell,SULT1D1
kidney,Proximal tubule brush border cell,SULT1D1P
kidney,Proximal tubule brush border cell,TMEM27
kidney,Proximal tubule brush border cell,TTC36
kidney,Proximal tubule brush border cell,UQCR10
kidney,Proximal tubule brush border cell,UQCRB
kidney,Proximal tubule brush border cell,UQCRFS1
kidney,Proximal tubule brush border cell,UQCRH
kidney,Proximal tubule brush border cell,USMG5
kidney,Proximal tubule cell,4833439L19RIK
kidney,Proximal tubule cell,ABCC2
kidney,Proximal tubule cell,AGXT2
kidney,Proximal tubule cell,AK4
kidney,Proximal tubule cell,ALPL
kidney,Proximal tubule cell,AOAH
kidney,Proximal tubule cell,APOE
kidney,Proximal tubule cell,AQP1
kidney,Proximal tubule cell,ASL
kidney,Proximal tubule cell,ASS1
kidney,Proximal tubule cell,CACNG5
kidney,Proximal tubule cell,CDKN3
kidney,Proximal tubule cell,CLDN2
kidney,Proximal tubule cell,CRYL1
kidney,Proximal tubule cell,CYP2E1
kidney,Proximal tubule cell,DPP4
kidney,Proximal tubule cell,ECI3
kidney,Proximal tubule cell,ENPEP
kidney,Proximal tubule cell,FAH
kidney,Proximal tubule cell,FBP1
kidney,Proximal tubule cell,FOLR1
kidney,Proximal tubule cell,FUT9
kidney,Proximal tubule cell,G6PC
kidney,Proximal tubule cell,G6PC1
kidney,Proximal tubule cell,GC
kidney,Proximal tubule cell,GCDH
kidney,Proximal tubule cell,GHR
kidney,Proximal tubule cell,GLYAT
kidney,Proximal tubule cell,GNG13
kidney,Proximal tubule cell,GSTA2
kidney,Proximal tubule cell,GSTZ1
kidney,Proximal tubule cell,HAAO
kidney,Proximal tubule cell,HGD
kidney,Proximal tubule cell,HNF4A
kidney,Proximal tubule cell,HSD11B1
kidney,Proximal tubule cell,KAP
kidney,Proximal tubule cell,KEG1
kidney,Proximal tubule cell,KHK
kidney,Proximal tubule cell,LRP2
kidney,Proximal tubule cell,MIOX
kidney,Proximal tubule cell,NAPSA
kidney,Proximal tubule cell,NME4
kidney,Proximal tubule cell,NOX4
kidney,Proximal tubule cell,OSGIN1
kidney,Proximal tubule cell,PCK1
kidney,Proximal tubule cell,PDZK1
kidney,Proximal tubule cell,PKHD1
kidney,Proximal tubule cell,PPIC
kidney,Proximal tubule cell,RBP4
kidney,Proximal tubule cell,SCIN
kidney,Proximal tubule cell,SERPINF2
kidney,Proximal tubule cell,SLC13A1
kidney,Proximal tubule cell,SLC13A3
kidney,Proximal tubule cell,SLC16A9
kidney,Proximal tubule cell,SLC17A1
kidney,Proximal tubule cell,SLC17A3
kidney,Proximal tubule cell,SLC22A1
kidney,Proximal tubule cell,SLC22A12
kidney,Proximal tubule cell,SLC22A13
kidney,Proximal tubule cell,SLC22A19
kidney,Proximal tubule cell,SLC22A6
kidney,Proximal tubule cell,SLC22A7
kidney,Proximal tubule cell,SLC22A8
kidney,Proximal tubule cell,SLC23A3
kidney,Proximal tubule cell,SLC34A1
kidney,Proximal tubule cell,SLC36A2
kidney,Proximal tubule cell,SLC47A1
kidney,Proximal tubule cell,SLC4A4
kidney,Proximal tubule cell,SLC5A1
kidney,Proximal tubule cell,SLC5A12
kidney,Proximal tubule cell,SLC5A2
kidney,Proximal tubule cell,SLC5A8
kidney,Proximal tubule cell,SLC6A18
kidney,Proximal tubule cell,SLC6A19
kidney,Proximal tubule cell,SLC6A20B
kidney,Proximal tubule cell,SLC7A13
kidney,Proximal tubule cell,SLC9A8
kidney,Proximal tubule cell,SLCO1A6
kidney,Proximal tubule cell,SOD3
kidney,Proximal tubule cell,SORD
kidney,Proximal tubule cell,TFF3
kidney,Proximal tubule cell,TGFBI
kidney,Proximal tubule cell,TMEM106A
kidney,Proximal tubule cell,TMEM27
kidney,Proximal tubule cell,TTC36
kidney,Proximal tubule cell,UPB1
kidney,Proximal tubule epithelial cell,ACMSD
kidney,Proximal tubule epithelial cell,ACSM2A
kidney,Proximal tubule epithelial cell,ACSM2B
kidney,Proximal tubule epithelial cell,AFM
kidney,Proximal tubule epithelial cell,AGXT2
kidney,Proximal tubule epithelial cell,CDH9
kidney,Proximal tubule epithelial cell,CLDN10
kidney,Proximal tubule epithelial cell,CRYL1
kidney,Proximal tubule epithelial cell,CUBN
kidney,Proximal tubule epithelial cell,DPYS
kidney,Proximal tubule epithelial cell,ERRFI1
kidney,Proximal tubule epithelial cell,LINC00671
kidney,Proximal tubule epithelial cell,LINC01020
kidney,Proximal tubule epithelial cell,LINC02027
kidney,Proximal tubule epithelial cell,PAH
kidney,Proximal tubule epithelial cell,PLG
kidney,Proximal tubule epithelial cell,RAB11FIP3
kidney,Proximal tubule epithelial cell,SLC13A1
kidney,Proximal tubule epithelial cell,SLC13A3
kidney,Proximal tubule epithelial cell,SLC17A1
kidney,Proximal tubule epithelial cell,SLC28A1
kidney,Proximal tubule epithelial cell,SLC2A9
kidney,Proximal tubule epithelial cell,SLC34A1
kidney,Proximal tubule epithelial cell,SLC36A2
kidney,Proximal tubule epithelial cell,SLC5A12
kidney,Proximal tubule epithelial cell,SLC6A13
kidney,Proximal tubule epithelial cell,SMIM2-AS1
kidney,Proximal tubule epithelial cell,SUGCT
kidney,Proximal tubule epithelial cell,TINAG
kidney,Renal alpha-intercalated cell,ATP6V0D2
kidney,Renal alpha-intercalated cell,ATP6V1C2
kidney,Renal alpha-intercalated cell,CLNK
kidney,Renal alpha-intercalated cell,GALNT17
kidney,Renal alpha-intercalated cell,KIT
kidney,Renal alpha-intercalated cell,PACRG
kidney,Renal alpha-intercalated cell,PDE1C
kidney,Renal alpha-intercalated cell,PTGER3
kidney,Renal alpha-intercalated cell,RHCG
kidney,Renal alpha-intercalated cell,SLC26A7
kidney,Schwann cell,ADGRB3
kidney,Schwann cell,CADM2
kidney,Schwann cell,CDH19
kidney,Schwann cell,CYP27C1
kidney,Schwann cell,EPB41L2
kidney,Schwann cell,GINS3
kidney,Schwann cell,KIRREL3
kidney,Schwann cell,NCAM1
kidney,Schwann cell,NRXN1
kidney,Schwann cell,PRIMA1
kidney,Schwann cell,SCN7A
kidney,Schwann cell,STARD13
kidney,Schwann cell,ZNF536
kidney,T cell,BCL11B
kidney,T cell,CAMK4
kidney,T cell,CD247
kidney,T cell,CD28
kidney,T cell,CD3
kidney,T cell,CD3D
kidney,T cell,CD3E
kidney,T cell,CD3G
kidney,T cell,CD96
kidney,T cell,CXCR6
kidney,T cell,FAM189B
kidney,T cell,GIMAP3
kidney,T cell,GIMAP3P
kidney,T cell,GM10260
kidney,T cell,IL7R
kidney,T cell,ITK
kidney,T cell,LEF1
kidney,T cell,LINC01934
kidney,T cell,LTB
kidney,T cell,RAPGEF6
kidney,T cell,RASGRP1
kidney,T cell,RHOH
kidney,T cell,RPL12
kidney,T cell,RPLP1
kidney,T cell,RPS16
kidney,T cell,RPS18-PS6
kidney,T cell,RPS23
kidney,T cell,RPS4X
kidney,T cell,SATB1
kidney,T cell,SLFN12L
kidney,T cell,SOCS2
kidney,T cell,THEMIS
kidney,T cell,TMSB10
kidney,T cell,TPT1
liver,B cell,B3GAT1
liver,B cell,BACH2
liver,B cell,BANK1
liver,B cell,BCL11A
liver,B cell,BIRC3
liver,B cell,BLNK
liver,B cell,BST1
liver,B cell,BTLA
liver,B cell,CCR7
liver,B cell,CD14
liver,B cell,CD19
liver,B cell,CD2
liver,B cell,CD20
liver,B cell,CD22
liver,B cell,CD24
liver,B cell,CD27
liver,B cell,CD37
liver,B cell,CD38
liver,B cell,CD40
liver,B cell,CD5
liver,B cell,CD52
liver,B cell,CD55
liver,B cell,CD69
liver,B cell,CD70
liver,B cell,CD72
liver,B cell,CD74
liver,B cell,CD79A
liver,B cell,CD79B
liver,B cell,CD80
liver,B cell,CD86
liver,B cell,CMAH
liver,B cell,CMAHP
liver,B cell,CR2
liver,B cell,CRELD2
liver,B cell,CXCR4
liver,B cell,DERL3
liver,B cell,DNTT
liver,B cell,DOK3
liver,B cell,EAF2
liver,B cell,EBF1
liver,B cell,EDEM1
liver,B cell,EDEM2
liver,B cell,FAM129C
liver,B cell,FAM46C
liver,B cell,FCER2
liver,B cell,FCER2A
liver,B cell,FCHSD2
liver,B cell,FCMR
liver,B cell,FCRL1
liver,B cell,FCRL2
liver,B cell,FCRLA
liver,B cell,FCRLB
liver,B cell,FKBP11
liver,B cell,FLI1
liver,B cell,H2-DMB2
liver,B cell,H2-OA
liver,B cell,H2-OB
liver,B cell,HLA-DQA1
liver,B cell,HLA-DRA
liver,B cell,HMGA1
liver,B cell,HVCN1
liver,B cell,IFIT3
liver,B cell,IGHA
liver,B cell,IGHD
liver,B cell,IGHG1
liver,B cell,IGHG3
liver,B cell,IGHG4
liver,B cell,IGHM
liver,B cell,IGKC
liver,B cell,IGLC1
liver,B cell,IGLC2
liver,B cell,IGLC3
liver,B cell,IGLL1
liver,B cell,IGLV1
liver,B cell,IL21R
liver,B cell,JCHAIN
liver,B cell,KLHL6
liver,B cell,LAIR1
liver,B cell,LRMP
liver,B cell,LTB
liver,B cell,LY6D
liver,B cell,MME
liver,B cell,MS4A1
liver,B cell,MSH5
liver,B cell,MUM1
liver,B cell,MZB1
liver,B cell,PAX5
liver,B cell,PDCD1
liver,B cell,POLD4
liver,B cell,POU2AF1
liver,B cell,PTPRC
liver,B cell,PXK
liver,B cell,RALGPS2
liver,B cell,RASGRP3
liver,B cell,SCD1
liver,B cell,SDC1
liver,B cell,SEC61A1
liver,B cell,SEMA6D
liver,B cell,SIGLECG
liver,B cell,SLAMF6
liver,B cell,SMAP2
liver,B cell,SPCS3
liver,B cell,SPIB
liver,B cell,SPN
liver,B cell,SWAP70
liver,B cell,TLR9
liver,B cell,TNFRSF13B
liver,B cell,TNFRSF13C
liver,B cell,TNFRSF17
liver,B cell,TNFRSF9
liver,B cell,TNFSF4
liver,B cell,TRP53INP1
liver,B cell,TXNDC11
liver,B cell,VPREB1
liver,B cell,VPREB2
liver,B cell,VPREB3
liver,Cholangiocyte,AGR2
liver,Cholangiocyte,ALB
liver,Cholangiocyte,ALPL
liver,Cholangiocyte,AQP1
liver,Cholangiocyte,AQP4
liver,Cholangiocyte,CCKBR
liver,Cholangiocyte,CD24
liver,Cholangiocyte,CFTR
liver,Cholangiocyte,CLDN4
liver,Cholangiocyte,CXCL1
liver,Cholangiocyte,CXCL5
liver,Cholangiocyte,CXCL6
liver,Cholangiocyte,DEFB1
liver,Cholangiocyte,ELF3
liver,Cholangiocyte,EPCAM
liver,Cholangiocyte,FXYD2
liver,Cholangiocyte,GGT1
liver,Cholangiocyte,GGT6
liver,Cholangiocyte,GGT7
liver,Cholangiocyte,GPBAR1
liver,Cholangiocyte,HNF1B
liver,Cholangiocyte,ITGB4
liver,Cholangiocyte,JAG1
liver,Cholangiocyte,KCNN2
liver,Cholangiocyte,KRT19
liver,Cholangiocyte,KRT7
liver,Cholangiocyte,LCN2
liver,Cholangiocyte,LGALS2
liver,Cholangiocyte,LGALS4
liver,Cholangiocyte,MMP7
liver,Cholangiocyte,MUC3
liver,Cholangiocyte,MUC3A
liver,Cholangiocyte,MUC5B
liver,Cholangiocyte,ONECUT2
liver,Cholangiocyte,PIGR
liver,Cholangiocyte,SCGB3A1
liver,Cholangiocyte,SCTR
liver,Cholangiocyte,SLC4A2
liver,Cholangiocyte,SOX9
liver,Cholangiocyte,SPP1
liver,Cholangiocyte,SSTR2
liver,Cholangiocyte,TACSTD2
liver,Cholangiocyte,TFF1
liver,Cholangiocyte,TFF2
liver,Cholangiocyte,TFF3
liver,Dendritic cell,CD11C
liver,Dendritic cell,CD123
liver,Dendritic cell,CD14
liver,Dendritic cell,CD52
liver,Dendritic cell,CD68
liver,Dendritic cell,CD74
liver,Dendritic cell,CD80
liver,Dendritic cell,CD83
liver,Dendritic cell,H2-AA
liver,Dendritic cell,H2-AB1
liver,Dendritic cell,H2-EB1
liver,Dendritic cell,HLA-DR
liver,Dendritic cell,IL3RA
liver,Dendritic cell,ITGAX
liver,Dendritic cell,PSMB8
liver,Dendritic cell,TYROBP
liver,Dendritic cell,UCP2
liver,Endothelial cell,ADGRF5
liver,Endothelial cell,APPBP2
liver,Endothelial cell,ARGLU1
liver,Endothelial cell,ATP10D
liver,Endothelial cell,BMP2
liver,Endothelial cell,BNIP1
liver,Endothelial cell,BST2
liver,Endothelial cell,BTNL9
liver,Endothelial cell,C11ORF96
liver,Endothelial cell,C1QTNF1
liver,Endothelial cell,C3ORF58
liver,Endothelial cell,CCDC85B
liver,Endothelial cell,CCL14
liver,Endothelial cell,CD105
liver,Endothelial cell,CD146
liver,Endothelial cell,CD31
liver,Endothelial cell,CD32B
liver,Endothelial cell,CD34
liver,Endothelial cell,CD4
liver,Endothelial cell,CD45
liver,Endothelial cell,CD71
liver,Endothelial cell,CDC73
liver,Endothelial cell,CDKL1
liver,Endothelial cell,CHD4
liver,Endothelial cell,CLEC1B
liver,Endothelial cell,CLEC2B
liver,Endothelial cell,CLEC4G
liver,Endothelial cell,CLEC4M
liver,Endothelial cell,CRBN
liver,Endothelial cell,CRHBP
liver,Endothelial cell,CTSL
liver,Endothelial cell,DCLRE1C
liver,Endothelial cell,DIPK2A
liver,Endothelial cell,DLC1
liver,Endothelial cell,DLG1
liver,Endothelial cell,DLK1
liver,Endothelial cell,DNASE1L3
liver,Endothelial cell,DOCK1
liver,Endothelial cell,DPP4
liver,Endothelial cell,DUSP5
liver,Endothelial cell,EFNB2
liver,Endothelial cell,ENG
liver,Endothelial cell,F8
liver,Endothelial cell,FCGR2B
liver,Endothelial cell,FCN2
liver,Endothelial cell,FCN3
liver,Endothelial cell,FILIP1
liver,Endothelial cell,FLK1
liver,Endothelial cell,FOSB
liver,Endothelial cell,FXYD6
liver,Endothelial cell,GBP4
liver,Endothelial cell,GGA2
liver,Endothelial cell,GNG11
liver,Endothelial cell,GPR116
liver,Endothelial cell,HARE
liver,Endothelial cell,HES1
liver,Endothelial cell,HYI
liver,Endothelial cell,IL1A
liver,Endothelial cell,IL1R1
liver,Endothelial cell,IL33
liver,Endothelial cell,KDR
liver,Endothelial cell,KIF1B
liver,Endothelial cell,KLHL28
liver,Endothelial cell,LDB2
liver,Endothelial cell,LYVE-1
liver,Endothelial cell,LYVE1
liver,Endothelial cell,MCAM
liver,Endothelial cell,MCM3AP
liver,Endothelial cell,MEF2C
liver,Endothelial cell,MFN1
liver,Endothelial cell,MGAT5
liver,Endothelial cell,MMRN2
liver,Endothelial cell,MPZL3
liver,Endothelial cell,MRC1
liver,Endothelial cell,MYF6
liver,Endothelial cell,OIT3
liver,Endothelial cell,PCDH12
liver,Endothelial cell,PECAM1
liver,Endothelial cell,PIK3C2A
liver,Endothelial cell,PLPP3
liver,Endothelial cell,PPAP2B
liver,Endothelial cell,PPWD1
liver,Endothelial cell,PTPRC
liver,Endothelial cell,RASGEF1B
liver,Endothelial cell,RASGRP3
liver,Endothelial cell,RELN
liver,Endothelial cell,RIN2
liver,Endothelial cell,SECISBP2L
liver,Endothelial cell,STAB1
liver,Endothelial cell,STAB2
liver,Endothelial cell,STRN3
liver,Endothelial cell,TCF12
liver,Endothelial cell,TER119
liver,Endothelial cell,TEX264
liver,Endothelial cell,TFRC
liver,Endothelial cell,TRAPPC11
liver,Endothelial cell,TSPAN7
liver,Endothelial cell,USHBP1
liver,Endothelial cell,USP48
liver,Endothelial cell,VWF
liver,Endothelial cell,ZNF286B
liver,Epithelial cell,ACTG1
liver,Epithelial cell,AMBP
liver,Epithelial cell,ANXA2
liver,Epithelial cell,C4BP
liver,Epithelial cell,C4BP-PS1
liver,Epithelial cell,C4BPA
liver,Epithelial cell,C4BPB
liver,Epithelial cell,CA2
liver,Epithelial cell,CAR2
liver,Epithelial cell,CD24
liver,Epithelial cell,CD24A
liver,Epithelial cell,CD63
liver,Epithelial cell,CHCHD10
liver,Epithelial cell,CKMT1
liver,Epithelial cell,CKMT1A
liver,Epithelial cell,CKMT1B
liver,Epithelial cell,CLDN7
liver,Epithelial cell,CLU
liver,Epithelial cell,CP
liver,Epithelial cell,CXCL5
liver,Epithelial cell,DMBT1
liver,Epithelial cell,F3
liver,Epithelial cell,GAS6
liver,Epithelial cell,GSTA4
liver,Epithelial cell,GSTO1
liver,Epithelial cell,HBEGF
liver,Epithelial cell,HES1
liver,Epithelial cell,IL1RN
liver,Epithelial cell,KRT18
liver,Epithelial cell,KRT19
liver,Epithelial cell,KRT8
liver,Epithelial cell,LCN2
liver,Epithelial cell,LGALS3
liver,Epithelial cell,LGALS4
liver,Epithelial cell,LY6D
liver,Epithelial cell,MGST1
liver,Epithelial cell,MMP7
liver,Epithelial cell,MUC1
liver,Epithelial cell,PDZK1IP1
liver,Epithelial cell,PLET1
liver,Epithelial cell,S100A11
liver,Epithelial cell,S100A6
liver,Epithelial cell,S100G
liver,Epithelial cell,SFN
liver,Epithelial cell,SPP1
liver,Epithelial cell,SPRR1A
liver,Epithelial cell,SULT1A1
liver,Epithelial cell,TM4SF4
liver,Epithelial cell,TNFRSF12A
liver,Epithelial cell,WFDC2
liver,Hematopoietic cell,CD109
liver,Hematopoietic cell,CD34
liver,Hematopoietic cell,CD45
liver,Hematopoietic cell,CD71
liver,Hematopoietic cell,PTPRC
liver,Hematopoietic cell,TER119
liver,Hematopoietic cell,TFRC
liver,Hepatoblast,AFP
liver,Hepatoblast,ALB
liver,Hepatoblast,ALBUMIN
liver,Hepatoblast,CD45
liver,Hepatoblast,CD71
liver,Hepatoblast,CDH1
liver,Hepatoblast,CEBPA
liver,Hepatoblast,DLK1
liver,Hepatoblast,FOXM1
liver,Hepatoblast,GGT1
liver,Hepatoblast,HHEX
liver,Hepatoblast,HNF1B
liver,Hepatoblast,HNF4A
liver,Hepatoblast,KRT14
liver,Hepatoblast,KRT18
liver,Hepatoblast,KRT8
liver,Hepatoblast,MAP2K4
liver,Hepatoblast,MET
liver,Hepatoblast,PDGFR-ALPHA
liver,Hepatoblast,PDGFRA
liver,Hepatoblast,PROX1
liver,Hepatoblast,PTPRC
liver,Hepatoblast,SMAD5
liver,Hepatoblast,TER119
liver,Hepatoblast,TFRC
liver,Hepatocyte,A1CF
liver,Hepatocyte,ABCC3
liver,Hepatocyte,ABCD3
liver,Hepatocyte,ACADM
liver,Hepatocyte,ACAT2
liver,Hepatocyte,ACLY
liver,Hepatocyte,ACSS2
liver,Hepatocyte,AFP
liver,Hepatocyte,AHR
liver,Hepatocyte,AKR1C1
liver,Hepatocyte,AKR1C6
liver,Hepatocyte,ALB
liver,Hepatocyte,ALDH6A1
liver,Hepatocyte,AMBP
liver,Hepatocyte,ANG
liver,Hepatocyte,ANXA13
liver,Hepatocyte,APOA1
liver,Hepatocyte,APOA2
liver,Hepatocyte,APOA5
liver,Hepatocyte,APOB
liver,Hepatocyte,APOC3
liver,Hepatocyte,APOH
liver,Hepatocyte,APOM
liver,Hepatocyte,AQP3
liver,Hepatocyte,AQP9
liver,Hepatocyte,AR
liver,Hepatocyte,ARG1
liver,Hepatocyte,ASGR1
liver,Hepatocyte,ASL
liver,Hepatocyte,ASS1
liver,Hepatocyte,ATIC
liver,Hepatocyte,ATP7B
liver,Hepatocyte,AZGP1
liver,Hepatocyte,BCHE
liver,Hepatocyte,BNIP3
liver,Hepatocyte,C1ORF53
liver,Hepatocyte,C4B
liver,Hepatocyte,CDH1
liver,Hepatocyte,CEBPA
liver,Hepatocyte,CP
liver,Hepatocyte,CPS1
liver,Hepatocyte,CRP
liver,Hepatocyte,CTNNB1
liver,Hepatocyte,CYP1A1
liver,Hepatocyte,CYP1A2
liver,Hepatocyte,CYP2A6
liver,Hepatocyte,CYP2A7
liver,Hepatocyte,CYP2B6
liver,Hepatocyte,CYP2C19
liver,Hepatocyte,CYP2C8
liver,Hepatocyte,CYP2C9
liver,Hepatocyte,CYP2D6
liver,Hepatocyte,CYP2E1
liver,Hepatocyte,CYP2F2
liver,Hepatocyte,CYP3A4
liver,Hepatocyte,CYP3A7
liver,Hepatocyte,CYP7A1
liver,Hepatocyte,DEFB1
liver,Hepatocyte,EID2
liver,Hepatocyte,ENTPD5
liver,Hepatocyte,EPB41L4B
liver,Hepatocyte,EPPK1
liver,Hepatocyte,FC
liver,Hepatocyte,FGA
liver,Hepatocyte,FGB
liver,Hepatocyte,FGFR4
liver,Hepatocyte,FGG
liver,Hepatocyte,FGL1
liver,Hepatocyte,FOSL1
liver,Hepatocyte,FOXA1
liver,Hepatocyte,FOXA2
liver,Hepatocyte,FOXA3
liver,Hepatocyte,FST
liver,Hepatocyte,G0S2
liver,Hepatocyte,G6PC
liver,Hepatocyte,G6PC1
liver,Hepatocyte,GC
liver,Hepatocyte,GCK
liver,Hepatocyte,GHR
liver,Hepatocyte,GJB2
liver,Hepatocyte,GLS2
liver,Hepatocyte,GLUL
liver,Hepatocyte,GOLT1A
liver,Hepatocyte,GPAT4
liver,Hepatocyte,GPC3
liver,Hepatocyte,GRB14
liver,Hepatocyte,GRP
liver,Hepatocyte,GSTA2
liver,Hepatocyte,GULO
liver,Hepatocyte,GULOP
liver,Hepatocyte,HAL
liver,Hepatocyte,HAMP
liver,Hepatocyte,HHEX
liver,Hepatocyte,HMGCS1
liver,Hepatocyte,HNF4A
liver,Hepatocyte,HPR
liver,Hepatocyte,HSD11B1
liver,Hepatocyte,KIF13B
liver,Hepatocyte,LEPR
liver,Hepatocyte,LIPC
liver,Hepatocyte,LRP5
liver,Hepatocyte,MASP2
liver,Hepatocyte,MCC
liver,Hepatocyte,MRPS18C
liver,Hepatocyte,MSMO1
liver,Hepatocyte,MUP3
liver,Hepatocyte,NNT
liver,Hepatocyte,NOS2
liver,Hepatocyte,NR1I3
liver,Hepatocyte,OCIAD1
liver,Hepatocyte,ORM1
liver,Hepatocyte,OTC
liver,Hepatocyte,PAH
liver,Hepatocyte,PCK1
liver,Hepatocyte,PHLDA1
liver,Hepatocyte,PLIN1
liver,Hepatocyte,PLSCR1
liver,Hepatocyte,PON3
liver,Hepatocyte,PROX1
liver,Hepatocyte,PRRG4
liver,Hepatocyte,RCAN1
liver,Hepatocyte,RHOB
liver,Hepatocyte,RND3
liver,Hepatocyte,RPP25L
liver,Hepatocyte,SAA4
liver,Hepatocyte,SAMD5
liver,Hepatocyte,SAT2
liver,Hepatocyte,SCD
liver,Hepatocyte,SCD1
liver,Hepatocyte,SDC2
liver,Hepatocyte,SEC16B
liver,Hepatocyte,SERPI1
liver,Hepatocyte,SERPI1C
liver,Hepatocyte,SERPI6
liver,Hepatocyte,SERPINH1
liver,Hepatocyte,SFRP5
liver,Hepatocyte,SLBP
liver,Hepatocyte,SLC10A1
liver,Hepatocyte,SLC2A2
liver,Hepatocyte,SLPI
liver,Hepatocyte,SPTBN1
liver,Hepatocyte,SULT1A1
liver,Hepatocyte,TAT
liver,Hepatocyte,TFR2
liver,Hepatocyte,TKFC
liver,Hepatocyte,TM4SF4
liver,Hepatocyte,TM4SF5
liver,Hepatocyte,TM7SF2
liver,Hepatocyte,TMEM97
liver,Hepatocyte,TP53INP2
liver,Hepatocyte,TRP53INP2
liver,Hepatocyte,TTC36
liver,Hepatocyte,TTR
liver,Hepatocyte,UCP2
liver,Hepatocyte,UGT1A1
liver,Hepatocyte,VDR
liver,Hepatocyte,WT1
liver,Hepatocyte,WTAP
liver,Hepatocyte,ZHX2
liver,Kupffer cell,ADGRE1
liver,Kupffer cell,ADGRE4
liver,Kupffer cell,C1QA
liver,Kupffer cell,C1QB
liver,Kupffer cell,C1QC
liver,Kupffer cell,CCR5
liver,Kupffer cell,CD11B
liver,Kupffer cell,CD14
liver,Kupffer cell,CD163
liver,Kupffer cell,CD18
liver,Kupffer cell,CD32
liver,Kupffer cell,CD38
liver,Kupffer cell,CD52
liver,Kupffer cell,CD5L
liver,Kupffer cell,CD68
liver,Kupffer cell,CFP
liver,Kupffer cell,CHIT1
liver,Kupffer cell,CLEC1B
liver,Kupffer cell,CLEC4E
liver,Kupffer cell,CLEC4F
liver,Kupffer cell,CLEC4G
liver,Kupffer cell,CSF1R
liver,Kupffer cell,CTSB
liver,Kupffer cell,CXCL2
liver,Kupffer cell,DNASE1L3
liver,Kupffer cell,EAR2
liver,Kupffer cell,F4/80
liver,Kupffer cell,FCER1G
liver,Kupffer cell,FCGR2A
liver,Kupffer cell,FCGR2B
liver,Kupffer cell,FCGR2C
liver,Kupffer cell,FCNA
liver,Kupffer cell,FOLR2
liver,Kupffer cell,FTL
liver,Kupffer cell,FTL1
liver,Kupffer cell,FTL2-PS
liver,Kupffer cell,G6PD
liver,Kupffer cell,G6PDX
liver,Kupffer cell,GNGT2
liver,Kupffer cell,GPIHBP1
liver,Kupffer cell,GRN
liver,Kupffer cell,HFE
liver,Kupffer cell,HMOX1
liver,Kupffer cell,IFI211
liver,Kupffer cell,IL1B
liver,Kupffer cell,IRF7
liver,Kupffer cell,ITGAM
liver,Kupffer cell,ITGB2
liver,Kupffer cell,LAMP1
liver,Kupffer cell,LGALS3
liver,Kupffer cell,LYZ
liver,Kupffer cell,LYZ1
liver,Kupffer cell,LYZ2
liver,Kupffer cell,MARCO
liver,Kupffer cell,MMP13
liver,Kupffer cell,MNDA
liver,Kupffer cell,MPO
liver,Kupffer cell,MSR1
liver,Kupffer cell,NR2F6
liver,Kupffer cell,OSM
liver,Kupffer cell,PLTP
liver,Kupffer cell,PPARA
liver,Kupffer cell,PPARD
liver,Kupffer cell,PROK2
liver,Kupffer cell,SIGLECF
liver,Kupffer cell,SLC11A1
liver,Kupffer cell,SLC15A3
liver,Kupffer cell,SLC40A1
liver,Kupffer cell,SPIC
liver,Kupffer cell,STARD5
liver,Kupffer cell,TIMD4
liver,Kupffer cell,TLR4
liver,Kupffer cell,TLR9
liver,Kupffer cell,TNF
liver,Kupffer cell,TREM1
liver,Kupffer cell,TYROBP
liver,Kupffer cell,VDR
liver,Kupffer cell,VSIG4
liver,Kupffer cell,WFDC17
liver,Liver bud hepatic cell,ABHD14B
liver,Liver bud hepatic cell,ABLIM3
liver,Liver bud hepatic cell,ACSL1
liver,Liver bud hepatic cell,AHSP
liver,Liver bud hepatic cell,AIMP2
liver,Liver bud hepatic cell,AK2
liver,Liver bud hepatic cell,AKR1C1
liver,Liver bud hepatic cell,AKR1C2
liver,Liver bud hepatic cell,AKR1C6
liver,Liver bud hepatic cell,ALAS2
liver,Liver bud hepatic cell,ALB
liver,Liver bud hepatic cell,ALG8
liver,Liver bud hepatic cell,AMBP
liver,Liver bud hepatic cell,APOH
liver,Liver bud hepatic cell,APOL1
liver,Liver bud hepatic cell,ASNSD1
liver,Liver bud hepatic cell,AZGP1
liver,Liver bud hepatic cell,BHMT2
liver,Liver bud hepatic cell,BID
liver,Liver bud hepatic cell,C19ORF33
liver,Liver bud hepatic cell,C1R
liver,Liver bud hepatic cell,C1S
liver,Liver bud hepatic cell,C1S1
liver,Liver bud hepatic cell,CARHSP1
liver,Liver bud hepatic cell,CASP7
liver,Liver bud hepatic cell,CCL20
liver,Liver bud hepatic cell,CD47
liver,Liver bud hepatic cell,CD58
liver,Liver bud hepatic cell,CDC37L1
liver,Liver bud hepatic cell,CFH
liver,Liver bud hepatic cell,CFHR1
liver,Liver bud hepatic cell,CHCHD2
liver,Liver bud hepatic cell,CKLF
liver,Liver bud hepatic cell,CLDN1
liver,Liver bud hepatic cell,CPB2
liver,Liver bud hepatic cell,CPM
liver,Liver bud hepatic cell,CPNE8
liver,Liver bud hepatic cell,CSRP1
liver,Liver bud hepatic cell,CYP2J2
liver,Liver bud hepatic cell,CYP3A7
liver,Liver bud hepatic cell,CYP4V2
liver,Liver bud hepatic cell,DDX21
liver,Liver bud hepatic cell,DIAPH2
liver,Liver bud hepatic cell,DNAJC12
liver,Liver bud hepatic cell,DPM3
liver,Liver bud hepatic cell,DUSP23
liver,Liver bud hepatic cell,ECT2
liver,Liver bud hepatic cell,EFHD2
liver,Liver bud hepatic cell,EIF1AY
liver,Liver bud hepatic cell,ELOVL5
liver,Liver bud hepatic cell,EMP2
liver,Liver bud hepatic cell,EMP3
liver,Liver bud hepatic cell,ENPP1
liver,Liver bud hepatic cell,ERICH5
liver,Liver bud hepatic cell,ESF1
liver,Liver bud hepatic cell,EVA1A
liver,Liver bud hepatic cell,F5
liver,Liver bud hepatic cell,FAM216A
liver,Liver bud hepatic cell,FARSB
liver,Liver bud hepatic cell,FILIP1L
liver,Liver bud hepatic cell,FKBP4
liver,Liver bud hepatic cell,FKBP5
liver,Liver bud hepatic cell,FSTL3
liver,Liver bud hepatic cell,FTH1
liver,Liver bud hepatic cell,FXYD1
liver,Liver bud hepatic cell,FXYD2
liver,Liver bud hepatic cell,GAL
liver,Liver bud hepatic cell,GBP1
liver,Liver bud hepatic cell,GBP2B
liver,Liver bud hepatic cell,GC
liver,Liver bud hepatic cell,GLIPR1
liver,Liver bud hepatic cell,GLRX2
liver,Liver bud hepatic cell,GMNN
liver,Liver bud hepatic cell,GNAI1
liver,Liver bud hepatic cell,GPX7
liver,Liver bud hepatic cell,GTF3A
liver,Liver bud hepatic cell,HP
liver,Liver bud hepatic cell,HPD
liver,Liver bud hepatic cell,HPRT
liver,Liver bud hepatic cell,HPRT1
liver,Liver bud hepatic cell,HS3ST3B1
liver,Liver bud hepatic cell,HSPB1
liver,Liver bud hepatic cell,HYPK
liver,Liver bud hepatic cell,IDI1
liver,Liver bud hepatic cell,IFI30
liver,Liver bud hepatic cell,IFI6
liver,Liver bud hepatic cell,IFITM3
liver,Liver bud hepatic cell,IFNAR2
liver,Liver bud hepatic cell,IGFBP4
liver,Liver bud hepatic cell,IL1R1
liver,Liver bud hepatic cell,INO80C
liver,Liver bud hepatic cell,IP6K3
liver,Liver bud hepatic cell,IRAK2
liver,Liver bud hepatic cell,ITIH2
liver,Liver bud hepatic cell,KHDRBS3
liver,Liver bud hepatic cell,KLHL2
liver,Liver bud hepatic cell,KYNU
liver,Liver bud hepatic cell,LBP
liver,Liver bud hepatic cell,LECT2
liver,Liver bud hepatic cell,LMCD1
liver,Liver bud hepatic cell,LRRC61
liver,Liver bud hepatic cell,LTV1
liver,Liver bud hepatic cell,LYRM4
liver,Liver bud hepatic cell,MASP2
liver,Liver bud hepatic cell,MBNL1
liver,Liver bud hepatic cell,MCL1
liver,Liver bud hepatic cell,MET
liver,Liver bud hepatic cell,METTL5
liver,Liver bud hepatic cell,MGLL
liver,Liver bud hepatic cell,MRPL33
liver,Liver bud hepatic cell,MRPS28
liver,Liver bud hepatic cell,MT1A
liver,Liver bud hepatic cell,MT1E
liver,Liver bud hepatic cell,MT1F
liver,Liver bud hepatic cell,MT1G
liver,Liver bud hepatic cell,MT1H
liver,Liver bud hepatic cell,MT1HL1
liver,Liver bud hepatic cell,MT1M
liver,Liver bud hepatic cell,MT1X
liver,Liver bud hepatic cell,MT2A
liver,Liver bud hepatic cell,MYC
liver,Liver bud hepatic cell,NDUFAF2
liver,Liver bud hepatic cell,NDUFAF4
liver,Liver bud hepatic cell,NFIC
liver,Liver bud hepatic cell,NIP7
liver,Liver bud hepatic cell,NME1
liver,Liver bud hepatic cell,NMI
liver,Liver bud hepatic cell,NOP16
liver,Liver bud hepatic cell,NR1H4
liver,Liver bud hepatic cell,OPN3
liver,Liver bud hepatic cell,ORM1
liver,Liver bud hepatic cell,ORM2
liver,Liver bud hepatic cell,OSMR
liver,Liver bud hepatic cell,P2RY6
liver,Liver bud hepatic cell,PALMD
liver,Liver bud hepatic cell,PCF11
liver,Liver bud hepatic cell,PCOLCE2
liver,Liver bud hepatic cell,PDLIM7
liver,Liver bud hepatic cell,PID1
liver,Liver bud hepatic cell,PLEK2
liver,Liver bud hepatic cell,PLP2
liver,Liver bud hepatic cell,POLE3
liver,Liver bud hepatic cell,POLE4
liver,Liver bud hepatic cell,POLR2K
liver,Liver bud hepatic cell,POLR3K
liver,Liver bud hepatic cell,PON3
liver,Liver bud hepatic cell,PPIA
liver,Liver bud hepatic cell,PPIF
liver,Liver bud hepatic cell,PRG4
liver,Liver bud hepatic cell,PSME2
liver,Liver bud hepatic cell,PTRH1
liver,Liver bud hepatic cell,RAB27A
liver,Liver bud hepatic cell,RAB31
liver,Liver bud hepatic cell,RAB32
liver,Liver bud hepatic cell,RARRES2
liver,Liver bud hepatic cell,RBP1
liver,Liver bud hepatic cell,RCL1
liver,Liver bud hepatic cell,RHOB
liver,Liver bud hepatic cell,RHOQ
liver,Liver bud hepatic cell,RRAD
liver,Liver bud hepatic cell,RRP15
liver,Liver bud hepatic cell,RSU1
liver,Liver bud hepatic cell,S100A6
liver,Liver bud hepatic cell,SAA1
liver,Liver bud hepatic cell,SAA2
liver,Liver bud hepatic cell,SAA4
liver,Liver bud hepatic cell,SCN9A
liver,Liver bud hepatic cell,SDSL
liver,Liver bud hepatic cell,SEC14L2
liver,Liver bud hepatic cell,SERPINA3
liver,Liver bud hepatic cell,SERPINA4
liver,Liver bud hepatic cell,SERPINB8
liver,Liver bud hepatic cell,SERPINC1
liver,Liver bud hepatic cell,SERPINE1
liver,Liver bud hepatic cell,SERPINF1
liver,Liver bud hepatic cell,SF3B5
liver,Liver bud hepatic cell,SFN
liver,Liver bud hepatic cell,SIRPA
liver,Liver bud hepatic cell,SLC16A7
liver,Liver bud hepatic cell,SLC38A2
liver,Liver bud hepatic cell,SNRPA
liver,Liver bud hepatic cell,SOD2
liver,Liver bud hepatic cell,SP110
liver,Liver bud hepatic cell,SPP2
liver,Liver bud hepatic cell,SPRYD7
liver,Liver bud hepatic cell,STEAP3
liver,Liver bud hepatic cell,SVIP
liver,Liver bud hepatic cell,TGFBI
liver,Liver bud hepatic cell,TGM2
liver,Liver bud hepatic cell,TIMP1
liver,Liver bud hepatic cell,TMEM109
liver,Liver bud hepatic cell,TMEM176A
liver,Liver bud hepatic cell,TMEM176B
liver,Liver bud hepatic cell,TNFSF14
liver,Liver bud hepatic cell,TUBA1B
liver,Liver bud hepatic cell,TUBA4A
liver,Liver bud hepatic cell,TYW3
liver,Liver bud hepatic cell,UGP2
liver,Liver bud hepatic cell,UGT2B4
liver,Liver bud hepatic cell,UGT2B7
liver,Liver bud hepatic cell,VAMP5
liver,Liver bud hepatic cell,VIM
liver,Mesenchymal cell,AKAP12
liver,Mesenchymal cell,ALCAM
liver,Mesenchymal cell,C8ORF4
liver,Mesenchymal cell,CCDC86
liver,Mesenchymal cell,CCL2
liver,Mesenchymal cell,CD105
liver,Mesenchymal cell,CD166
liver,Mesenchymal cell,CD45
liver,Mesenchymal cell,CD71
liver,Mesenchymal cell,CDC42EP2
liver,Mesenchymal cell,COTL1
liver,Mesenchymal cell,CTSC
liver,Mesenchymal cell,DACT1
liver,Mesenchymal cell,DKK3
liver,Mesenchymal cell,DLK1
liver,Mesenchymal cell,EDNRA
liver,Mesenchymal cell,ENG
liver,Mesenchymal cell,FJX1
liver,Mesenchymal cell,FOSL1
liver,Mesenchymal cell,FSTL3
liver,Mesenchymal cell,FXYD6
liver,Mesenchymal cell,GADD45B
liver,Mesenchymal cell,GPM6B
liver,Mesenchymal cell,GPX7
liver,Mesenchymal cell,GUCY1B1
liver,Mesenchymal cell,GUCY1B3
liver,Mesenchymal cell,HES4
liver,Mesenchymal cell,HOXB2
liver,Mesenchymal cell,HSPB6
liver,Mesenchymal cell,ID3
liver,Mesenchymal cell,IGFBP2
liver,Mesenchymal cell,IGFBP7
liver,Mesenchymal cell,ITGA1
liver,Mesenchymal cell,LRRC17
liver,Mesenchymal cell,MDK
liver,Mesenchymal cell,MPZL1
liver,Mesenchymal cell,NDN
liver,Mesenchymal cell,NXT1
liver,Mesenchymal cell,PDGFR-ALPHA
liver,Mesenchymal cell,PDGFRA
liver,Mesenchymal cell,PDLIM7
liver,Mesenchymal cell,PLTP
liver,Mesenchymal cell,PRMT1
liver,Mesenchymal cell,PTGES2
liver,Mesenchymal cell,PTPRC
liver,Mesenchymal cell,RAB35
liver,Mesenchymal cell,RHBDD2
liver,Mesenchymal cell,ROR1
liver,Mesenchymal cell,RRP9
liver,Mesenchymal cell,SF3A2
liver,Mesenchymal cell,SORBS3
liver,Mesenchymal cell,SVIL
liver,Mesenchymal cell,TCIM
liver,Mesenchymal cell,TER119
liver,Mesenchymal cell,TFRC
liver,Mesenchymal cell,TMEM98
liver,Mesenchymal cell,TOR3A
liver,Mesenchymal cell,USP46
liver,Mesenchymal cell,WDR1
liver,Mesenchymal cell,YRDC
liver,Mesenchymal cell,ZBTB1
liver,Mesenchymal stem cell,ALCAM
liver,Mesenchymal stem cell,CD105
liver,Mesenchymal stem cell,CD166
liver,Mesenchymal stem cell,CD29
liver,Mesenchymal stem cell,CD34
liver,Mesenchymal stem cell,CD44
liver,Mesenchymal stem cell,CD73
liver,Mesenchymal stem cell,CD90
liver,Mesenchymal stem cell,ENG
liver,Mesenchymal stem cell,ITGB1
liver,Mesenchymal stem cell,NT5E
liver,Mesenchymal stem cell,STRO-1
liver,Mesenchymal stem cell,THY1
liver,Monocyte,CTSS
liver,Monocyte,FCN1
liver,Monocyte,FCNA
liver,Monocyte,IFI211
liver,Monocyte,LY6C
liver,Monocyte,LY6C1
liver,Monocyte,LYZ
liver,Monocyte,LYZ1
liver,Monocyte,MNDA
liver,Monocyte,NEAT1
liver,Monocyte,PSAP
liver,Monocyte,S100A9
liver,Monocyte,SERPINA1
liver,Monocyte,TYROBP
liver,Myofibroblast,ACTA2
liver,Myofibroblast,ALPHA-SMA
liver,Myofibroblast,ALPHASMA
liver,Myofibroblast,CD73
liver,Myofibroblast,CRBP1
liver,Myofibroblast,DES
liver,Myofibroblast,DESMIN
liver,Myofibroblast,NT5E
liver,Myofibroblast,RBP1
liver,Myofibroblast,VIM
liver,Myofibroblast,VIMENTIN
liver,Natural killer cell,CD16
liver,Natural killer cell,CD49A
liver,Natural killer cell,CD56
liver,Natural killer cell,CXCR6
liver,Natural killer cell,FCGR3A
liver,Natural killer cell,FCGR3B
liver,Natural killer cell,FCGR4
liver,Natural killer cell,ITGA1
liver,Natural killer cell,KLRB1C
liver,Natural killer cell,NCAM1
liver,Natural killer cell,NK1.1
liver,Neutrophil,ADAM8
liver,Neutrophil,ADPGK
liver,Neutrophil,ARG2
liver,Neutrophil,ASPRV1
liver,Neutrophil,AZU1
liver,Neutrophil,BST1
liver,Neutrophil,C5AR1
liver,Neutrophil,CA1
liver,Neutrophil,CAMP
liver,Neutrophil,CAR1
liver,Neutrophil,CCL3
liver,Neutrophil,CCL6
liver,Neutrophil,CCL9
liver,Neutrophil,CCR1
liver,Neutrophil,CCRL2
liver,Neutrophil,CD14
liver,Neutrophil,CD177
liver,Neutrophil,CD24
liver,Neutrophil,CD33
liver,Neutrophil,CEACAM1
liver,Neutrophil,CEACAM8
liver,Neutrophil,CFP
liver,Neutrophil,CHIL3
liver,Neutrophil,CLEC4D
liver,Neutrophil,CLEC4E
liver,Neutrophil,CRP
liver,Neutrophil,CSF3R
liver,Neutrophil,CTSG
liver,Neutrophil,CXCL2
liver,Neutrophil,CXCR1
liver,Neutrophil,CXCR2
liver,Neutrophil,DEFA1
liver,Neutrophil,DEFA2
liver,Neutrophil,DEFA3
liver,Neutrophil,DOCK8
liver,Neutrophil,ELANE
liver,Neutrophil,FCGR1A
liver,Neutrophil,FCGR3A
liver,Neutrophil,FCGR4
liver,Neutrophil,FUT4
liver,Neutrophil,HDC
liver,Neutrophil,HP
liver,Neutrophil,IL1B
liver,Neutrophil,IL1R2
liver,Neutrophil,ITGAM
liver,Neutrophil,ITGAX
liver,Neutrophil,JAML
liver,Neutrophil,LCN2
liver,Neutrophil,LRG1
liver,Neutrophil,LTF
liver,Neutrophil,LY6G
liver,Neutrophil,LYST
liver,Neutrophil,LYZ
liver,Neutrophil,LYZ1
liver,Neutrophil,MMP8
liver,Neutrophil,MMP9
liver,Neutrophil,MPO
liver,Neutrophil,MRGPRA2B
liver,Neutrophil,MYLK
liver,Neutrophil,NCF1
liver,Neutrophil,NGP
liver,Neutrophil,NLRP3
liver,Neutrophil,NR1I3
liver,Neutrophil,OAS3
liver,Neutrophil,OSM
liver,Neutrophil,PECAM1
liver,Neutrophil,PILRA
liver,Neutrophil,PRTN3
liver,Neutrophil,PSTPIP1
liver,Neutrophil,PTGS2
liver,Neutrophil,RETNLG
liver,Neutrophil,S100A4
liver,Neutrophil,S100A8
liver,Neutrophil,S100A9
liver,Neutrophil,SELL
liver,Neutrophil,SERPINB1
liver,Neutrophil,SLC1A5
liver,Neutrophil,SNX20
liver,Neutrophil,SORL1
liver,Neutrophil,STFA2L1
liver,Neutrophil,TLR2
liver,Neutrophil,TREM1
liver,Neutrophil,TREM3
liver,Progenitor cell,A6
liver,Progenitor cell,AFP
liver,Progenitor cell,ASCL2
liver,Progenitor cell,BRAIN ISOFORM GLYCOGEN PHOSPHORYLASE
liver,Progenitor cell,C-KIT
liver,Progenitor cell,CD133
liver,Progenitor cell,CD24
liver,Progenitor cell,CK19
liver,Progenitor cell,DLK1
liver,Progenitor cell,EPCAM
liver,Progenitor cell,HMGA2
liver,Progenitor cell,KERATIN-19
liver,Progenitor cell,KERATIN-7
liver,Progenitor cell,KIT
liver,Progenitor cell,KRT19
liver,Progenitor cell,KRT7
liver,Progenitor cell,NANOG
liver,Progenitor cell,NCAM
liver,Progenitor cell,NCAM1
liver,Progenitor cell,OV6
liver,Progenitor cell,PROM1
liver,Progenitor cell,PYGB
liver,Progenitor cell,SOX9
liver,Progenitor cell,THY1
liver,Progenitor cell,TWF1
liver,Stellate cell,ACTA2
liver,Stellate cell,ADAMTS13
liver,Stellate cell,AGTR1
liver,Stellate cell,ALB
liver,Stellate cell,ALPHA-SMA
liver,Stellate cell,ALPHA-SMOOTH MUSCLE ACTIN
liver,Stellate cell,ALPHASMA
liver,Stellate cell,BGN
liver,Stellate cell,CCL2
liver,Stellate cell,CD271
liver,Stellate cell,COL1A1
liver,Stellate cell,COL1A2
liver,Stellate cell,COL3A1
liver,Stellate cell,COLEC11
liver,Stellate cell,CTGF
liver,Stellate cell,CYGB
liver,Stellate cell,CYR61
liver,Stellate cell,DCN
liver,Stellate cell,DES
liver,Stellate cell,DESMIN
liver,Stellate cell,EPIMORPHIN
liver,Stellate cell,FAP
liver,Stellate cell,FGF10
liver,Stellate cell,FOXF1
liver,Stellate cell,GFAP
liver,Stellate cell,GLIAL FIBRILLARY ACIDIC PROTEIN
liver,Stellate cell,HGF
liver,Stellate cell,IGFBP3
liver,Stellate cell,IGFBP6
liver,Stellate cell,IGFBP7
liver,Stellate cell,LRAT
liver,Stellate cell,MEG3
liver,Stellate cell,MYB
liver,Stellate cell,MYL9
liver,Stellate cell,NGFR
liver,Stellate cell,NR1H4
liver,Stellate cell,OLFML3
liver,Stellate cell,PDGFRA
liver,Stellate cell,PNPLA3
liver,Stellate cell,PPARA
liver,Stellate cell,PPARG
liver,Stellate cell,RBP1
liver,Stellate cell,RELN
liver,Stellate cell,RGS5
liver,Stellate cell,SEMA7A
liver,Stellate cell,SLC8A1
liver,Stellate cell,SPARC
liver,Stellate cell,STX2
liver,Stellate cell,SYNAPTOPHYSIN
liver,Stellate cell,SYP
liver,Stellate cell,TAGLN
liver,Stellate cell,TIMP1
liver,Stellate cell,TPM2
liver,Stellate cell,VCL
liver,Stellate cell,VEGFA
liver,Stellate cell,WT1
liver,Stem cell,ADAM17
liver,Stem cell,AEBP1
liver,Stem cell,AFP
liver,Stem cell,ALDH
liver,Stem cell,ALDH3A1
liver,Stem cell,C-KIT
liver,Stem cell,C3
liver,Stem cell,CAV1
liver,Stem cell,CD105
liver,Stem cell,CD117
liver,Stem cell,CD133
liver,Stem cell,CD29
liver,Stem cell,CD34
liver,Stem cell,CD44
liver,Stem cell,CD49F
liver,Stem cell,CK19
liver,Stem cell,DCAMKL-1
liver,Stem cell,DCLK1
liver,Stem cell,DCN
liver,Stem cell,DLK1
liver,Stem cell,EFEMP1
liver,Stem cell,EGF
liver,Stem cell,ENG
liver,Stem cell,EPCAM
liver,Stem cell,FAT10
liver,Stem cell,FMOD
liver,Stem cell,GATA4
liver,Stem cell,GST-P
liver,Stem cell,GSTM1
liver,Stem cell,GSTP
liver,Stem cell,GSTP1
liver,Stem cell,H19
liver,Stem cell,HGF
liver,Stem cell,HSPB1
liver,Stem cell,IGFBP5
liver,Stem cell,IGFBP6
liver,Stem cell,ISL1
liver,Stem cell,ISLET-1
liver,Stem cell,ITGA6
liver,Stem cell,ITGB1
liver,Stem cell,KERATIN-18
liver,Stem cell,KERATIN-19
liver,Stem cell,KIT
liver,Stem cell,KRT18
liver,Stem cell,KRT19
liver,Stem cell,LAPTM4A
liver,Stem cell,LGR5
liver,Stem cell,LIN28
liver,Stem cell,LIN28A
liver,Stem cell,MGST1
liver,Stem cell,MSI1
liver,Stem cell,MUSASHI-1
liver,Stem cell,NANOG
liver,Stem cell,NCAM
liver,Stem cell,NCAM1
liver,Stem cell,NDRG1
liver,Stem cell,NES
liver,Stem cell,NESTIN
liver,Stem cell,OCT3/4
liver,Stem cell,OV6
liver,Stem cell,POU5F1
liver,Stem cell,PROM1
liver,Stem cell,RABAC1
liver,Stem cell,RARRES2
liver,Stem cell,RNASE4
liver,Stem cell,S100A6
liver,Stem cell,SERPING1
liver,Stem cell,SLPI
liver,Stem cell,SOX2
liver,Stem cell,SOX9
liver,Stem cell,THY1
liver,Stem cell,TIMP2
liver,Stem cell,TM4SF1
liver,Stem cell,UBD
liver,Stem cell,UPK3B
liver,Stem cell,VIM
liver,T cell,2B4
liver,T cell,AATF
liver,T cell,CD244
liver,T cell,CD244A
liver,T cell,CD25
liver,T cell,CD27
liver,T cell,CD28
liver,T cell,CD3
liver,T cell,CD3D
liver,T cell,CD3E
liver,T cell,CD3G
liver,T cell,CD4
liver,T cell,CD45
liver,T cell,CD45RO
liver,T cell,CD58
liver,T cell,CD7
liver,T cell,CD8
liver,T cell,CD8A
liver,T cell,IL2RA
liver,T cell,PD-1
liver,T cell,PDCD1
liver,T cell,PTPRC
liver,T cell,TCR
liver,T cell,TCR ALPHA/BETA
liver,T cell,TCRALPHA/BETA
liver,T cell,THY1
liver,T cell,TRA
liver,T cell,TRAV6-3
liver,T cell,TRB
lung,Adventitial fibroblast,C3
lung,Adventitial fibroblast,CCDC80
lung,Adventitial fibroblast,DCN
lung,Adventitial fibroblast,FBLN1
lung,Adventitial fibroblast,IGFBP6
lung,Adventitial fibroblast,LAMA2
lung,Adventitial fibroblast,PIK3R1
lung,Adventitial fibroblast,SCARA5
lung,Adventitial fibroblast,SFRP2
lung,Adventitial fibroblast,USP53
lung,B cell,ADAM28
lung,B cell,B3GAT1
lung,B cell,BACH2
lung,B cell,BANK1
lung,B cell,BCL11A
lung,B cell,BIRC3
lung,B cell,BLNK
lung,B cell,BST1
lung,B cell,BTLA
lung,B cell,CCR7
lung,B cell,CD14
lung,B cell,CD19
lung,B cell,CD2
lung,B cell,CD22
lung,B cell,CD24
lung,B cell,CD27
lung,B cell,CD37
lung,B cell,CD38
lung,B cell,CD40
lung,B cell,CD5
lung,B cell,CD52
lung,B cell,CD55
lung,B cell,CD69
lung,B cell,CD70
lung,B cell,CD72
lung,B cell,CD74
lung,B cell,CD79A
lung,B cell,CD79B
lung,B cell,CD80
lung,B cell,CD86
lung,B cell,CMAH
lung,B cell,CMAHP
lung,B cell,CR2
lung,B cell,CRELD2
lung,B cell,CXCR4
lung,B cell,DERL3
lung,B cell,DNTT
lung,B cell,DOK3
lung,B cell,EAF2
lung,B cell,EBF1
lung,B cell,EDEM1
lung,B cell,EDEM2
lung,B cell,FAM129C
lung,B cell,FAM46C
lung,B cell,FCER2
lung,B cell,FCER2A
lung,B cell,FCHSD2
lung,B cell,FCMR
lung,B cell,FCRL1
lung,B cell,FCRL2
lung,B cell,FCRLA
lung,B cell,FCRLB
lung,B cell,FKBP11
lung,B cell,FLI1
lung,B cell,H2-DMB2
lung,B cell,H2-OA
lung,B cell,H2-OB
lung,B cell,HLA-DQA1
lung,B cell,HLA-DRA
lung,B cell,HMGA1
lung,B cell,HVCN1
lung,B cell,IFIT3
lung,B cell,IGHA
lung,B cell,IGHD
lung,B cell,IGHG1
lung,B cell,IGHG3
lung,B cell,IGHG4
lung,B cell,IGHM
lung,B cell,IGKC
lung,B cell,IGLC1
lung,B cell,IGLC2
lung,B cell,IGLC3
lung,B cell,IGLL1
lung,B cell,IGLV1
lung,B cell,IL21R
lung,B cell,JCHAIN
lung,B cell,KLHL6
lung,B cell,LAIR1
lung,B cell,LRMP
lung,B cell,LTB
lung,B cell,LY6D
lung,B cell,MME
lung,B cell,MS4A1
lung,B cell,MSH5
lung,B cell,MUM1
lung,B cell,MZB1
lung,B cell,PAX5
lung,B cell,PDCD1
lung,B cell,POLD4
lung,B cell,POU2AF1
lung,B cell,PTPRC
lung,B cell,PXK
lung,B cell,RALGPS2
lung,B cell,RASGRP3
lung,B cell,SCD1
lung,B cell,SDC1
lung,B cell,SEC61A1
lung,B cell,SEMA6D
lung,B cell,SIGLECG
lung,B cell,SLAMF6
lung,B cell,SMAP2
lung,B cell,SPCS3
lung,B cell,SPIB
lung,B cell,SPN
lung,B cell,SWAP70
lung,B cell,TLR9
lung,B cell,TNFRSF13B
lung,B cell,TNFRSF13C
lung,B cell,TNFRSF17
lung,B cell,TNFRSF9
lung,B cell,TNFSF4
lung,B cell,TRP53INP1
lung,B cell,TXNDC11
lung,B cell,VPREB1
lung,B cell,VPREB2
lung,B cell,VPREB3
lung,Basal cell,ACTG2
lung,Basal cell,BMP7
lung,Basal cell,CCND2
lung,Basal cell,CDH3
lung,Basal cell,CLDN1
lung,Basal cell,DST
lung,Basal cell,FBXO32
lung,Basal cell,FHL2
lung,Basal cell,GAPDHP1
lung,Basal cell,ITGA2
lung,Basal cell,ITGA3
lung,Basal cell,ITGB4
lung,Basal cell,ITGB6
lung,Basal cell,KRT15
lung,Basal cell,KRT17
lung,Basal cell,KRT19
lung,Basal cell,KRT5
lung,Basal cell,KRT6B
lung,Basal cell,LAMB3
lung,Basal cell,LAMC2
lung,Basal cell,MMP7
lung,Basal cell,MT1L
lung,Basal cell,PERP
lung,Basal cell,PLAU
lung,Basal cell,RARRES1
lung,Basal cell,S100A2
lung,Basal cell,SFN
lung,Basal cell,TCP1
lung,Basal cell,TNS1
lung,Basal cell,TP63
lung,Basal cell,TYMP
lung,Basophil,BSP1
lung,Basophil,CCL3
lung,Basophil,CCL4
lung,Basophil,CCL9
lung,Basophil,CCR5
lung,Basophil,CD195
lung,Basophil,CD69
lung,Basophil,CKS2
lung,Basophil,DDIT4
lung,Basophil,HDC
lung,Basophil,IFITM1
lung,Basophil,IL1B
lung,Basophil,IL6
lung,Basophil,LILRB4B
lung,Basophil,NFKBIA
lung,Basophil,NFKBIZ
lung,Basophil,OSM
lung,Basophil,PLAC8
lung,Basophil,PLK3
lung,Basophil,PTGS2
lung,Basophil,RGS1
lung,Basophil,SMAD1
lung,Bronchial epithelial cell,ARID5A
lung,Bronchial epithelial cell,CD200
lung,Bronchial epithelial cell,COL15A1
lung,Bronchial epithelial cell,EMCN
lung,Bronchial epithelial cell,EMP1
lung,Bronchial epithelial cell,ENPP2
lung,Bronchial epithelial cell,ESAM
lung,Bronchial epithelial cell,INHBB
lung,Bronchial epithelial cell,ITPRIP
lung,Bronchial epithelial cell,LPAR6
lung,Bronchial epithelial cell,PLVAP
lung,Bronchial epithelial cell,POSTN
lung,Bronchial epithelial cell,RGCC
lung,Bronchial epithelial cell,SOCS3
lung,Bronchial epithelial cell,SOX17
lung,Bronchial epithelial cell,SPARCL1
lung,Bronchial epithelial cell,SPRY1
lung,Bronchial epithelial cell,TM4SF1
lung,Bronchial epithelial cell,VWF
lung,Bronchial epithelial cell,ZNF385D
lung,Brush Cell,ALOX5
lung,Brush Cell,ALOX5AP
lung,Brush Cell,ANXA4
lung,Brush Cell,ATP2A3
lung,Brush Cell,AVIL
lung,Brush Cell,BMX
lung,Brush Cell,BPGM
lung,Brush Cell,C15ORF48
lung,Brush Cell,CALM2
lung,Brush Cell,CCDC28B
lung,Brush Cell,CD300LF
lung,Brush Cell,CD47
lung,Brush Cell,CHN2
lung,Brush Cell,COPRS
lung,Brush Cell,DCLK1
lung,Brush Cell,ESPN
lung,Brush Cell,ETHE1
lung,Brush Cell,ETV1
lung,Brush Cell,FXYD6
lung,Brush Cell,FYB
lung,Brush Cell,FYB1
lung,Brush Cell,GNB3
lung,Brush Cell,GNG13
lung,Brush Cell,GT3
lung,Brush Cell,HAP1
lung,Brush Cell,HCK
lung,Brush Cell,IL-25
lung,Brush Cell,INPP5D
lung,Brush Cell,ITGB7
lung,Brush Cell,IVNS1ABP
lung,Brush Cell,KCTD12
lung,Brush Cell,KRT18
lung,Brush Cell,LTC4S
lung,Brush Cell,LY6G6F
lung,Brush Cell,MATK
lung,Brush Cell,MCTP1
lung,Brush Cell,NKD1
lung,Brush Cell,PBXIP1
lung,Brush Cell,PDE2A
lung,Brush Cell,PIK3CG
lung,Brush Cell,PIK3R5
lung,Brush Cell,PITPNC1
lung,Brush Cell,PLAC8
lung,Brush Cell,PLCG2
lung,Brush Cell,PLK2
lung,Brush Cell,POU2F3
lung,Brush Cell,PTPN18
lung,Brush Cell,PTPN6
lung,Brush Cell,RASSF6
lung,Brush Cell,REEP5
lung,Brush Cell,RGS13
lung,Brush Cell,RGS2
lung,Brush Cell,SH2D7
lung,Brush Cell,SH3BGRL
lung,Brush Cell,SOX9
lung,Brush Cell,SPIB
lung,Brush Cell,TMEM245
lung,Brush Cell,TRPM5
lung,Brush Cell,TSPAN6
lung,Brush Cell,VAV1
lung,Brush Cell,ZFP428
lung,Brush Cell,ZNF428
lung,Capillary aerocyte,APP
lung,Capillary aerocyte,CLDN5
lung,Capillary aerocyte,CYP3A5
lung,Capillary aerocyte,EDNRB
lung,Capillary aerocyte,EMCN
lung,Capillary aerocyte,ESAM
lung,Capillary aerocyte,HPGD
lung,Capillary aerocyte,PRX
lung,Capillary aerocyte,SOSTDC1
lung,Capillary aerocyte,STXBP6
lung,Capillary aerocyte,TBX2
lung,Ciliated cell,1110017D15RIK
lung,Ciliated cell,1700007K13RIK
lung,Ciliated cell,1810037I17RIK
lung,Ciliated cell,4933434E20RIK
lung,Ciliated cell,6820408C15RIK
lung,Ciliated cell,AGBL5
lung,Ciliated cell,AGR3
lung,Ciliated cell,AHSA1
lung,Ciliated cell,AKAP14
lung,Ciliated cell,ALDH1A1
lung,Ciliated cell,ALDH3B1
lung,Ciliated cell,ANKRD36C
lung,Ciliated cell,ANKRD66
lung,Ciliated cell,B9D1
lung,Ciliated cell,BASP1
lung,Ciliated cell,C20ORF85
lung,Ciliated cell,CALM1
lung,Ciliated cell,CALML4
lung,Ciliated cell,CAPS
lung,Ciliated cell,CAPSL
lung,Ciliated cell,CASC1
lung,Ciliated cell,CCDC113
lung,Ciliated cell,CCDC153
lung,Ciliated cell,CCDC17
lung,Ciliated cell,CCDC170
lung,Ciliated cell,CCDC181
lung,Ciliated cell,CCDC33
lung,Ciliated cell,CCDC39
lung,Ciliated cell,CCDC40
lung,Ciliated cell,CCDC60
lung,Ciliated cell,CCDC65
lung,Ciliated cell,CCDC81
lung,Ciliated cell,CDHR3
lung,Ciliated cell,CETN2
lung,Ciliated cell,CFAP126
lung,Ciliated cell,CFAP20
lung,Ciliated cell,CFAP251
lung,Ciliated cell,CFAP36
lung,Ciliated cell,CFAP45
lung,Ciliated cell,CFAP52
lung,Ciliated cell,CFAP53
lung,Ciliated cell,CFAP61
lung,Ciliated cell,CFAP70
lung,Ciliated cell,CIB1
lung,Ciliated cell,CTXN1
lung,Ciliated cell,CYP2S1
lung,Ciliated cell,DALRD3
lung,Ciliated cell,DAW1
lung,Ciliated cell,DMKN
lung,Ciliated cell,DNAAF11
lung,Ciliated cell,DNAAF3
lung,Ciliated cell,DNAAF5
lung,Ciliated cell,DNAH6
lung,Ciliated cell,DNAI7
lung,Ciliated cell,DNAJB2
lung,Ciliated cell,DNAL4
lung,Ciliated cell,DPCD
lung,Ciliated cell,DRC1
lung,Ciliated cell,DYNC2LI1
lung,Ciliated cell,DYNLL1
lung,Ciliated cell,DYNLRB2
lung,Ciliated cell,EFCAB10
lung,Ciliated cell,EFHC1
lung,Ciliated cell,ELOF1
lung,Ciliated cell,ENKUR
lung,Ciliated cell,ERICH2
lung,Ciliated cell,EZR
lung,Ciliated cell,FAM161A
lung,Ciliated cell,FAM166B
lung,Ciliated cell,FAM177A
lung,Ciliated cell,FAM183B
lung,Ciliated cell,FAM183BP
lung,Ciliated cell,FAM216B
lung,Ciliated cell,FAM92B
lung,Ciliated cell,FANK1
lung,Ciliated cell,FBXW9
lung,Ciliated cell,FOXJ1
lung,Ciliated cell,GRAMD2
lung,Ciliated cell,GRAMD2A
lung,Ciliated cell,GSN
lung,Ciliated cell,HIPK1
lung,Ciliated cell,HSP90AA1
lung,Ciliated cell,IFT22
lung,Ciliated cell,IFT43
lung,Ciliated cell,IFT46
lung,Ciliated cell,IFT52
lung,Ciliated cell,IFT57
lung,Ciliated cell,IQCG
lung,Ciliated cell,IQCK
lung,Ciliated cell,KIF9
lung,Ciliated cell,LRRC10B
lung,Ciliated cell,LRRC23
lung,Ciliated cell,LRRC34
lung,Ciliated cell,LRRC36
lung,Ciliated cell,LRRC45
lung,Ciliated cell,LRRC46
lung,Ciliated cell,LRRC6
lung,Ciliated cell,LRRC74B
lung,Ciliated cell,LRWD1
lung,Ciliated cell,MALAT1
lung,Ciliated cell,MAPRE3
lung,Ciliated cell,MEIG1
lung,Ciliated cell,MLF1
lung,Ciliated cell,MORN5
lung,Ciliated cell,MS4A8
lung,Ciliated cell,MS4A8A
lung,Ciliated cell,MYCBP
lung,Ciliated cell,NCS1
lung,Ciliated cell,NHLRC4
lung,Ciliated cell,NME5
lung,Ciliated cell,ODF3B
lung,Ciliated cell,PACRG
lung,Ciliated cell,PAIP2
lung,Ciliated cell,PIFO
lung,Ciliated cell,PIH1D2
lung,Ciliated cell,PLEKHB1
lung,Ciliated cell,PPIL6
lung,Ciliated cell,PPP1R14C
lung,Ciliated cell,PRDX5
lung,Ciliated cell,RIIAD1
lung,Ciliated cell,ROPN1L
lung,Ciliated cell,RSPH1
lung,Ciliated cell,RSPH14
lung,Ciliated cell,RSPH4A
lung,Ciliated cell,RUVBL1
lung,Ciliated cell,RUVBL2
lung,Ciliated cell,SAXO2
lung,Ciliated cell,SEC14L3
lung,Ciliated cell,SLAIN2
lung,Ciliated cell,SLCO3A1
lung,Ciliated cell,SNTN
lung,Ciliated cell,SPA17
lung,Ciliated cell,SPAG16
lung,Ciliated cell,SPAG17
lung,Ciliated cell,SPAG6
lung,Ciliated cell,SRI
lung,Ciliated cell,STK33
lung,Ciliated cell,STMND1
lung,Ciliated cell,STYXL1
lung,Ciliated cell,TCEA3
lung,Ciliated cell,TCTN1
lung,Ciliated cell,TEKT1
lung,Ciliated cell,TEKT4
lung,Ciliated cell,TMEM107
lung,Ciliated cell,TMEM212
lung,Ciliated cell,TMEM231
lung,Ciliated cell,TPPP3
lung,Ciliated cell,TRAF3IP1
lung,Ciliated cell,TUBA1A
lung,Ciliated cell,TUBA1B
lung,Ciliated cell,TUBB4B
lung,Ciliated cell,UCP2
lung,Ciliated cell,ULK4
lung,Ciliated cell,WDR54
lung,Ciliated cell,WDR66
lung,Ciliated cell,ZMYND10
lung,Ciliated cell,ZMYND12
lung,Club cell,1810010H24RIK
lung,Club cell,AHR
lung,Club cell,AKR1C18
lung,Club cell,ALDH1A1
lung,Club cell,ALDH1A7
lung,Club cell,ALOX15
lung,Club cell,AOX3
lung,Club cell,BPIFA1
lung,Club cell,C16ORF89
lung,Club cell,CARM1
lung,Club cell,CBR2
lung,Club cell,CC10
lung,Club cell,CCND1
lung,Club cell,CCND2
lung,Club cell,CCSP
lung,Club cell,CD200
lung,Club cell,CEACAM6
lung,Club cell,CES1F
lung,Club cell,CHAD
lung,Club cell,CLDN10
lung,Club cell,COL23A1
lung,Club cell,CTSE
lung,Club cell,CYB5A
lung,Club cell,CYP2B10
lung,Club cell,CYP2E1
lung,Club cell,CYP2F2
lung,Club cell,CYP4A12B
lung,Club cell,CYP4B1
lung,Club cell,DCXR
lung,Club cell,DSTN
lung,Club cell,ELAPOR1
lung,Club cell,ERN1
lung,Club cell,FFAR4
lung,Club cell,FMO3
lung,Club cell,FOXM1
lung,Club cell,GABRP
lung,Club cell,GSTA3
lung,Club cell,GSTM1
lung,Club cell,GSTO1
lung,Club cell,HP
lung,Club cell,ITM2A
lung,Club cell,IYD
lung,Club cell,KDR
lung,Club cell,KIAA1324
lung,Club cell,KRT15
lung,Club cell,LDHB
lung,Club cell,LEPR
lung,Club cell,LYPD2
lung,Club cell,MGAT3
lung,Club cell,MGST1
lung,Club cell,MIA
lung,Club cell,MIA1
lung,Club cell,MMP28
lung,Club cell,MTUS1
lung,Club cell,MUC1
lung,Club cell,MUC4
lung,Club cell,MUC5B
lung,Club cell,NRARP
lung,Club cell,NUPR1
lung,Club cell,OSGIN1
lung,Club cell,PIGR
lung,Club cell,PIR
lung,Club cell,PLPP3
lung,Club cell,PON1
lung,Club cell,PPAP2B
lung,Club cell,RAB3D
lung,Club cell,RASSF9
lung,Club cell,SCGB1A1
lung,Club cell,SCGB3A1
lung,Club cell,SCGB3A2
lung,Club cell,SELENBP1
lung,Club cell,SFTPA1
lung,Club cell,SFTPB
lung,Club cell,SFTPC
lung,Club cell,SFTPD
lung,Club cell,SP-B
lung,Club cell,SYT2
lung,Club cell,TACSTD2
lung,Club cell,TST
lung,Club cell,UPK3A
lung,Club cell,UTEROGLOBIN
lung,Club cell,WFDC1
lung,Club cell,WFDC2
lung,Dendritic cell,ADGRE1
lung,Dendritic cell,ALOX5AP
lung,Dendritic cell,APOC1
lung,Dendritic cell,APOE
lung,Dendritic cell,AREG
lung,Dendritic cell,BIRC3
lung,Dendritic cell,C1QA
lung,Dendritic cell,CAPG
lung,Dendritic cell,CCL13
lung,Dendritic cell,CCL22
lung,Dendritic cell,CCR6
lung,Dendritic cell,CCR7
lung,Dendritic cell,CD11B
lung,Dendritic cell,CD11C
lung,Dendritic cell,CD141
lung,Dendritic cell,CD197
lung,Dendritic cell,CD1A
lung,Dendritic cell,CD1B
lung,Dendritic cell,CD1C
lung,Dendritic cell,CD1D1
lung,Dendritic cell,CD1D2
lung,Dendritic cell,CD1E
lung,Dendritic cell,CD205
lung,Dendritic cell,CD207
lung,Dendritic cell,CD209
lung,Dendritic cell,CD209A
lung,Dendritic cell,CD273
lung,Dendritic cell,CD303
lung,Dendritic cell,CD304
lung,Dendritic cell,CD4
lung,Dendritic cell,CD40
lung,Dendritic cell,CD49D
lung,Dendritic cell,CD80
lung,Dendritic cell,CD83
lung,Dendritic cell,CD86
lung,Dendritic cell,CHIT1
lung,Dendritic cell,CLEC10A
lung,Dendritic cell,CLEC4C
lung,Dendritic cell,CSF2RA
lung,Dendritic cell,CSTB
lung,Dendritic cell,CTSB
lung,Dendritic cell,DAPP1
lung,Dendritic cell,EREG
lung,Dendritic cell,F13A1
lung,Dendritic cell,F4/80
lung,Dendritic cell,FCER1A
lung,Dendritic cell,FCGR2A
lung,Dendritic cell,FCGR2B
lung,Dendritic cell,FOLR2
lung,Dendritic cell,FPR3
lung,Dendritic cell,FSCN1
lung,Dendritic cell,GPR183
lung,Dendritic cell,GSN
lung,Dendritic cell,H2-DMA
lung,Dendritic cell,H2-DMB1
lung,Dendritic cell,HLA-DMB
lung,Dendritic cell,HLA-DPA1
lung,Dendritic cell,HLA-DPB1
lung,Dendritic cell,HLA-DQA1
lung,Dendritic cell,HLA-DQB1
lung,Dendritic cell,HLA-DR
lung,Dendritic cell,HLA-DRA
lung,Dendritic cell,ID2
lung,Dendritic cell,IL2RG
lung,Dendritic cell,ITGA4
lung,Dendritic cell,ITGAX
lung,Dendritic cell,LAMP3
lung,Dendritic cell,LGMN
lung,Dendritic cell,LILRB4
lung,Dendritic cell,LILRB4A
lung,Dendritic cell,LSP1
lung,Dendritic cell,MAF
lung,Dendritic cell,MHC CLASS II
lung,Dendritic cell,MS4A6A
lung,Dendritic cell,MXD1
lung,Dendritic cell,NAAA
lung,Dendritic cell,NRP1
lung,Dendritic cell,PCD1
lung,Dendritic cell,PCX3CR1
lung,Dendritic cell,PDCD1LG2
lung,Dendritic cell,PDXK
lung,Dendritic cell,PFLT3
lung,Dendritic cell,PKIB
lung,Dendritic cell,PLA2G2D
lung,Dendritic cell,PLA2G7
lung,Dendritic cell,PLAUR
lung,Dendritic cell,PLBD1
lung,Dendritic cell,RAB31
lung,Dendritic cell,RGS1
lung,Dendritic cell,SLAMF8
lung,Dendritic cell,STAB1
lung,Dendritic cell,THBD
lung,Dendritic cell,TLR9
lung,Dendritic cell,TXN
lung,Endothelial cell,2810025M15RIK
lung,Endothelial cell,4931406P16RIK
lung,Endothelial cell,9430020K01RIK
lung,Endothelial cell,ABLIM1
lung,Endothelial cell,AC148011.4
lung,Endothelial cell,AC161518.1
lung,Endothelial cell,ACE
lung,Endothelial cell,ACVRL1
lung,Endothelial cell,ADAM15
lung,Endothelial cell,ADGRE5
lung,Endothelial cell,ADGRF5
lung,Endothelial cell,AFDN
lung,Endothelial cell,AGFG1
lung,Endothelial cell,AHR
lung,Endothelial cell,AL662804.1
lung,Endothelial cell,ANKRD37
lung,Endothelial cell,APLNR
lung,Endothelial cell,AQP1
lung,Endothelial cell,ARAP2
lung,Endothelial cell,ARAP3
lung,Endothelial cell,ARHGAP18
lung,Endothelial cell,ARHGAP31
lung,Endothelial cell,ARHGEF15
lung,Endothelial cell,BC028528
lung,Endothelial cell,BCL6B
lung,Endothelial cell,CALCRL
lung,Endothelial cell,CASZ1
lung,Endothelial cell,CAV1
lung,Endothelial cell,CAV2
lung,Endothelial cell,CAVIN1
lung,Endothelial cell,CD144
lung,Endothelial cell,CD146
lung,Endothelial cell,CD200
lung,Endothelial cell,CD31
lung,Endothelial cell,CD34
lung,Endothelial cell,CD36
lung,Endothelial cell,CD93
lung,Endothelial cell,CD97
lung,Endothelial cell,CDH5
lung,Endothelial cell,CEMIP2
lung,Endothelial cell,CLDN5
lung,Endothelial cell,CLEC14A
lung,Endothelial cell,CLEC1A
lung,Endothelial cell,CLEC9A
lung,Endothelial cell,CLIC5
lung,Endothelial cell,COBLL1
lung,Endothelial cell,COL4A1
lung,Endothelial cell,COPG2
lung,Endothelial cell,CPNE8
lung,Endothelial cell,CRIP2
lung,Endothelial cell,CTLA2A
lung,Endothelial cell,CXX1A
lung,Endothelial cell,CXX1B
lung,Endothelial cell,CYYR1
lung,Endothelial cell,DPYSL3
lung,Endothelial cell,ECSCR
lung,Endothelial cell,EDIL3
lung,Endothelial cell,EDN1
lung,Endothelial cell,EFNA1
lung,Endothelial cell,EGFL7
lung,Endothelial cell,EHD4
lung,Endothelial cell,ELK3
lung,Endothelial cell,EMCN
lung,Endothelial cell,ENDOCAN
lung,Endothelial cell,ENDOMUCIN
lung,Endothelial cell,ENG
lung,Endothelial cell,EPAS1
lung,Endothelial cell,EPHB4
lung,Endothelial cell,ESAM
lung,Endothelial cell,ESM1
lung,Endothelial cell,ETS1
lung,Endothelial cell,F11R
lung,Endothelial cell,FAM198B
lung,Endothelial cell,FGD5
lung,Endothelial cell,FKBP1A
lung,Endothelial cell,FLI1
lung,Endothelial cell,FLT1
lung,Endothelial cell,FLT4
lung,Endothelial cell,FXYD5
lung,Endothelial cell,GAP43
lung,Endothelial cell,GARRE1
lung,Endothelial cell,GASK1B
lung,Endothelial cell,GATA2
lung,Endothelial cell,GCHFR
lung,Endothelial cell,GIMAP1
lung,Endothelial cell,GIMAP4
lung,Endothelial cell,GIMAP5
lung,Endothelial cell,GIMAP6
lung,Endothelial cell,GMFG
lung,Endothelial cell,GNG11
lung,Endothelial cell,GPIHBP1
lung,Endothelial cell,GPR116
lung,Endothelial cell,GRAP
lung,Endothelial cell,GUK1
lung,Endothelial cell,HEY1
lung,Endothelial cell,HSPA1B
lung,Endothelial cell,ICA1
lung,Endothelial cell,ICAM2
lung,Endothelial cell,ID3
lung,Endothelial cell,IER3
lung,Endothelial cell,IFITM2
lung,Endothelial cell,IGFBP7
lung,Endothelial cell,IL2RG
lung,Endothelial cell,ITGA2
lung,Endothelial cell,ITGA6
lung,Endothelial cell,JCAD
lung,Endothelial cell,JUP
lung,Endothelial cell,KCTD12B
lung,Endothelial cell,KDR
lung,Endothelial cell,KIT
lung,Endothelial cell,KLHL4
lung,Endothelial cell,LDB2
lung,Endothelial cell,LMO2
lung,Endothelial cell,LUZP1
lung,Endothelial cell,LXN
lung,Endothelial cell,LY6A
lung,Endothelial cell,LY6E
lung,Endothelial cell,LYVE-1
lung,Endothelial cell,LYVE1
lung,Endothelial cell,MCAM
lung,Endothelial cell,MEST
lung,Endothelial cell,MFNG
lung,Endothelial cell,MID2
lung,Endothelial cell,MLLT4
lung,Endothelial cell,MMRN2
lung,Endothelial cell,MYCT1
lung,Endothelial cell,MYZAP
lung,Endothelial cell,NOS3
lung,Endothelial cell,NOSTRIN
lung,Endothelial cell,NPDC1
lung,Endothelial cell,NUP210
lung,Endothelial cell,PCDH12
lung,Endothelial cell,PCDH17
lung,Endothelial cell,PDE4B
lung,Endothelial cell,PECAM1
lung,Endothelial cell,PIEZO2
lung,Endothelial cell,PLEKHA1
lung,Endothelial cell,PLTP
lung,Endothelial cell,PLVAP
lung,Endothelial cell,PPM1F
lung,Endothelial cell,PPP1R16B
lung,Endothelial cell,PRKCH
lung,Endothelial cell,PTPRB
lung,Endothelial cell,PTPRM
lung,Endothelial cell,PTRF
lung,Endothelial cell,RAMP2
lung,Endothelial cell,RASGRP3
lung,Endothelial cell,RASIP1
lung,Endothelial cell,RGCC
lung,Endothelial cell,RHOJ
lung,Endothelial cell,RNF122
lung,Endothelial cell,RTL8A
lung,Endothelial cell,RTL8B
lung,Endothelial cell,S100A10
lung,Endothelial cell,S100A16
lung,Endothelial cell,SCARB1
lung,Endothelial cell,SCARF1
lung,Endothelial cell,SCN3B
lung,Endothelial cell,SCN7A
lung,Endothelial cell,SGK1
lung,Endothelial cell,SLC43A3
lung,Endothelial cell,SLC9A3R2
lung,Endothelial cell,SMAD1
lung,Endothelial cell,SMTN
lung,Endothelial cell,SNRK
lung,Endothelial cell,SRGN
lung,Endothelial cell,STAB2
lung,Endothelial cell,STARD4
lung,Endothelial cell,TEK
lung,Endothelial cell,THSD1
lung,Endothelial cell,TIE1
lung,Endothelial cell,TJP1
lung,Endothelial cell,TM4SF1
lung,Endothelial cell,TMEM100
lung,Endothelial cell,TMEM2
lung,Endothelial cell,TMEM88
lung,Endothelial cell,TNFAIP8L1
lung,Endothelial cell,TRP53I11
lung,Endothelial cell,TSPAN13
lung,Endothelial cell,TSPAN7
lung,Endothelial cell,TXNIP
lung,Endothelial cell,VIM
lung,Endothelial cell,VON WILLEBRAND FACTOR
lung,Endothelial cell,VWF
lung,Eosinophil,ACOD1
lung,Eosinophil,ADGRE1
lung,Eosinophil,CD51
lung,Eosinophil,CD54
lung,Eosinophil,CD62L
lung,Eosinophil,CD80
lung,Eosinophil,CD95
lung,Eosinophil,CLEC4D
lung,Eosinophil,CXCL2
lung,Eosinophil,ECP
lung,Eosinophil,F4/80
lung,Eosinophil,FAS
lung,Eosinophil,G0S2
lung,Eosinophil,ICAM1
lung,Eosinophil,IL1B
lung,Eosinophil,IL1R2
lung,Eosinophil,ITGAV
lung,Eosinophil,RETNLG
lung,Eosinophil,RNASE3
lung,Eosinophil,S100A9
lung,Eosinophil,SELL
lung,Eosinophil,SIGLEC-F
lung,Eosinophil,SIGLECF
lung,Eosinophil,SLPI
lung,Epithelial cell,ADIPOQ
lung,Epithelial cell,AGER
lung,Epithelial cell,AGR2
lung,Epithelial cell,ALOX15
lung,Epithelial cell,ANLN
lung,Epithelial cell,ANPEP
lung,Epithelial cell,APN
lung,Epithelial cell,APOA1
lung,Epithelial cell,AQP3
lung,Epithelial cell,BMI1
lung,Epithelial cell,BOK
lung,Epithelial cell,BRCA1
lung,Epithelial cell,CASC5
lung,Epithelial cell,CCL20
lung,Epithelial cell,CD2
lung,Epithelial cell,CDH1
lung,Epithelial cell,CDH3
lung,Epithelial cell,CDKL1
lung,Epithelial cell,CDKN2A
lung,Epithelial cell,CDKN3
lung,Epithelial cell,CEACAM5
lung,Epithelial cell,CKAP2
lung,Epithelial cell,CKAP2L
lung,Epithelial cell,CRYBA1
lung,Epithelial cell,CTSE
lung,Epithelial cell,CXCL10
lung,Epithelial cell,CXCL17
lung,Epithelial cell,CXCL8
lung,Epithelial cell,CYB5A
lung,Epithelial cell,DEFB1
lung,Epithelial cell,DESMIN
lung,Epithelial cell,DGAT2
lung,Epithelial cell,DKK3
lung,Epithelial cell,DLX5
lung,Epithelial cell,ECT2
lung,Epithelial cell,EHF
lung,Epithelial cell,ELF3
lung,Epithelial cell,EMILIN2
lung,Epithelial cell,EXO1
lung,Epithelial cell,F5
lung,Epithelial cell,FERMT1
lung,Epithelial cell,FMO5
lung,Epithelial cell,FOXA1
lung,Epithelial cell,FZD6
lung,Epithelial cell,GABRP
lung,Epithelial cell,GATA2
lung,Epithelial cell,GGT1
lung,Epithelial cell,GPA33
lung,Epithelial cell,GUCA2A
lung,Epithelial cell,HBEGF
lung,Epithelial cell,HIRIP3
lung,Epithelial cell,HMMR
lung,Epithelial cell,ICAM1
lung,Epithelial cell,IFI16
lung,Epithelial cell,IL1R1
lung,Epithelial cell,INCENP
lung,Epithelial cell,ITGA1
lung,Epithelial cell,ITGA2
lung,Epithelial cell,ITGA4
lung,Epithelial cell,ITGA5
lung,Epithelial cell,ITGAL
lung,Epithelial cell,ITGB4
lung,Epithelial cell,ITPR2
lung,Epithelial cell,IVL
lung,Epithelial cell,KAP
lung,Epithelial cell,KIF15
lung,Epithelial cell,KIF20B
lung,Epithelial cell,KIF23
lung,Epithelial cell,KLK1
lung,Epithelial cell,KLK10
lung,Epithelial cell,KLK3
lung,Epithelial cell,KLKB1
lung,Epithelial cell,KRT1
lung,Epithelial cell,KRT13
lung,Epithelial cell,KRT14
lung,Epithelial cell,KRT15
lung,Epithelial cell,KRT16
lung,Epithelial cell,KRT19
lung,Epithelial cell,KRT2
lung,Epithelial cell,KRT3
lung,Epithelial cell,KRT5
lung,Epithelial cell,KRT6
lung,Epithelial cell,KRT7
lung,Epithelial cell,KRT72
lung,Epithelial cell,KRT8
lung,Epithelial cell,LGALS4
lung,Epithelial cell,LTF
lung,Epithelial cell,LYPD8
lung,Epithelial cell,MECOM
lung,Epithelial cell,MEP1
lung,Epithelial cell,MEP1A
lung,Epithelial cell,MEP7
lung,Epithelial cell,MSX1
lung,Epithelial cell,MUC1
lung,Epithelial cell,MUC13
lung,Epithelial cell,MUC16
lung,Epithelial cell,MUC3
lung,Epithelial cell,MUC3A
lung,Epithelial cell,NAPSA
lung,Epithelial cell,NES1
lung,Epithelial cell,NKD1
lung,Epithelial cell,NRP2
lung,Epithelial cell,OIT1
lung,Epithelial cell,P2RX7
lung,Epithelial cell,PAQR5
lung,Epithelial cell,PGR
lung,Epithelial cell,PHGR1
lung,Epithelial cell,PIGR
lung,Epithelial cell,PLA2G4A
lung,Epithelial cell,PLEKHS1
lung,Epithelial cell,PMEL
lung,Epithelial cell,PPN1
lung,Epithelial cell,PRC1
lung,Epithelial cell,PRG4
lung,Epithelial cell,PROM1
lung,Epithelial cell,PRSS32
lung,Epithelial cell,PSCA
lung,Epithelial cell,RAI14
lung,Epithelial cell,RNF128
lung,Epithelial cell,S100A14
lung,Epithelial cell,SAA3
lung,Epithelial cell,SAA3P
lung,Epithelial cell,SCGB1A1
lung,Epithelial cell,SCNN1A
lung,Epithelial cell,SCNN1B
lung,Epithelial cell,SCNN1D
lung,Epithelial cell,SCNN1G
lung,Epithelial cell,SEC23B
lung,Epithelial cell,SELENBP1
lung,Epithelial cell,SFN
lung,Epithelial cell,SFRP5
lung,Epithelial cell,SI
lung,Epithelial cell,SLC25A48
lung,Epithelial cell,SLC46A2
lung,Epithelial cell,SPRR1B
lung,Epithelial cell,SPRR2A1
lung,Epithelial cell,SPTSSB
lung,Epithelial cell,SYCN
lung,Epithelial cell,TACSTD2
lung,Epithelial cell,TCP1
lung,Epithelial cell,THRSP
lung,Epithelial cell,TM4SF20
lung,Epithelial cell,TP63
lung,Epithelial cell,TSPAN1
lung,Epithelial cell,TSPAN8
lung,Epithelial cell,TSTD1
lung,Epithelial cell,TTR
lung,Epithelial cell,VSIG2
lung,Epithelial cell,ZFP322A
lung,Epithelial cell,ZFP42
lung,Epithelial cell,ZFP704
lung,Fibroblast,ABCA8A
lung,Fibroblast,ABLIM1
lung,Fibroblast,ADAMTS2
lung,Fibroblast,ADH1B
lung,Fibroblast,BICC1
lung,Fibroblast,C1R
lung,Fibroblast,C1S
lung,Fibroblast,C1S1
lung,Fibroblast,C3
lung,Fibroblast,CCDC80
lung,Fibroblast,CD34
lung,Fibroblast,CELF2
lung,Fibroblast,CFD
lung,Fibroblast,COL15A1
lung,Fibroblast,COL1A1
lung,Fibroblast,COL1A2
lung,Fibroblast,COL6A1
lung,Fibroblast,DCN
lung,Fibroblast,DPEP1
lung,Fibroblast,DPT
lung,Fibroblast,ENTPD2
lung,Fibroblast,FBLN1
lung,Fibroblast,FBLN2
lung,Fibroblast,GFPT2
lung,Fibroblast,GSN
lung,Fibroblast,HEG1
lung,Fibroblast,HSD11B1
lung,Fibroblast,HTRA3
lung,Fibroblast,IGFBP6
lung,Fibroblast,LOXL1
lung,Fibroblast,LPAR1
lung,Fibroblast,LSP1
lung,Fibroblast,LUM
lung,Fibroblast,LY6A
lung,Fibroblast,MEDAG
lung,Fibroblast,MFAP4
lung,Fibroblast,MFAP5
lung,Fibroblast,MGST1
lung,Fibroblast,MMP2
lung,Fibroblast,NAV1
lung,Fibroblast,OLFML3
lung,Fibroblast,PCOLCE2
lung,Fibroblast,PDGFRA
lung,Fibroblast,PI16
lung,Fibroblast,RNASE4
lung,Fibroblast,S100A10
lung,Fibroblast,S100A16
lung,Fibroblast,SCARA5
lung,Fibroblast,SERPINF1
lung,Fibroblast,SLC43A3
lung,Fibroblast,SLIT2
lung,Fibroblast,UGDH
lung,Fibromyocyte,CLU
lung,Fibromyocyte,CNN1
lung,Fibromyocyte,CSDC2
lung,Fibromyocyte,CSRP1
lung,Fibromyocyte,CST5
lung,Fibromyocyte,FAM150A
lung,Fibromyocyte,HSPB3
lung,Fibromyocyte,IGF1
lung,Fibromyocyte,MET
lung,Fibromyocyte,MYLK
lung,Fibromyocyte,PDLIM7
lung,Fibromyocyte,RAMP1
lung,Fibromyocyte,SCUBE1
lung,Fibromyocyte,SCX
lung,Fibromyocyte,TBC1D10A
lung,Goblet cell,AGR2
lung,Goblet cell,AQP5
lung,Goblet cell,C3
lung,Goblet cell,CBR2
lung,Goblet cell,CEACAM1
lung,Goblet cell,CLIC1
lung,Goblet cell,COX5A
lung,Goblet cell,CXCL17
lung,Goblet cell,DCPP1
lung,Goblet cell,DCPP2
lung,Goblet cell,DCPP3
lung,Goblet cell,DMBT1
lung,Goblet cell,DUSP4
lung,Goblet cell,FAM3D
lung,Goblet cell,FXYD3
lung,Goblet cell,GABRP
lung,Goblet cell,GALNT5
lung,Goblet cell,GALNT6
lung,Goblet cell,GGH
lung,Goblet cell,GOLPH3
lung,Goblet cell,GP2
lung,Goblet cell,LCN2
lung,Goblet cell,LIPF
lung,Goblet cell,LTF
lung,Goblet cell,MSLN
lung,Goblet cell,MSMB
lung,Goblet cell,MUC16
lung,Goblet cell,MUC20
lung,Goblet cell,MUC4
lung,Goblet cell,MUC5AC
lung,Goblet cell,MUC5B
lung,Goblet cell,PIGR
lung,Goblet cell,PSCA
lung,Goblet cell,QSOX1
lung,Goblet cell,S100P
lung,Goblet cell,SCGB3A1
lung,Goblet cell,SEC23B
lung,Goblet cell,SPDEF
lung,Goblet cell,TFF2
lung,Goblet cell,TXN
lung,Goblet cell,WFDC18
lung,Goblet cell,WFDC2
lung,Goblet cell,ZG16B
lung,Granulocyte,CCL12
lung,Granulocyte,IFN-GAMMA
lung,Granulocyte,IFNG
lung,Granulocyte,IL-6
lung,Granulocyte,IL6
lung,Granulocyte,MCP-1
lung,Granulocyte,MPO
lung,Granulocyte,MYELOPEROXIDASE
lung,Granulocyte,TNF
lung,Granulocyte,TNF-ALPHA
lung,Lipofibroblast,ABCG1
lung,Lipofibroblast,ADRP
lung,Lipofibroblast,C3
lung,Lipofibroblast,C7
lung,Lipofibroblast,CCDC71L
lung,Lipofibroblast,CCL6
lung,Lipofibroblast,CPXM1
lung,Lipofibroblast,DMKN
lung,Lipofibroblast,EAR1
lung,Lipofibroblast,EAR2
lung,Lipofibroblast,FABP1
lung,Lipofibroblast,FABP4
lung,Lipofibroblast,FABP5
lung,Lipofibroblast,FGF7
lung,Lipofibroblast,HAS1
lung,Lipofibroblast,KRT79
lung,Lipofibroblast,LIPA
lung,Lipofibroblast,LPL
lung,Lipofibroblast,MEDAG
lung,Lipofibroblast,MRC1
lung,Lipofibroblast,NR2F6
lung,Lipofibroblast,OSR1
lung,Lipofibroblast,PLET1
lung,Lipofibroblast,PLIN2
lung,Lipofibroblast,PPA1
lung,Lipofibroblast,PPARG
lung,Lipofibroblast,PTMA
lung,Lipofibroblast,STEAP1
lung,Lipofibroblast,WT1
lung,Lymphatic endothelial cell,CCL21
lung,Lymphatic endothelial cell,CLDN5
lung,Lymphatic endothelial cell,ECSCR
lung,Lymphatic endothelial cell,GNG11
lung,Lymphatic endothelial cell,IGFBP7
lung,Lymphatic endothelial cell,MMRN1
lung,Lymphatic endothelial cell,PPFIBP1
lung,Lymphatic endothelial cell,RAMP2
lung,Lymphatic endothelial cell,SDPR
lung,Lymphatic endothelial cell,TM4SF1
lung,Lymphoid cell,CCL5
lung,Lymphoid cell,CD2
lung,Lymphoid cell,CD3D
lung,Lymphoid cell,CD69
lung,Lymphoid cell,CD7
lung,Lymphoid cell,CORO1A
lung,Lymphoid cell,CXCR4
lung,Lymphoid cell,GZMA
lung,Lymphoid cell,IL32
lung,Lymphoid cell,NKG7
lung,M1 Macrophage,CCR7
lung,M1 Macrophage,CD197
lung,M1 Macrophage,CD40
lung,M1 Macrophage,CD68
lung,M1 Macrophage,CXCL10
lung,M1 Macrophage,HLA-DR
lung,M1 Macrophage,IL-12
lung,M1 Macrophage,IL12A
lung,M1 Macrophage,IL12B
lung,M1 Macrophage,INDUCIBLE NITRIC OXIDE SYNTHASE(INOS)
lung,M1 Macrophage,INOS
lung,M1 Macrophage,IRF5
lung,M1 Macrophage,NOS2
lung,M1 Macrophage,TNF
lung,M1 Macrophage,TNF-ALPHA
lung,M2 Macrophage,ARG-1
lung,M2 Macrophage,ARG1
lung,M2 Macrophage,CCL18
lung,M2 Macrophage,CD163
lung,M2 Macrophage,CD206
lung,M2 Macrophage,CD68
lung,M2 Macrophage,IL-10
lung,M2 Macrophage,IL10
lung,M2 Macrophage,MRC1
lung,Macrophage,ACP5
lung,Macrophage,ADGRE1
lung,Macrophage,ALPHA-NAPHTHYL-ACETATE-ESTERASE
lung,Macrophage,ANLN
lung,Macrophage,APOC1
lung,Macrophage,ARG-1
lung,Macrophage,ARG1
lung,Macrophage,BCL2A1B
lung,Macrophage,BCL2A1D
lung,Macrophage,BGLAP3
lung,Macrophage,BIRC5
lung,Macrophage,C1QA
lung,Macrophage,C1QB
lung,Macrophage,CA4
lung,Macrophage,CAR4
lung,Macrophage,CCL18
lung,Macrophage,CCL2
lung,Macrophage,CCL3
lung,Macrophage,CCL6
lung,Macrophage,CD11A
lung,Macrophage,CD11B
lung,Macrophage,CD11C
lung,Macrophage,CD14
lung,Macrophage,CD16
lung,Macrophage,CD163
lung,Macrophage,CD200R
lung,Macrophage,CD200R1
lung,Macrophage,CD206
lung,Macrophage,CD36
lung,Macrophage,CD54
lung,Macrophage,CD64
lung,Macrophage,CD68
lung,Macrophage,CD71
lung,Macrophage,CD80
lung,Macrophage,CD83
lung,Macrophage,CD86
lung,Macrophage,CDK1
lung,Macrophage,CHIL3
lung,Macrophage,CLEC7A
lung,Macrophage,CSF2RB
lung,Macrophage,CTSS
lung,Macrophage,CXCL2
lung,Macrophage,CYP27A1
lung,Macrophage,EAR1
lung,Macrophage,EAR2
lung,Macrophage,F4/80
lung,Macrophage,FCER1G
lung,Macrophage,FCGR1
lung,Macrophage,FCGR1A
lung,Macrophage,FCGR3A
lung,Macrophage,FCGR3B
lung,Macrophage,FCGR4
lung,Macrophage,FIZZ1
lung,Macrophage,G0S2
lung,Macrophage,GAL
lung,Macrophage,GDA
lung,Macrophage,GNGT2
lung,Macrophage,GPD1
lung,Macrophage,GPNMB
lung,Macrophage,H2AFZ
lung,Macrophage,HLA CLASS II
lung,Macrophage,ICAM1
lung,Macrophage,IL-10
lung,Macrophage,IL-1RA
lung,Macrophage,IL10
lung,Macrophage,IL1B
lung,Macrophage,IL1RN
lung,Macrophage,ITGAL
lung,Macrophage,ITGAM
lung,Macrophage,ITGAX
lung,Macrophage,KLHDC4
lung,Macrophage,KPNA2
lung,Macrophage,LAPTM5
lung,Macrophage,LGALS3
lung,Macrophage,LYZ1
lung,Macrophage,MARCO
lung,Macrophage,MCEMP1
lung,Macrophage,MPP1
lung,Macrophage,MRC1
lung,Macrophage,MSR1
lung,Macrophage,NR2F6
lung,Macrophage,NUSAP1
lung,Macrophage,OLR1
lung,Macrophage,PLET1
lung,Macrophage,RETNLA
lung,Macrophage,RETNLB
lung,Macrophage,RFD7
lung,Macrophage,RHEB
lung,Macrophage,S100A4
lung,Macrophage,SIGLEC-F
lung,Macrophage,SIGLECF
lung,Macrophage,SLCO2B1
lung,Macrophage,STMN1
lung,Macrophage,TFRC
lung,Macrophage,TLR2
lung,Macrophage,TNFAIP2
lung,Macrophage,TPX2
lung,Macrophage,TRIM25
lung,Macrophage,TYMS
lung,Macrophage,UBE2C
lung,Macrophage,VEGF
lung,Macrophage,VIM
lung,Macrophage,VSIG4
lung,Macrophage,WFDC21
lung,Macrophage,YM-1
lung,Mast cell,ADCYAP1
lung,Mast cell,ADORA3
lung,Mast cell,BTK
lung,Mast cell,CPA3
lung,Mast cell,CSF2RB2
lung,Mast cell,CSF2RBP1
lung,Mast cell,FCER1A
lung,Mast cell,GATA2
lung,Mast cell,GRAP2
lung,Mast cell,HDC
lung,Mast cell,HPGDS
lung,Mast cell,IL18R1
lung,Mast cell,IL1RL1
lung,Mast cell,IL2RA
lung,Mast cell,IL4
lung,Mast cell,KIT
lung,Mast cell,MAOB
lung,Mast cell,MCPT4
lung,Mast cell,MLPH
lung,Mast cell,MRGPRB1
lung,Mast cell,MS4A2
lung,Mast cell,RGS13
lung,Mast cell,SLC18A2
lung,Mast cell,SLC24A3
lung,Mast cell,SLC8A3
lung,Mast cell,TESPA1
lung,Mast cell,TPSAB1
lung,Mast cell,TPSB2
lung,Mast cell,TPSD1
lung,Mesenchymal progenitor cell,CCNB2
lung,Mesenchymal progenitor cell,CD52
lung,Mesenchymal progenitor cell,CKS2
lung,Mesenchymal progenitor cell,EZH2
lung,Mesenchymal progenitor cell,H2AC24
lung,Mesenchymal progenitor cell,H2AFX
lung,Mesenchymal progenitor cell,H2AX
lung,Mesenchymal progenitor cell,HIST1H2AP
lung,Mesenchymal progenitor cell,HMGB2
lung,Mesenchymal progenitor cell,HMGB3
lung,Mesenchymal progenitor cell,MCM5
lung,Mesenchymal progenitor cell,MCM6
lung,Mesenchymal progenitor cell,S100A4
lung,Mesenchymal progenitor cell,SSEA-4
lung,Mesenchymal progenitor cell,UBE2C
lung,Mesenchymal progenitor cell,UHRF1
lung,Mesothelial cell,ALDH1A3
lung,Mesothelial cell,C1S
lung,Mesothelial cell,C1S1
lung,Mesothelial cell,C3
lung,Mesothelial cell,CALB2
lung,Mesothelial cell,CDH2
lung,Mesothelial cell,CXCL13
lung,Mesothelial cell,DMKN
lung,Mesothelial cell,DSC3
lung,Mesothelial cell,GALNT9
lung,Mesothelial cell,GFPT2
lung,Mesothelial cell,GPM6A
lung,Mesothelial cell,ITLN1
lung,Mesothelial cell,LGALS2
lung,Mesothelial cell,LRRN4
lung,Mesothelial cell,MGARP
lung,Mesothelial cell,MSLN
lung,Mesothelial cell,N-CADHERIN
lung,Mesothelial cell,NKAIN4
lung,Mesothelial cell,PRG4
lung,Mesothelial cell,RSPO1
lung,Mesothelial cell,SERPING1
lung,Mesothelial cell,SLPI
lung,Mesothelial cell,UPK3B
lung,Mesothelial cell,WT1
lung,Monocyte,CTSS
lung,Monocyte,FCN1
lung,Monocyte,FCNA
lung,Monocyte,IFI211
lung,Monocyte,LYZ
lung,Monocyte,LYZ1
lung,Monocyte,MNDA
lung,Monocyte,NEAT1
lung,Monocyte,PSAP
lung,Monocyte,S100A9
lung,Monocyte,SERPINA1
lung,Monocyte,TYROBP
lung,Mucous cell,BPIFB1
lung,Mucous cell,LCN2
lung,Mucous cell,MSMB
lung,Mucous cell,MUC5B
lung,Mucous cell,RARRES1
lung,Mucous cell,SAA1
lung,Mucous cell,SCGB1A1
lung,Mucous cell,SCGB3A1
lung,Mucous cell,SLPI
lung,Mucous cell,WFDC2
lung,Myeloid cell,ADAP2OS
lung,Myeloid cell,AI607873
lung,Myeloid cell,AIF1
lung,Myeloid cell,ALOX5AP
lung,Myeloid cell,APOBEC1
lung,Myeloid cell,APOE
lung,Myeloid cell,ARHGDIB
lung,Myeloid cell,BCL2A1D
lung,Myeloid cell,CCL9
lung,Myeloid cell,CD53
lung,Myeloid cell,CD68
lung,Myeloid cell,CD86
lung,Myeloid cell,CLEC4A2
lung,Myeloid cell,CLEC7A
lung,Myeloid cell,CORO1A
lung,Myeloid cell,COTL1
lung,Myeloid cell,CSF1R
lung,Myeloid cell,CSF2RB
lung,Myeloid cell,CST3
lung,Myeloid cell,CTSB
lung,Myeloid cell,CTSC
lung,Myeloid cell,CTSD
lung,Myeloid cell,CTSS
lung,Myeloid cell,CYBB
lung,Myeloid cell,DAB2
lung,Myeloid cell,EFHD2
lung,Myeloid cell,F13A1
lung,Myeloid cell,FCER1G
lung,Myeloid cell,FCGR1
lung,Myeloid cell,FCGR2B
lung,Myeloid cell,FCGR3A
lung,Myeloid cell,FCGR4
lung,Myeloid cell,FERMT3
lung,Myeloid cell,FTH1
lung,Myeloid cell,FYB
lung,Myeloid cell,FYB1
lung,Myeloid cell,GM11206
lung,Myeloid cell,HEXA
lung,Myeloid cell,IFI203
lung,Myeloid cell,IFI204
lung,Myeloid cell,IFI207
lung,Myeloid cell,IGSF6
lung,Myeloid cell,IRAG2
lung,Myeloid cell,LAPTM5
lung,Myeloid cell,LCP2
lung,Myeloid cell,LGALS1
lung,Myeloid cell,LGMN
lung,Myeloid cell,LILRB4
lung,Myeloid cell,LILRB4A
lung,Myeloid cell,LRMP
lung,Myeloid cell,LY86
lung,Myeloid cell,LYZ
lung,Myeloid cell,LYZ1
lung,Myeloid cell,LYZ2
lung,Myeloid cell,MARCO
lung,Myeloid cell,MILR1
lung,Myeloid cell,MRC1
lung,Myeloid cell,MS4A6A
lung,Myeloid cell,MS4A6C
lung,Myeloid cell,MS4A6D
lung,Myeloid cell,NCF2
lung,Myeloid cell,NCF4
lung,Myeloid cell,PTAFR
lung,Myeloid cell,PTPRC
lung,Myeloid cell,PYCARD
lung,Myeloid cell,RAC2
lung,Myeloid cell,RASSF4
lung,Myeloid cell,RUNX1
lung,Myeloid cell,SIRPA
lung,Myeloid cell,SLFN2
lung,Myeloid cell,SPI1
lung,Myeloid cell,SRGN
lung,Myeloid cell,TLR2
lung,Myeloid cell,TPD52
lung,Myeloid cell,TREM2
lung,Myeloid cell,TRPV2
lung,Myeloid cell,TYROBP
lung,Myeloid cell,UCKL1
lung,Myeloid cell,UNC93B1
lung,Myeloid leukocyte,AREG
lung,Myeloid leukocyte,BIRC3
lung,Myeloid leukocyte,CD44
lung,Myeloid leukocyte,CD69
lung,Myeloid leukocyte,CPA3
lung,Myeloid leukocyte,GATA2
lung,Myeloid leukocyte,GNPTAB
lung,Myeloid leukocyte,GPR65
lung,Myeloid leukocyte,GRAP2
lung,Myeloid leukocyte,HDC
lung,Myeloid leukocyte,HIPK2
lung,Myeloid leukocyte,HPGDS
lung,Myeloid leukocyte,ICAM1
lung,Myeloid leukocyte,KDM6B
lung,Myeloid leukocyte,KIF13B
lung,Myeloid leukocyte,KIT
lung,Myeloid leukocyte,MS4A2
lung,Myeloid leukocyte,RGS13
lung,Myeloid leukocyte,SLC18A2
lung,Myeloid leukocyte,SRGN
lung,Myeloid leukocyte,TNFRSF9
lung,Myeloid leukocyte,TPSAB1
lung,Myeloid leukocyte,VWA5A
lung,Myofibroblast,AC124170.2
lung,Myofibroblast,ACTA2
lung,Myofibroblast,ACTG2
lung,Myofibroblast,ALPHA-SMA
lung,Myofibroblast,ALPHASMA
lung,Myofibroblast,AP1
lung,Myofibroblast,ASPN
lung,Myofibroblast,BGN
lung,Myofibroblast,CALD1
lung,Myofibroblast,CALPONIN
lung,Myofibroblast,CD248
lung,Myofibroblast,CKB
lung,Myofibroblast,COL12A1
lung,Myofibroblast,COL1A1
lung,Myofibroblast,COL1A2
lung,Myofibroblast,COL3A1
lung,Myofibroblast,COL6A3
lung,Myofibroblast,CTHRC1
lung,Myofibroblast,DES
lung,Myofibroblast,DESMIN
lung,Myofibroblast,EDNRB
lung,Myofibroblast,ENC1
lung,Myofibroblast,FIBRONECTIN
lung,Myofibroblast,FN1
lung,Myofibroblast,FSTL1
lung,Myofibroblast,GHR
lung,Myofibroblast,GYPC
lung,Myofibroblast,HHIP
lung,Myofibroblast,IGF1
lung,Myofibroblast,IIGP1
lung,Myofibroblast,ITGA9
lung,Myofibroblast,ITGBL1
lung,Myofibroblast,JUN
lung,Myofibroblast,JUNB
lung,Myofibroblast,LTBP1
lung,Myofibroblast,MFAP2
lung,Myofibroblast,MGP
lung,Myofibroblast,MLLT3
lung,Myofibroblast,MUSTN1
lung,Myofibroblast,MYH11
lung,Myofibroblast,MYL9
lung,Myofibroblast,MYLK
lung,Myofibroblast,MYOCD
lung,Myofibroblast,NNAT
lung,Myofibroblast,NREP
lung,Myofibroblast,NT5E
lung,Myofibroblast,PDGFRA
lung,Myofibroblast,PDLIM3
lung,Myofibroblast,POSTN
lung,Myofibroblast,RGS2
lung,Myofibroblast,ROBO1
lung,Myofibroblast,SCARA5
lung,Myofibroblast,SCX
lung,Myofibroblast,SMPX
lung,Myofibroblast,SMS
lung,Myofibroblast,SYNPO2
lung,Myofibroblast,TAGLN
lung,Myofibroblast,TBX5
lung,Myofibroblast,TGFBI
lung,Myofibroblast,TPM2
lung,Neuroendocrine cell,ARHGDIG
lung,Neuroendocrine cell,ASCL1
lung,Neuroendocrine cell,ATXN1
lung,Neuroendocrine cell,BEX1
lung,Neuroendocrine cell,CALCA
lung,Neuroendocrine cell,CCDC85C
lung,Neuroendocrine cell,CCK
lung,Neuroendocrine cell,CGRP
lung,Neuroendocrine cell,CHGA
lung,Neuroendocrine cell,CHGB
lung,Neuroendocrine cell,CLASP2
lung,Neuroendocrine cell,CPE
lung,Neuroendocrine cell,CXCL14
lung,Neuroendocrine cell,DPF1
lung,Neuroendocrine cell,DUSP26
lung,Neuroendocrine cell,EGR1
lung,Neuroendocrine cell,FAM46A
lung,Neuroendocrine cell,FXYD7
lung,Neuroendocrine cell,GPR88
lung,Neuroendocrine cell,GRM5
lung,Neuroendocrine cell,HES6
lung,Neuroendocrine cell,MKL2
lung,Neuroendocrine cell,NEGR1
lung,Neuroendocrine cell,NENF
lung,Neuroendocrine cell,NEUROD1
lung,Neuroendocrine cell,NKX2-2
lung,Neuroendocrine cell,NPY
lung,Neuroendocrine cell,NRGN
lung,Neuroendocrine cell,PCSK1
lung,Neuroendocrine cell,PCSK1N
lung,Neuroendocrine cell,PDE10A
lung,Neuroendocrine cell,PENK
lung,Neuroendocrine cell,PPP1R1B
lung,Neuroendocrine cell,PRDX2
lung,Neuroendocrine cell,PRSS12
lung,Neuroendocrine cell,RCOR1
lung,Neuroendocrine cell,RESP18
lung,Neuroendocrine cell,SCG5
lung,Neuroendocrine cell,SCGN
lung,Neuroendocrine cell,SCN2B
lung,Neuroendocrine cell,SEC11C
lung,Neuroendocrine cell,SERPINI1
lung,Neuroendocrine cell,SEZ6L2
lung,Neuroendocrine cell,SFXN5
lung,Neuroendocrine cell,SPOCK1
lung,Neuroendocrine cell,SST
lung,Neuroendocrine cell,TAC1
lung,Neuroendocrine cell,TUBB3
lung,Neutrophil,ADAM8
lung,Neutrophil,ADPGK
lung,Neutrophil,ALOX5AP
lung,Neutrophil,ARG2
lung,Neutrophil,ASPRV1
lung,Neutrophil,AZU1
lung,Neutrophil,BST1
lung,Neutrophil,C5AR1
lung,Neutrophil,CA1
lung,Neutrophil,CAMP
lung,Neutrophil,CAR1
lung,Neutrophil,CCL3
lung,Neutrophil,CCL6
lung,Neutrophil,CCL9
lung,Neutrophil,CCR1
lung,Neutrophil,CCRL2
lung,Neutrophil,CD14
lung,Neutrophil,CD177
lung,Neutrophil,CD24
lung,Neutrophil,CD33
lung,Neutrophil,CEACAM1
lung,Neutrophil,CEACAM8
lung,Neutrophil,CFP
lung,Neutrophil,CHIL3
lung,Neutrophil,CLEC4D
lung,Neutrophil,CLEC4E
lung,Neutrophil,CRP
lung,Neutrophil,CSF3R
lung,Neutrophil,CTSG
lung,Neutrophil,CXCL2
lung,Neutrophil,CXCR1
lung,Neutrophil,CXCR2
lung,Neutrophil,DEFA1
lung,Neutrophil,DEFA2
lung,Neutrophil,DEFA3
lung,Neutrophil,DOCK8
lung,Neutrophil,ELANE
lung,Neutrophil,FCGR1A
lung,Neutrophil,FCGR3A
lung,Neutrophil,FCGR4
lung,Neutrophil,FUT4
lung,Neutrophil,HDC
lung,Neutrophil,HP
lung,Neutrophil,IL1B
lung,Neutrophil,IL1R2
lung,Neutrophil,ITGAM
lung,Neutrophil,ITGAX
lung,Neutrophil,JAML
lung,Neutrophil,LCN2
lung,Neutrophil,LRG1
lung,Neutrophil,LTF
lung,Neutrophil,LY6G
lung,Neutrophil,LYST
lung,Neutrophil,LYZ
lung,Neutrophil,LYZ1
lung,Neutrophil,MMP8
lung,Neutrophil,MMP9
lung,Neutrophil,MPO
lung,Neutrophil,MRGPRA2B
lung,Neutrophil,MYLK
lung,Neutrophil,NCF1
lung,Neutrophil,NGP
lung,Neutrophil,NLRP3
lung,Neutrophil,NR1I3
lung,Neutrophil,OAS3
lung,Neutrophil,OSM
lung,Neutrophil,PECAM1
lung,Neutrophil,PILRA
lung,Neutrophil,PRTN3
lung,Neutrophil,PSTPIP1
lung,Neutrophil,PTGS2
lung,Neutrophil,RETNLG
lung,Neutrophil,S100A4
lung,Neutrophil,S100A8
lung,Neutrophil,S100A9
lung,Neutrophil,SELL
lung,Neutrophil,SERPINB1
lung,Neutrophil,SLC1A5
lung,Neutrophil,SNX20
lung,Neutrophil,SORL1
lung,Neutrophil,STFA2L1
lung,Neutrophil,TLR2
lung,Neutrophil,TREM1
lung,Neutrophil,TREM3
lung,Pericyte,ACTA2
lung,Pericyte,ADPRH
lung,Pericyte,CACNA1C
lung,Pericyte,CARMN
lung,Pericyte,CCDC102B
lung,Pericyte,COL25A1
lung,Pericyte,DLC1
lung,Pericyte,HS6ST3
lung,Pericyte,KCNAB1
lung,Pericyte,LDB3
lung,Pericyte,LMOD1
lung,Pericyte,MAP1B
lung,Pericyte,MCAM
lung,Pericyte,MYH11
lung,Pericyte,NTRK3
lung,Pericyte,PDGFRB
lung,Pericyte,PDZRN4
lung,Pericyte,PRKG1
lung,Pericyte,PRR16
lung,Pericyte,RGS5
lung,Plasma cell,DERL3
lung,Plasma cell,HSP90B1
lung,Plasma cell,MANF
lung,Plasma cell,MZB1
lung,Plasma cell,POU2AF1
lung,Plasma cell,PRDX4
lung,Plasma cell,SEC11C
lung,Plasma cell,SSR4
lung,Plasma cell,TNFRSF17
lung,Plasma cell,XBP1
lung,Pulmonary Ionocyte cell,ASCL3
lung,Pulmonary Ionocyte cell,ATP6V1B1
lung,Pulmonary Ionocyte cell,BIK
lung,Pulmonary Ionocyte cell,BSND
lung,Pulmonary Ionocyte cell,CFTR
lung,Pulmonary Ionocyte cell,CLCNKB
lung,Pulmonary Ionocyte cell,CYP2F2
lung,Pulmonary Ionocyte cell,FOXI1
lung,Pulmonary Ionocyte cell,FOXN4
lung,Pulmonary Ionocyte cell,HEPACAM2
lung,Pulmonary Ionocyte cell,KCNMA1
lung,Pulmonary Ionocyte cell,MFSD6L
lung,Pulmonary Ionocyte cell,PHGR1
lung,Pulmonary Ionocyte cell,PSMG1
lung,Pulmonary Ionocyte cell,SCGB1A1
lung,Pulmonary Ionocyte cell,SLC12A2
lung,Pulmonary Ionocyte cell,SLC9A4
lung,Pulmonary Ionocyte cell,SLC9A7
lung,Pulmonary Ionocyte cell,SMIM11
lung,Pulmonary Ionocyte cell,STAC2
lung,Pulmonary Ionocyte cell,TFCP2L1
lung,Pulmonary Ionocyte cell,TFF3
lung,Pulmonary Ionocyte cell,TMEM61
lung,Pulmonary Ionocyte cell,TMPRSS11E
lung,Pulmonary alveolar type I cell,AGER
lung,Pulmonary alveolar type I cell,AGRN
lung,Pulmonary alveolar type I cell,AHNAK
lung,Pulmonary alveolar type I cell,AKAP2
lung,Pulmonary alveolar type I cell,AKAP5
lung,Pulmonary alveolar type I cell,AQP3
lung,Pulmonary alveolar type I cell,AQP5
lung,Pulmonary alveolar type I cell,ARHGEF26
lung,Pulmonary alveolar type I cell,BCAM
lung,Pulmonary alveolar type I cell,CAV1
lung,Pulmonary alveolar type I cell,CAVIN1
lung,Pulmonary alveolar type I cell,CAVIN2
lung,Pulmonary alveolar type I cell,CLDN18
lung,Pulmonary alveolar type I cell,CLIC5
lung,Pulmonary alveolar type I cell,COL4A3
lung,Pulmonary alveolar type I cell,COL4A4
lung,Pulmonary alveolar type I cell,CRLF1
lung,Pulmonary alveolar type I cell,CTGF
lung,Pulmonary alveolar type I cell,CYP2B10
lung,Pulmonary alveolar type I cell,CYP4B1
lung,Pulmonary alveolar type I cell,DPYSL2
lung,Pulmonary alveolar type I cell,DST
lung,Pulmonary alveolar type I cell,EGFL6
lung,Pulmonary alveolar type I cell,EMP2
lung,Pulmonary alveolar type I cell,FSTL3
lung,Pulmonary alveolar type I cell,GPRC5A
lung,Pulmonary alveolar type I cell,GRAMD2
lung,Pulmonary alveolar type I cell,GRAMD2A
lung,Pulmonary alveolar type I cell,HOPX
lung,Pulmonary alveolar type I cell,ICAM1
lung,Pulmonary alveolar type I cell,IGFBP6
lung,Pulmonary alveolar type I cell,IGFBP7
lung,Pulmonary alveolar type I cell,KRT7
lung,Pulmonary alveolar type I cell,LAMA3
lung,Pulmonary alveolar type I cell,LGALS3
lung,Pulmonary alveolar type I cell,LIMCH1
lung,Pulmonary alveolar type I cell,LMO7
lung,Pulmonary alveolar type I cell,MALAT1
lung,Pulmonary alveolar type I cell,MEX3B
lung,Pulmonary alveolar type I cell,MMP11
lung,Pulmonary alveolar type I cell,MSN
lung,Pulmonary alveolar type I cell,OTS-8
lung,Pulmonary alveolar type I cell,P2RX7
lung,Pulmonary alveolar type I cell,P2X7
lung,Pulmonary alveolar type I cell,PAKAP
lung,Pulmonary alveolar type I cell,PDPN
lung,Pulmonary alveolar type I cell,PMP22
lung,Pulmonary alveolar type I cell,PTRF
lung,Pulmonary alveolar type I cell,PXDC1
lung,Pulmonary alveolar type I cell,QK
lung,Pulmonary alveolar type I cell,RADIL
lung,Pulmonary alveolar type I cell,RTKN2
lung,Pulmonary alveolar type I cell,S100A14
lung,Pulmonary alveolar type I cell,S100A6
lung,Pulmonary alveolar type I cell,SAMHD1
lung,Pulmonary alveolar type I cell,SCEL
lung,Pulmonary alveolar type I cell,SCNN1A
lung,Pulmonary alveolar type I cell,SCNN1B
lung,Pulmonary alveolar type I cell,SCNN1G
lung,Pulmonary alveolar type I cell,SDPR
lung,Pulmonary alveolar type I cell,SEC14L3
lung,Pulmonary alveolar type I cell,SEMA3A
lung,Pulmonary alveolar type I cell,SEMA3B
lung,Pulmonary alveolar type I cell,SEMA3E
lung,Pulmonary alveolar type I cell,SMARCA1
lung,Pulmonary alveolar type I cell,SPARC
lung,Pulmonary alveolar type I cell,SPOCK2
lung,Pulmonary alveolar type I cell,TIMP3
lung,Pulmonary alveolar type I cell,TINAGL1
lung,Pulmonary alveolar type I cell,VEGFA
lung,Pulmonary alveolar type II cell,ABCA3
lung,Pulmonary alveolar type II cell,ABCD3
lung,Pulmonary alveolar type II cell,ACOT7
lung,Pulmonary alveolar type II cell,ADGRF5
lung,Pulmonary alveolar type II cell,AGER
lung,Pulmonary alveolar type II cell,ALCAM
lung,Pulmonary alveolar type II cell,ANG
lung,Pulmonary alveolar type II cell,APOE
lung,Pulmonary alveolar type II cell,APP
lung,Pulmonary alveolar type II cell,AQP5
lung,Pulmonary alveolar type II cell,ARC
lung,Pulmonary alveolar type II cell,ATP11A
lung,Pulmonary alveolar type II cell,ATP1B1
lung,Pulmonary alveolar type II cell,BCAM
lung,Pulmonary alveolar type II cell,BEX2
lung,Pulmonary alveolar type II cell,BEX4
lung,Pulmonary alveolar type II cell,CAR8
lung,Pulmonary alveolar type II cell,CAT
lung,Pulmonary alveolar type II cell,CBR2
lung,Pulmonary alveolar type II cell,CD36
lung,Pulmonary alveolar type II cell,CD44
lung,Pulmonary alveolar type II cell,CD44V6
lung,Pulmonary alveolar type II cell,CD59A
lung,Pulmonary alveolar type II cell,CD74
lung,Pulmonary alveolar type II cell,CEBPA
lung,Pulmonary alveolar type II cell,CES1D
lung,Pulmonary alveolar type II cell,CHCHD10
lung,Pulmonary alveolar type II cell,CHI3L1
lung,Pulmonary alveolar type II cell,CHIA1
lung,Pulmonary alveolar type II cell,CHIL1
lung,Pulmonary alveolar type II cell,CHSY1
lung,Pulmonary alveolar type II cell,CLDN1
lung,Pulmonary alveolar type II cell,CLDN18
lung,Pulmonary alveolar type II cell,CLDN3
lung,Pulmonary alveolar type II cell,CLTC
lung,Pulmonary alveolar type II cell,CMTM8
lung,Pulmonary alveolar type II cell,COX6A2
lung,Pulmonary alveolar type II cell,CPM
lung,Pulmonary alveolar type II cell,CRIP2
lung,Pulmonary alveolar type II cell,CRLF1
lung,Pulmonary alveolar type II cell,CTNNB1
lung,Pulmonary alveolar type II cell,CTNND1
lung,Pulmonary alveolar type II cell,CTSC
lung,Pulmonary alveolar type II cell,CTSH
lung,Pulmonary alveolar type II cell,CXCL15
lung,Pulmonary alveolar type II cell,CXCL2
lung,Pulmonary alveolar type II cell,CXCR2
lung,Pulmonary alveolar type II cell,DCXR
lung,Pulmonary alveolar type II cell,DDX3Y
lung,Pulmonary alveolar type II cell,DLK1
lung,Pulmonary alveolar type II cell,DRAM1
lung,Pulmonary alveolar type II cell,EGFL6
lung,Pulmonary alveolar type II cell,ELOVL1
lung,Pulmonary alveolar type II cell,EMP2
lung,Pulmonary alveolar type II cell,ETV5
lung,Pulmonary alveolar type II cell,FABP12
lung,Pulmonary alveolar type II cell,FABP5
lung,Pulmonary alveolar type II cell,FASN
lung,Pulmonary alveolar type II cell,GABRP
lung,Pulmonary alveolar type II cell,GDE1
lung,Pulmonary alveolar type II cell,GLRX
lung,Pulmonary alveolar type II cell,GM43085
lung,Pulmonary alveolar type II cell,GPRC5A
lung,Pulmonary alveolar type II cell,GRK2
lung,Pulmonary alveolar type II cell,H2-AA
lung,Pulmonary alveolar type II cell,H2-AB1
lung,Pulmonary alveolar type II cell,H2-D1
lung,Pulmonary alveolar type II cell,H2-EB1
lung,Pulmonary alveolar type II cell,H2-K1
lung,Pulmonary alveolar type II cell,H2-Q6
lung,Pulmonary alveolar type II cell,H2AFJ
lung,Pulmonary alveolar type II cell,HC
lung,Pulmonary alveolar type II cell,HP
lung,Pulmonary alveolar type II cell,IL1B
lung,Pulmonary alveolar type II cell,IL33
lung,Pulmonary alveolar type II cell,INMT
lung,Pulmonary alveolar type II cell,IQGAP1
lung,Pulmonary alveolar type II cell,IRX1
lung,Pulmonary alveolar type II cell,LAMP3
lung,Pulmonary alveolar type II cell,LCN2
lung,Pulmonary alveolar type II cell,LGI3
lung,Pulmonary alveolar type II cell,LPCAT1
lung,Pulmonary alveolar type II cell,LRG1
lung,Pulmonary alveolar type II cell,LY6E
lung,Pulmonary alveolar type II cell,LY6I
lung,Pulmonary alveolar type II cell,LYZ1
lung,Pulmonary alveolar type II cell,LYZ2
lung,Pulmonary alveolar type II cell,MALAT1
lung,Pulmonary alveolar type II cell,MAP7D1
lung,Pulmonary alveolar type II cell,METTL7A1
lung,Pulmonary alveolar type II cell,MGST1
lung,Pulmonary alveolar type II cell,MID1IP1
lung,Pulmonary alveolar type II cell,MLC1
lung,Pulmonary alveolar type II cell,MUC1
lung,Pulmonary alveolar type II cell,NAPSA
lung,Pulmonary alveolar type II cell,NEAT1
lung,Pulmonary alveolar type II cell,NKX2-1
lung,Pulmonary alveolar type II cell,NPC2
lung,Pulmonary alveolar type II cell,NRN1
lung,Pulmonary alveolar type II cell,NUPR1
lung,Pulmonary alveolar type II cell,OAT
lung,Pulmonary alveolar type II cell,PEPSINOGEN C
lung,Pulmonary alveolar type II cell,PGC
lung,Pulmonary alveolar type II cell,PI4K2B
lung,Pulmonary alveolar type II cell,PIGR
lung,Pulmonary alveolar type II cell,PLA2G1B
lung,Pulmonary alveolar type II cell,PPBP
lung,Pulmonary alveolar type II cell,PPP1R14C
lung,Pulmonary alveolar type II cell,PRNP
lung,Pulmonary alveolar type II cell,PTPRF
lung,Pulmonary alveolar type II cell,RAB27A
lung,Pulmonary alveolar type II cell,RETNLA
lung,Pulmonary alveolar type II cell,RNASE4
lung,Pulmonary alveolar type II cell,RUNX3
lung,Pulmonary alveolar type II cell,S100A11
lung,Pulmonary alveolar type II cell,S100G
lung,Pulmonary alveolar type II cell,SCD1
lung,Pulmonary alveolar type II cell,SCD2
lung,Pulmonary alveolar type II cell,SCP2
lung,Pulmonary alveolar type II cell,SDC1
lung,Pulmonary alveolar type II cell,SELENBP1
lung,Pulmonary alveolar type II cell,SELENOP
lung,Pulmonary alveolar type II cell,SFTA2
lung,Pulmonary alveolar type II cell,SFTPA1
lung,Pulmonary alveolar type II cell,SFTPA2
lung,Pulmonary alveolar type II cell,SFTPB
lung,Pulmonary alveolar type II cell,SFTPC
lung,Pulmonary alveolar type II cell,SFTPD
lung,Pulmonary alveolar type II cell,SLC34A2
lung,Pulmonary alveolar type II cell,SLPI
lung,Pulmonary alveolar type II cell,SOAT1
lung,Pulmonary alveolar type II cell,SOCS2
lung,Pulmonary alveolar type II cell,SPINT2
lung,Pulmonary alveolar type II cell,SURFACTANT PROTEIN C
lung,Pulmonary alveolar type II cell,TCEAL9
lung,Pulmonary alveolar type II cell,TGOLN1
lung,Pulmonary alveolar type II cell,TMBIM6
lung,Pulmonary alveolar type II cell,TMSB4X
lung,Pulmonary alveolar type II cell,VAMP8
lung,Pulmonary alveolar type II cell,WFDC17
lung,Pulmonary alveolar type II cell,WFDC2
lung,Pulmonary alveolar type II cell,ZDHHC3
lung,Secretory cell,5330417C22RIK
lung,Secretory cell,8430408G22RIK
lung,Secretory cell,AGR2
lung,Secretory cell,ALDH1A3
lung,Secretory cell,AMOTL2
lung,Secretory cell,ANO1
lung,Secretory cell,ANPEP
lung,Secretory cell,ANTXR1
lung,Secretory cell,AOX3
lung,Secretory cell,AQP3
lung,Secretory cell,ASCC2
lung,Secretory cell,ATP13A5
lung,Secretory cell,AU021092
lung,Secretory cell,BPIFA1
lung,Secretory cell,BPIFB1
lung,Secretory cell,C3
lung,Secretory cell,CA13
lung,Secretory cell,CAPN13
lung,Secretory cell,CBR2
lung,Secretory cell,CCKAR
lung,Secretory cell,CD36
lung,Secretory cell,CD74
lung,Secretory cell,CEACAM6
lung,Secretory cell,CES1F
lung,Secretory cell,CFB
lung,Secretory cell,CFH
lung,Secretory cell,CHAD
lung,Secretory cell,CILP
lung,Secretory cell,CLCA1
lung,Secretory cell,CLDN22
lung,Secretory cell,CP
lung,Secretory cell,CPD
lung,Secretory cell,CREB3L1
lung,Secretory cell,CTSC
lung,Secretory cell,CX3CL1
lung,Secretory cell,CXCL1
lung,Secretory cell,CXCL2
lung,Secretory cell,CXCL5
lung,Secretory cell,CXCL6
lung,Secretory cell,CXCL8
lung,Secretory cell,CYFIP2
lung,Secretory cell,CYP2A5
lung,Secretory cell,CYP4A12A
lung,Secretory cell,CYP4A12B
lung,Secretory cell,CYP4B1
lung,Secretory cell,DEPP1
lung,Secretory cell,DMBT1
lung,Secretory cell,DTX4
lung,Secretory cell,ELAPOR1
lung,Secretory cell,FAM46C
lung,Secretory cell,FCGBP
lung,Secretory cell,FGFBP1
lung,Secretory cell,FNDC3B
lung,Secretory cell,FUT9
lung,Secretory cell,GABRP
lung,Secretory cell,GM20547
lung,Secretory cell,GM4076
lung,Secretory cell,GSTA3
lung,Secretory cell,GSTM6
lung,Secretory cell,HLA-A
lung,Secretory cell,HLA-DMA
lung,Secretory cell,HLA-DMB
lung,Secretory cell,HLA-DPA1
lung,Secretory cell,HLA-DPB1
lung,Secretory cell,HLA-DQA1
lung,Secretory cell,HLA-DQA2
lung,Secretory cell,HLA-DQB1
lung,Secretory cell,HLA-DRA
lung,Secretory cell,HLA-DRB1
lung,Secretory cell,HLA-DRB5
lung,Secretory cell,HLA-DRB6
lung,Secretory cell,HP
lung,Secretory cell,IDH1
lung,Secretory cell,IFITM1
lung,Secretory cell,IFITM3
lung,Secretory cell,IL1R1
lung,Secretory cell,IL5
lung,Secretory cell,IQGAP2
lung,Secretory cell,ISG20
lung,Secretory cell,KCNE3
lung,Secretory cell,KNCN
lung,Secretory cell,LGALS9
lung,Secretory cell,LY6K
lung,Secretory cell,LYPD2
lung,Secretory cell,METTL7A2
lung,Secretory cell,MGST1
lung,Secretory cell,MSLN
lung,Secretory cell,MSMB
lung,Secretory cell,MT-ATP8
lung,Secretory cell,MT-ND4L
lung,Secretory cell,MT-ND5
lung,Secretory cell,MUC5AC
lung,Secretory cell,MUC5B
lung,Secretory cell,NCCRP1
lung,Secretory cell,NOTCH2
lung,Secretory cell,P2RX4
lung,Secretory cell,PDZK1IP1
lung,Secretory cell,PGLYRP4
lung,Secretory cell,PGRMC1
lung,Secretory cell,PI3
lung,Secretory cell,PIGR
lung,Secretory cell,PITX2
lung,Secretory cell,PLAAT4
lung,Secretory cell,PLIN2
lung,Secretory cell,PLK2
lung,Secretory cell,PODXL
lung,Secretory cell,PON1
lung,Secretory cell,POR
lung,Secretory cell,PPP1R16B
lung,Secretory cell,PPP1R1B
lung,Secretory cell,PRR5L
lung,Secretory cell,PRSS23
lung,Secretory cell,QSOX1
lung,Secretory cell,RARRES1
lung,Secretory cell,RARRES3
lung,Secretory cell,REG3G
lung,Secretory cell,SCGB1A1
lung,Secretory cell,SCGB3A1
lung,Secretory cell,SCGB3A2
lung,Secretory cell,SEL1L
lung,Secretory cell,SELENOM
lung,Secretory cell,SELM
lung,Secretory cell,SERP1
lung,Secretory cell,SERPINA1C
lung,Secretory cell,SERPINA3
lung,Secretory cell,SERPINB7
lung,Secretory cell,SFTPA1
lung,Secretory cell,SLC15A2
lung,Secretory cell,SLC1A1
lung,Secretory cell,SLC1A5
lung,Secretory cell,SLC26A2
lung,Secretory cell,SLC34A2
lung,Secretory cell,SLC38A8
lung,Secretory cell,SLC4A4
lung,Secretory cell,SLC4A5
lung,Secretory cell,SLC6A14
lung,Secretory cell,SLC7A2
lung,Secretory cell,SLCO4C1
lung,Secretory cell,SLPI
lung,Secretory cell,ST8SIA6
lung,Secretory cell,STEAP4
lung,Secretory cell,STXBP6
lung,Secretory cell,SYTL2
lung,Secretory cell,TENT5C
lung,Secretory cell,TERF1
lung,Secretory cell,TGM2
lung,Secretory cell,TMEM45A
lung,Secretory cell,TNFAIP2
lung,Secretory cell,TRF
lung,Secretory cell,TST
lung,Secretory cell,TYRO3
lung,Secretory cell,UBD
lung,Secretory cell,VGLL1
lung,Secretory cell,VMO1
lung,Secretory cell,XBP1
lung,Secretory cell,ZG16B
lung,Serous cell,LPO
lung,Serous cell,LYZ
lung,Serous cell,LYZ1
lung,Serous cell,NECTIN4
lung,Serous cell,PHB
lung,Serous cell,PRB3
lung,Serous cell,PRB3-PS
lung,Serous cell,PRB4
lung,Serous cell,PRH2
lung,Serous cell,PRR4
lung,Serous cell,TCN1
lung,Serous cell,TESC
lung,Serous cell,ZG16B
lung,Smooth muscle cell,AC124170.2
lung,Smooth muscle cell,ACTA2
lung,Smooth muscle cell,ACTG2
lung,Smooth muscle cell,CALD1
lung,Smooth muscle cell,CASQ2
lung,Smooth muscle cell,CD248
lung,Smooth muscle cell,CFH
lung,Smooth muscle cell,CKB
lung,Smooth muscle cell,CNN1
lung,Smooth muscle cell,CSRP1
lung,Smooth muscle cell,DES
lung,Smooth muscle cell,DSTN
lung,Smooth muscle cell,EDNRB
lung,Smooth muscle cell,ENC1
lung,Smooth muscle cell,FLNA
lung,Smooth muscle cell,FSTL1
lung,Smooth muscle cell,GHR
lung,Smooth muscle cell,GYPC
lung,Smooth muscle cell,IGF1
lung,Smooth muscle cell,IGFBP7
lung,Smooth muscle cell,IIGP1
lung,Smooth muscle cell,ITGA9
lung,Smooth muscle cell,KCNAB1
lung,Smooth muscle cell,MFAP2
lung,Smooth muscle cell,MGP
lung,Smooth muscle cell,MLLT3
lung,Smooth muscle cell,MUSTN1
lung,Smooth muscle cell,MYH11
lung,Smooth muscle cell,MYL9
lung,Smooth muscle cell,MYLK
lung,Smooth muscle cell,MYOCD
lung,Smooth muscle cell,NEXN
lung,Smooth muscle cell,NNAT
lung,Smooth muscle cell,NREP
lung,Smooth muscle cell,NT5E
lung,Smooth muscle cell,PDGFRA
lung,Smooth muscle cell,PDLIM3
lung,Smooth muscle cell,PLN
lung,Smooth muscle cell,REM1
lung,Smooth muscle cell,RERGL
lung,Smooth muscle cell,RGS2
lung,Smooth muscle cell,ROBO1
lung,Smooth muscle cell,SCARA5
lung,Smooth muscle cell,SMPX
lung,Smooth muscle cell,SMS
lung,Smooth muscle cell,SOD3
lung,Smooth muscle cell,SYNPO2
lung,Smooth muscle cell,TAGLN
lung,Smooth muscle cell,TBX5
lung,Smooth muscle cell,TGFBI
lung,Smooth muscle cell,THY1
lung,Smooth muscle cell,TPM1
lung,Smooth muscle cell,TPM2
lung,Stem cell,BGN
lung,Stem cell,C1S
lung,Stem cell,C1S1
lung,Stem cell,CALD1
lung,Stem cell,COL1A1
lung,Stem cell,COL1A2
lung,Stem cell,COL3A1
lung,Stem cell,CTSL
lung,Stem cell,DCN
lung,Stem cell,GSN
lung,Stem cell,IFITM3
lung,Stem cell,IGFBP7
lung,Stem cell,INMT
lung,Stem cell,LUM
lung,Stem cell,MGP
lung,Stem cell,SERPING1
lung,Stem cell,SOD3
lung,Stem cell,SPARC
lung,Stem cell,TAGLN
lung,Stem cell,TIMP3
lung,Stem cell,TPM2
lung,T cell,CD25
lung,T cell,CD3
lung,T cell,CD3D
lung,T cell,CD3E
lung,T cell,CD3G
lung,T cell,CD4
lung,T cell,CD44
lung,T cell,CD62L
lung,T cell,CD68
lung,T cell,CD69
lung,T cell,CD8
lung,T cell,CD8A
lung,T cell,FOXP3
lung,T cell,IL2RA
lung,T cell,PD-1
lung,T cell,PDCD1
lung,T cell,SELL
lung,T cell,THY1
lung,T cell,TRAC
lung,T cell,TRBC1
lung,T cell,TRBC2
mammary gland,B cell,B3GAT1
mammary gland,B cell,BACH2
mammary gland,B cell,BANK1
mammary gland,B cell,BCL11A
mammary gland,B cell,BIRC3
mammary gland,B cell,BLNK
mammary gland,B cell,BST1
mammary gland,B cell,BTLA
mammary gland,B cell,CCR7
mammary gland,B cell,CD14
mammary gland,B cell,CD19
mammary gland,B cell,CD2
mammary gland,B cell,CD22
mammary gland,B cell,CD24
mammary gland,B cell,CD27
mammary gland,B cell,CD37
mammary gland,B cell,CD38
mammary gland,B cell,CD40
mammary gland,B cell,CD5
mammary gland,B cell,CD52
mammary gland,B cell,CD55
mammary gland,B cell,CD69
mammary gland,B cell,CD70
mammary gland,B cell,CD72
mammary gland,B cell,CD74
mammary gland,B cell,CD79A
mammary gland,B cell,CD79B
mammary gland,B cell,CD80
mammary gland,B cell,CD86
mammary gland,B cell,CMAH
mammary gland,B cell,CMAHP
mammary gland,B cell,CR2
mammary gland,B cell,CRELD2
mammary gland,B cell,CXCR4
mammary gland,B cell,DERL3
mammary gland,B cell,DNTT
mammary gland,B cell,DOK3
mammary gland,B cell,EAF2
mammary gland,B cell,EBF1
mammary gland,B cell,EDEM1
mammary gland,B cell,EDEM2
mammary gland,B cell,FAM129C
mammary gland,B cell,FAM46C
mammary gland,B cell,FCER2
mammary gland,B cell,FCER2A
mammary gland,B cell,FCHSD2
mammary gland,B cell,FCMR
mammary gland,B cell,FCRL1
mammary gland,B cell,FCRL2
mammary gland,B cell,FCRLA
mammary gland,B cell,FCRLB
mammary gland,B cell,FKBP11
mammary gland,B cell,FLI1
mammary gland,B cell,H2-DMB2
mammary gland,B cell,H2-OA
mammary gland,B cell,H2-OB
mammary gland,B cell,HLA-DQA1
mammary gland,B cell,HLA-DRA
mammary gland,B cell,HMGA1
mammary gland,B cell,HVCN1
mammary gland,B cell,IFIT3
mammary gland,B cell,IGHA
mammary gland,B cell,IGHD
mammary gland,B cell,IGHG1
mammary gland,B cell,IGHG3
mammary gland,B cell,IGHG4
mammary gland,B cell,IGHM
mammary gland,B cell,IGKC
mammary gland,B cell,IGLC1
mammary gland,B cell,IGLC2
mammary gland,B cell,IGLC3
mammary gland,B cell,IGLL1
mammary gland,B cell,IGLV1
mammary gland,B cell,IL21R
mammary gland,B cell,JCHAIN
mammary gland,B cell,KLHL6
mammary gland,B cell,LAIR1
mammary gland,B cell,LRMP
mammary gland,B cell,LTB
mammary gland,B cell,LY6D
mammary gland,B cell,MME
mammary gland,B cell,MS4A1
mammary gland,B cell,MSH5
mammary gland,B cell,MUM1
mammary gland,B cell,MZB1
mammary gland,B cell,PAX5
mammary gland,B cell,PDCD1
mammary gland,B cell,POLD4
mammary gland,B cell,POU2AF1
mammary gland,B cell,PTPRC
mammary gland,B cell,PXK
mammary gland,B cell,RALGPS2
mammary gland,B cell,RASGRP3
mammary gland,B cell,SCD1
mammary gland,B cell,SDC1
mammary gland,B cell,SEC61A1
mammary gland,B cell,SEMA6D
mammary gland,B cell,SIGLECG
mammary gland,B cell,SLAMF6
mammary gland,B cell,SMAP2
mammary gland,B cell,SPCS3
mammary gland,B cell,SPIB
mammary gland,B cell,SPN
mammary gland,B cell,SWAP70
mammary gland,B cell,TLR9
mammary gland,B cell,TNFRSF13B
mammary gland,B cell,TNFRSF13C
mammary gland,B cell,TNFRSF17
mammary gland,B cell,TNFRSF9
mammary gland,B cell,TNFSF4
mammary gland,B cell,TRP53INP1
mammary gland,B cell,TXNDC11
mammary gland,B cell,VPREB1
mammary gland,B cell,VPREB2
mammary gland,B cell,VPREB3
mammary gland,Basal cell,ACTA2
mammary gland,Basal cell,CD44
mammary gland,Basal cell,CK14
mammary gland,Basal cell,CK5
mammary gland,Basal cell,ETV5
mammary gland,Basal cell,KRT14
mammary gland,Basal cell,KRT4
mammary gland,Basal cell,KRT5
mammary gland,Basal cell,PDPN
mammary gland,Endothelial cell,ABCB1A
mammary gland,Endothelial cell,ABCG2
mammary gland,Endothelial cell,ACKR1
mammary gland,Endothelial cell,ACVRL1
mammary gland,Endothelial cell,ADAMTS1
mammary gland,Endothelial cell,ADGRF5
mammary gland,Endothelial cell,ADGRL4
mammary gland,Endothelial cell,ADIRF
mammary gland,Endothelial cell,ADORA2A
mammary gland,Endothelial cell,APLN
mammary gland,Endothelial cell,APLNR
mammary gland,Endothelial cell,APOLD1
mammary gland,Endothelial cell,AQP1
mammary gland,Endothelial cell,AQP7
mammary gland,Endothelial cell,ARAP3
mammary gland,Endothelial cell,ARHGEF15
mammary gland,Endothelial cell,BDP1
mammary gland,Endothelial cell,BIRC2
mammary gland,Endothelial cell,BMP2
mammary gland,Endothelial cell,BMX
mammary gland,Endothelial cell,BTNL9
mammary gland,Endothelial cell,C1QTNF1
mammary gland,Endothelial cell,C7
mammary gland,Endothelial cell,CA4
mammary gland,Endothelial cell,CALCRL
mammary gland,Endothelial cell,CAR4
mammary gland,Endothelial cell,CARD10
mammary gland,Endothelial cell,CASZ1
mammary gland,Endothelial cell,CAV1
mammary gland,Endothelial cell,CCL14
mammary gland,Endothelial cell,CCL19
mammary gland,Endothelial cell,CCL23
mammary gland,Endothelial cell,CD300LG
mammary gland,Endothelial cell,CD34
mammary gland,Endothelial cell,CD36
mammary gland,Endothelial cell,CD46
mammary gland,Endothelial cell,CD55
mammary gland,Endothelial cell,CD82
mammary gland,Endothelial cell,CD9
mammary gland,Endothelial cell,CD93
mammary gland,Endothelial cell,CDH5
mammary gland,Endothelial cell,CDKN1C
mammary gland,Endothelial cell,CHST1
mammary gland,Endothelial cell,CLCA3A1
mammary gland,Endothelial cell,CLDN5
mammary gland,Endothelial cell,CLEC14A
mammary gland,Endothelial cell,CLEC1B
mammary gland,Endothelial cell,CLEC4G
mammary gland,Endothelial cell,CLIC4
mammary gland,Endothelial cell,CRHBP
mammary gland,Endothelial cell,CTGF
mammary gland,Endothelial cell,CXCL1
mammary gland,Endothelial cell,CYP1B1
mammary gland,Endothelial cell,DLL4
mammary gland,Endothelial cell,DNASE1L3
mammary gland,Endothelial cell,DPP4
mammary gland,Endothelial cell,ECE1
mammary gland,Endothelial cell,ECSCR
mammary gland,Endothelial cell,EDNRB
mammary gland,Endothelial cell,EGFL7
mammary gland,Endothelial cell,EHD3
mammary gland,Endothelial cell,ELK3
mammary gland,Endothelial cell,EMCN
mammary gland,Endothelial cell,EMP1
mammary gland,Endothelial cell,ENG
mammary gland,Endothelial cell,EPAS1
mammary gland,Endothelial cell,ERG
mammary gland,Endothelial cell,ESM1
mammary gland,Endothelial cell,ETS1
mammary gland,Endothelial cell,EXOC3L
mammary gland,Endothelial cell,EXOC3L1
mammary gland,Endothelial cell,F8
mammary gland,Endothelial cell,FABP4
mammary gland,Endothelial cell,FAM167B
mammary gland,Endothelial cell,FCN2
mammary gland,Endothelial cell,FCN3
mammary gland,Endothelial cell,FHL2
mammary gland,Endothelial cell,FLI1
mammary gland,Endothelial cell,FLT1
mammary gland,Endothelial cell,FLT4
mammary gland,Endothelial cell,FOXF1
mammary gland,Endothelial cell,FOXF2
mammary gland,Endothelial cell,GIMAP5
mammary gland,Endothelial cell,GJA4
mammary gland,Endothelial cell,GJA5
mammary gland,Endothelial cell,GLYCAM1
mammary gland,Endothelial cell,GNG11
mammary gland,Endothelial cell,GPIHBP1
mammary gland,Endothelial cell,GPM6A
mammary gland,Endothelial cell,GPR182
mammary gland,Endothelial cell,HEXIM1
mammary gland,Endothelial cell,HEY1
mammary gland,Endothelial cell,HSPG2
mammary gland,Endothelial cell,HYAL2
mammary gland,Endothelial cell,ICAM1
mammary gland,Endothelial cell,ICAM2
mammary gland,Endothelial cell,ID1
mammary gland,Endothelial cell,ID3
mammary gland,Endothelial cell,IFI27
mammary gland,Endothelial cell,IGFBP7
mammary gland,Endothelial cell,IL1A
mammary gland,Endothelial cell,INMT
mammary gland,Endothelial cell,IRX3
mammary gland,Endothelial cell,ITGB3
mammary gland,Endothelial cell,KCNJ8
mammary gland,Endothelial cell,KDR
mammary gland,Endothelial cell,KLK1
mammary gland,Endothelial cell,LIFR
mammary gland,Endothelial cell,LOX
mammary gland,Endothelial cell,LTC4S
mammary gland,Endothelial cell,LY6A
mammary gland,Endothelial cell,LY6C1
mammary gland,Endothelial cell,LYVE1
mammary gland,Endothelial cell,MADCAM1
mammary gland,Endothelial cell,MCAM
mammary gland,Endothelial cell,MEOX1
mammary gland,Endothelial cell,MEOX2
mammary gland,Endothelial cell,MFSD2A
mammary gland,Endothelial cell,MGLL
mammary gland,Endothelial cell,MGP
mammary gland,Endothelial cell,MMRN1
mammary gland,Endothelial cell,MMRN2
mammary gland,Endothelial cell,MYF6
mammary gland,Endothelial cell,MYLK
mammary gland,Endothelial cell,NOS3
mammary gland,Endothelial cell,NOSTRIN
mammary gland,Endothelial cell,NOTCH4
mammary gland,Endothelial cell,NPR1
mammary gland,Endothelial cell,NRP2
mammary gland,Endothelial cell,OIT3
mammary gland,Endothelial cell,PALMD
mammary gland,Endothelial cell,PCAT19
mammary gland,Endothelial cell,PCDH12
mammary gland,Endothelial cell,PDGFB
mammary gland,Endothelial cell,PDPN
mammary gland,Endothelial cell,PLAC8
mammary gland,Endothelial cell,PLEC
mammary gland,Endothelial cell,PLVAP
mammary gland,Endothelial cell,PODXL
mammary gland,Endothelial cell,POSTN
mammary gland,Endothelial cell,PRKCH
mammary gland,Endothelial cell,PROCR
mammary gland,Endothelial cell,PROX1
mammary gland,Endothelial cell,PTGDS
mammary gland,Endothelial cell,PTPRB
mammary gland,Endothelial cell,RAMP3
mammary gland,Endothelial cell,RASGRP3
mammary gland,Endothelial cell,RASIP1
mammary gland,Endothelial cell,RBP7
mammary gland,Endothelial cell,RGCC
mammary gland,Endothelial cell,RGS5
mammary gland,Endothelial cell,RNASE1
mammary gland,Endothelial cell,RND1
mammary gland,Endothelial cell,ROBO4
mammary gland,Endothelial cell,RPRM
mammary gland,Endothelial cell,S100A10
mammary gland,Endothelial cell,S100A13
mammary gland,Endothelial cell,SCARF1
mammary gland,Endothelial cell,SDPR
mammary gland,Endothelial cell,SELE
mammary gland,Endothelial cell,SEMA3D
mammary gland,Endothelial cell,SEMA7A
mammary gland,Endothelial cell,SGK1
mammary gland,Endothelial cell,SLC2A1
mammary gland,Endothelial cell,SLC38A5
mammary gland,Endothelial cell,SLC7A5
mammary gland,Endothelial cell,SLC9A3R2
mammary gland,Endothelial cell,SLCO1A4
mammary gland,Endothelial cell,SLCO1C1
mammary gland,Endothelial cell,SOX18
mammary gland,Endothelial cell,SOX7
mammary gland,Endothelial cell,SPARC
mammary gland,Endothelial cell,SPARCL1
mammary gland,Endothelial cell,SPNS2
mammary gland,Endothelial cell,SRGN
mammary gland,Endothelial cell,SRPX
mammary gland,Endothelial cell,STAB1
mammary gland,Endothelial cell,STAB2
mammary gland,Endothelial cell,TBX1
mammary gland,Endothelial cell,TCF15
mammary gland,Endothelial cell,TEK
mammary gland,Endothelial cell,TGFBR2
mammary gland,Endothelial cell,THBD
mammary gland,Endothelial cell,THSD1
mammary gland,Endothelial cell,TIE1
mammary gland,Endothelial cell,TIMP3
mammary gland,Endothelial cell,TM4SF1
mammary gland,Endothelial cell,TMEM100
mammary gland,Endothelial cell,TSPAN8
mammary gland,Endothelial cell,USHBP1
mammary gland,Endothelial cell,VCAM1
mammary gland,Endothelial cell,VEGFC
mammary gland,Endothelial cell,VWA1
mammary gland,Endothelial cell,VWF
mammary gland,Endothelial cell,WFDC1
mammary gland,Endothelial cell,XDH
mammary gland,Epithelial cell,ABCG2
mammary gland,Epithelial cell,ALDH1A3
mammary gland,Epithelial cell,ANO1
mammary gland,Epithelial cell,BTN1A1
mammary gland,Epithelial cell,BTN2A2
mammary gland,Epithelial cell,BTN3A1
mammary gland,Epithelial cell,CDH1
mammary gland,Epithelial cell,CITED1
mammary gland,Epithelial cell,CLDN1
mammary gland,Epithelial cell,CLDN4
mammary gland,Epithelial cell,CSN1S1
mammary gland,Epithelial cell,CSN1S2A
mammary gland,Epithelial cell,CSN1S2AP
mammary gland,Epithelial cell,CSN2
mammary gland,Epithelial cell,CSN3
mammary gland,Epithelial cell,FFAR1
mammary gland,Epithelial cell,FOXP4
mammary gland,Epithelial cell,IRF6
mammary gland,Epithelial cell,KDM3A
mammary gland,Epithelial cell,KRT14
mammary gland,Epithelial cell,KRT17
mammary gland,Epithelial cell,KRT18
mammary gland,Epithelial cell,KRT19
mammary gland,Epithelial cell,KRT5
mammary gland,Epithelial cell,KRT7
mammary gland,Epithelial cell,KRT8
mammary gland,Epithelial cell,LIF
mammary gland,Epithelial cell,LSR
mammary gland,Epithelial cell,LY6D
mammary gland,Epithelial cell,MMP14
mammary gland,Epithelial cell,NEDD9
mammary gland,Epithelial cell,NNMT
mammary gland,Epithelial cell,P63
mammary gland,Epithelial cell,PADI2
mammary gland,Epithelial cell,PIEZO1
mammary gland,Epithelial cell,PIP
mammary gland,Epithelial cell,PRLR
mammary gland,Epithelial cell,PYGO2
mammary gland,Epithelial cell,RARRES1
mammary gland,Epithelial cell,RUNX2
mammary gland,Epithelial cell,SERPINB5
mammary gland,Epithelial cell,SGMS2
mammary gland,Epithelial cell,SLC30A2
mammary gland,Epithelial cell,SMA
mammary gland,Epithelial cell,STAT3
mammary gland,Epithelial cell,SULT1E1
mammary gland,Epithelial cell,TCP1
mammary gland,Epithelial cell,TOX3
mammary gland,Epithelial cell,WAP
mammary gland,Epithelial cell,WFDC18
mammary gland,Epithelial cell,WNT5B
mammary gland,Hormone sensing differentiated cell,CITED1
mammary gland,Hormone sensing differentiated cell,ESR1
mammary gland,Hormone sensing differentiated cell,PGR
mammary gland,Hormone sensing differentiated cell,PRLR
mammary gland,Hormone sensing differentiated cell,S100A6
mammary gland,Hormone sensing progenitor cell,ALDH1A3
mammary gland,Hormone sensing progenitor cell,C-KIT
mammary gland,Hormone sensing progenitor cell,CD14
mammary gland,Hormone sensing progenitor cell,CITED1
mammary gland,Hormone sensing progenitor cell,ESR1
mammary gland,Hormone sensing progenitor cell,KIT
mammary gland,Hormone sensing progenitor cell,PGR
mammary gland,Hormone sensing progenitor cell,PRLR
mammary gland,Hormone sensing progenitor cell,S100A6
mammary gland,Luminal cell,1110004F10RIK
mammary gland,Luminal cell,ACADL
mammary gland,Luminal cell,AKR1A1
mammary gland,Luminal cell,ANXA1
mammary gland,Luminal cell,ANXA2
mammary gland,Luminal cell,AQP5
mammary gland,Luminal cell,AREG
mammary gland,Luminal cell,ATF3
mammary gland,Luminal cell,ATOX1
mammary gland,Luminal cell,ATP5IF1
mammary gland,Luminal cell,ATP6V1G1
mammary gland,Luminal cell,ATPIF1
mammary gland,Luminal cell,AW112010
mammary gland,Luminal cell,BSG
mammary gland,Luminal cell,CALCA
mammary gland,Luminal cell,CD164
mammary gland,Luminal cell,CD200
mammary gland,Luminal cell,CD24
mammary gland,Luminal cell,CD24A
mammary gland,Luminal cell,CD63
mammary gland,Luminal cell,CD9
mammary gland,Luminal cell,CITED1
mammary gland,Luminal cell,CLDN3
mammary gland,Luminal cell,CLDN4
mammary gland,Luminal cell,CNN3
mammary gland,Luminal cell,CNPY2
mammary gland,Luminal cell,COMMD3
mammary gland,Luminal cell,COX17
mammary gland,Luminal cell,CRIP2
mammary gland,Luminal cell,CTSD
mammary gland,Luminal cell,CYSTM1
mammary gland,Luminal cell,EPCAM
mammary gland,Luminal cell,EZR
mammary gland,Luminal cell,FAM25C
mammary gland,Luminal cell,FGG
mammary gland,Luminal cell,FXYD2
mammary gland,Luminal cell,GADD45G
mammary gland,Luminal cell,GIPC2
mammary gland,Luminal cell,GLUL
mammary gland,Luminal cell,GPX3
mammary gland,Luminal cell,GPX4
mammary gland,Luminal cell,H2BC4
mammary gland,Luminal cell,HBA-A1
mammary gland,Luminal cell,HMGN1
mammary gland,Luminal cell,ID3
mammary gland,Luminal cell,IFITM2
mammary gland,Luminal cell,IFITM3
mammary gland,Luminal cell,KRT18
mammary gland,Luminal cell,KRT19
mammary gland,Luminal cell,KRT7
mammary gland,Luminal cell,KRT8
mammary gland,Luminal cell,LAPTM4A
mammary gland,Luminal cell,LY6A
mammary gland,Luminal cell,LY6D
mammary gland,Luminal cell,MRPL13
mammary gland,Luminal cell,MRPL34
mammary gland,Luminal cell,MT1
mammary gland,Luminal cell,MT1A
mammary gland,Luminal cell,MT1B
mammary gland,Luminal cell,MT1E
mammary gland,Luminal cell,MT1F
mammary gland,Luminal cell,MT1G
mammary gland,Luminal cell,MT1H
mammary gland,Luminal cell,MT1IP
mammary gland,Luminal cell,MT1JP
mammary gland,Luminal cell,MT1L
mammary gland,Luminal cell,MT1M
mammary gland,Luminal cell,MT1X
mammary gland,Luminal cell,NAXD
mammary gland,Luminal cell,NDUFA7
mammary gland,Luminal cell,POLR2F
mammary gland,Luminal cell,POLR2K
mammary gland,Luminal cell,PRDX2
mammary gland,Luminal cell,PRDX5
mammary gland,Luminal cell,PRDX6
mammary gland,Luminal cell,PRLR
mammary gland,Luminal cell,PTN
mammary gland,Luminal cell,RNF10
mammary gland,Luminal cell,RNH1
mammary gland,Luminal cell,RPS27L
mammary gland,Luminal cell,S100A6
mammary gland,Luminal cell,SAE1
mammary gland,Luminal cell,SDHB
mammary gland,Luminal cell,SERINC3
mammary gland,Luminal cell,SKP1
mammary gland,Luminal cell,SLC12A2
mammary gland,Luminal cell,SLC25A39
mammary gland,Luminal cell,SLC5A5
mammary gland,Luminal cell,SPINT2
mammary gland,Luminal cell,TCEAL9
mammary gland,Luminal cell,TGM2
mammary gland,Luminal cell,TIMM8B
mammary gland,Luminal cell,TMED3
mammary gland,Luminal cell,TMEM176A
mammary gland,Luminal cell,TMEM176B
mammary gland,Luminal cell,TMEM256
mammary gland,Luminal cell,TSPAN1
mammary gland,Luminal cell,TSPAN13
mammary gland,Luminal cell,TSPAN3
mammary gland,Luminal cell,UQCR11
mammary gland,Luminal cell,UQCRB
mammary gland,Luminal cell,WFDC2
mammary gland,Luminal epithelial cell,AGR2
mammary gland,Luminal epithelial cell,ANKRD30A
mammary gland,Luminal epithelial cell,ANPEP
mammary gland,Luminal epithelial cell,ANXA1
mammary gland,Luminal epithelial cell,AQP3
mammary gland,Luminal epithelial cell,AQP5
mammary gland,Luminal epithelial cell,AR
mammary gland,Luminal epithelial cell,AREG
mammary gland,Luminal epithelial cell,ATP2C2
mammary gland,Luminal epithelial cell,ATP7B
mammary gland,Luminal epithelial cell,BTG1
mammary gland,Luminal epithelial cell,CD74
mammary gland,Luminal epithelial cell,CD9
mammary gland,Luminal epithelial cell,CDH1
mammary gland,Luminal epithelial cell,CEBPD
mammary gland,Luminal epithelial cell,CLDN4
mammary gland,Luminal epithelial cell,DDR1
mammary gland,Luminal epithelial cell,ESR1
mammary gland,Luminal epithelial cell,FGFR2
mammary gland,Luminal epithelial cell,FGFR4
mammary gland,Luminal epithelial cell,FGG
mammary gland,Luminal epithelial cell,HIF1A
mammary gland,Luminal epithelial cell,HMGA1
mammary gland,Luminal epithelial cell,KLK3
mammary gland,Luminal epithelial cell,KLKB1
mammary gland,Luminal epithelial cell,KRT18
mammary gland,Luminal epithelial cell,KRT19
mammary gland,Luminal epithelial cell,KRT23
mammary gland,Luminal epithelial cell,KRT8
mammary gland,Luminal epithelial cell,LCN2
mammary gland,Luminal epithelial cell,LTF
mammary gland,Luminal epithelial cell,MUC1
mammary gland,Luminal epithelial cell,PGR
mammary gland,Luminal epithelial cell,PIP
mammary gland,Luminal epithelial cell,PROM1
mammary gland,Luminal epithelial cell,PTH1R
mammary gland,Luminal epithelial cell,RUNX1
mammary gland,Luminal epithelial cell,SAA2
mammary gland,Luminal epithelial cell,SERPINA1
mammary gland,Luminal epithelial cell,SERPINB3
mammary gland,Luminal epithelial cell,SERPINB3C
mammary gland,Luminal epithelial cell,SERPINB4
mammary gland,Luminal epithelial cell,SLC12A2
mammary gland,Luminal epithelial cell,SLPI
mammary gland,Luminal epithelial cell,STC2
mammary gland,Luminal epithelial cell,SYTL2
mammary gland,Luminal epithelial cell,TNFSF10
mammary gland,Luminal epithelial cell,UXT
mammary gland,Luminal epithelial cell,WFDC2
mammary gland,Luminal epithelial cell,WNT5A
mammary gland,Luminal progenitor cell,ALDH1A3
mammary gland,Luminal progenitor cell,ANXA2
mammary gland,Luminal progenitor cell,APOBEC3
mammary gland,Luminal progenitor cell,ATP1A1
mammary gland,Luminal progenitor cell,C-KIT
mammary gland,Luminal progenitor cell,CD14
mammary gland,Luminal progenitor cell,CD81
mammary gland,Luminal progenitor cell,CD9
mammary gland,Luminal progenitor cell,CLDN3
mammary gland,Luminal progenitor cell,CLDN4
mammary gland,Luminal progenitor cell,CLU
mammary gland,Luminal progenitor cell,CSN3
mammary gland,Luminal progenitor cell,DBI
mammary gland,Luminal progenitor cell,EPCAM
mammary gland,Luminal progenitor cell,FOSB
mammary gland,Luminal progenitor cell,FXYD3
mammary gland,Luminal progenitor cell,GLUL
mammary gland,Luminal progenitor cell,H2BC4
mammary gland,Luminal progenitor cell,HSPB1
mammary gland,Luminal progenitor cell,IGFBP5
mammary gland,Luminal progenitor cell,KIT
mammary gland,Luminal progenitor cell,KRT18
mammary gland,Luminal progenitor cell,KRT19
mammary gland,Luminal progenitor cell,KRT8
mammary gland,Luminal progenitor cell,LCN2
mammary gland,Luminal progenitor cell,LRG1
mammary gland,Luminal progenitor cell,LTF
mammary gland,Luminal progenitor cell,MFGE8
mammary gland,Luminal progenitor cell,MGST1
mammary gland,Luminal progenitor cell,PHLDA1
mammary gland,Luminal progenitor cell,PHYH
mammary gland,Luminal progenitor cell,PLET1
mammary gland,Luminal progenitor cell,PRLR
mammary gland,Luminal progenitor cell,PTN
mammary gland,Luminal progenitor cell,SERINC3
mammary gland,Luminal progenitor cell,SLC12A2
mammary gland,Luminal progenitor cell,SLC25A17
mammary gland,Luminal progenitor cell,SLC25A39
mammary gland,Luminal progenitor cell,SMIM22
mammary gland,Luminal progenitor cell,SPINT2
mammary gland,Luminal progenitor cell,TCEAL9
mammary gland,Luminal progenitor cell,TGM2
mammary gland,Luminal progenitor cell,TMED3
mammary gland,Luminal progenitor cell,TMEM176B
mammary gland,Luminal progenitor cell,TSC22D1
mammary gland,Luminal progenitor cell,WFDC18
mammary gland,Luminal progenitor cell,WFDC2
mammary gland,Macrophage,AIF1
mammary gland,Macrophage,C1QC
mammary gland,Macrophage,CCL6
mammary gland,Macrophage,CD68
mammary gland,Macrophage,CFP
mammary gland,Macrophage,CTSC
mammary gland,Macrophage,CTSS
mammary gland,Macrophage,FCER1G
mammary gland,Macrophage,GRN
mammary gland,Macrophage,H2-AA
mammary gland,Macrophage,H2-AB1
mammary gland,Macrophage,H2-EB1
mammary gland,Macrophage,IFITM3
mammary gland,Macrophage,LGMN
mammary gland,Macrophage,LYZ2
mammary gland,Macrophage,MS4A6C
mammary gland,Macrophage,PF4
mammary gland,Macrophage,SELENOP
mammary gland,Macrophage,TYROBP
mammary gland,Mast cell,ADCYAP1
mammary gland,Mast cell,ADORA3
mammary gland,Mast cell,BTK
mammary gland,Mast cell,CMA1
mammary gland,Mast cell,CPA3
mammary gland,Mast cell,CSF2RB2
mammary gland,Mast cell,CSF2RBP1
mammary gland,Mast cell,FCER1A
mammary gland,Mast cell,GATA2
mammary gland,Mast cell,GRAP2
mammary gland,Mast cell,HDC
mammary gland,Mast cell,HPGDS
mammary gland,Mast cell,IL18R1
mammary gland,Mast cell,IL1RL1
mammary gland,Mast cell,IL2RA
mammary gland,Mast cell,IL4
mammary gland,Mast cell,KIT
mammary gland,Mast cell,MAOB
mammary gland,Mast cell,MCPT4
mammary gland,Mast cell,MLPH
mammary gland,Mast cell,MRGPRB1
mammary gland,Mast cell,MS4A2
mammary gland,Mast cell,RGS13
mammary gland,Mast cell,SLC18A2
mammary gland,Mast cell,SLC24A3
mammary gland,Mast cell,SLC8A3
mammary gland,Mast cell,TESPA1
mammary gland,Mast cell,TPSAB1
mammary gland,Mast cell,TPSB2
mammary gland,Mast cell,TPSD1
mammary gland,Muscle cell,ACTA2
mammary gland,Muscle cell,CNN1
mammary gland,Muscle cell,COL1A2
mammary gland,Muscle cell,COL3A1
mammary gland,Muscle cell,DPT
mammary gland,Muscle cell,FSTL1
mammary gland,Muscle cell,GPX3
mammary gland,Muscle cell,HSPB1
mammary gland,Muscle cell,IGFBP6
mammary gland,Muscle cell,LY6C1
mammary gland,Muscle cell,MMP2
mammary gland,Muscle cell,MYL9
mammary gland,Muscle cell,MYLK
mammary gland,Muscle cell,OGN
mammary gland,Muscle cell,S100A6
mammary gland,Muscle cell,SERPING1
mammary gland,Muscle cell,SPARC
mammary gland,Muscle cell,TIMP2
mammary gland,Muscle cell,TPM2
mammary gland,Myoepithelial cell,ACTA2
mammary gland,Myoepithelial cell,ACTG2
mammary gland,Myoepithelial cell,APOC1
mammary gland,Myoepithelial cell,CNN1
mammary gland,Myoepithelial cell,COL4A1
mammary gland,Myoepithelial cell,COL4A2
mammary gland,Myoepithelial cell,CSRP1
mammary gland,Myoepithelial cell,CXCL14
mammary gland,Myoepithelial cell,ECRG4
mammary gland,Myoepithelial cell,GM33651
mammary gland,Myoepithelial cell,HSPB1
mammary gland,Myoepithelial cell,IGFBP2
mammary gland,Myoepithelial cell,IL17B
mammary gland,Myoepithelial cell,KRT14
mammary gland,Myoepithelial cell,KRT4
mammary gland,Myoepithelial cell,KRT5
mammary gland,Myoepithelial cell,LGALS7
mammary gland,Myoepithelial cell,LMO4
mammary gland,Myoepithelial cell,MFGE8
mammary gland,Myoepithelial cell,MIA
mammary gland,Myoepithelial cell,MYL9
mammary gland,Myoepithelial cell,MYLK
mammary gland,Myoepithelial cell,NEDD4
mammary gland,Myoepithelial cell,OXTR
mammary gland,Myoepithelial cell,RBP1
mammary gland,Myoepithelial cell,SERPINH1
mammary gland,Myoepithelial cell,TAGLN
mammary gland,Myoepithelial cell,TCEAL9
mammary gland,Myoepithelial cell,TPM1
mammary gland,Myoepithelial cell,TPM2
mammary gland,Progenitor cell,C-KIT
mammary gland,Progenitor cell,CD24
mammary gland,Progenitor cell,CD24A
mammary gland,Progenitor cell,CD49F
mammary gland,Progenitor cell,CK14
mammary gland,Progenitor cell,CK17
mammary gland,Progenitor cell,CK19
mammary gland,Progenitor cell,CK5
mammary gland,Progenitor cell,ITGA6
mammary gland,Progenitor cell,KIT
mammary gland,Progenitor cell,KRT14
mammary gland,Progenitor cell,KRT17
mammary gland,Progenitor cell,KRT19
mammary gland,Progenitor cell,KRT5
mammary gland,Progenitor cell,LY6A
mammary gland,Progenitor cell,P63
mammary gland,Progenitor cell,SCA-1
mammary gland,Progenitor cell,TCP1
mammary gland,Stem cell,AEBP1
mammary gland,Stem cell,ANXA5
mammary gland,Stem cell,APOD
mammary gland,Stem cell,BGN
mammary gland,Stem cell,C1S1
mammary gland,Stem cell,CD24
mammary gland,Stem cell,CD24A
mammary gland,Stem cell,CD29
mammary gland,Stem cell,CD44
mammary gland,Stem cell,CD49F
mammary gland,Stem cell,CD63
mammary gland,Stem cell,CLEC3B
mammary gland,Stem cell,COL1A1
mammary gland,Stem cell,COL1A2
mammary gland,Stem cell,COL3A1
mammary gland,Stem cell,COL4A1
mammary gland,Stem cell,COL4A2
mammary gland,Stem cell,COL5A2
mammary gland,Stem cell,COL6A1
mammary gland,Stem cell,COL6A2
mammary gland,Stem cell,COL6A3
mammary gland,Stem cell,CTSB
mammary gland,Stem cell,CTSK
mammary gland,Stem cell,CTSL
mammary gland,Stem cell,DCN
mammary gland,Stem cell,DPEP1
mammary gland,Stem cell,DPT
mammary gland,Stem cell,EFEMP1
mammary gland,Stem cell,FN1
mammary gland,Stem cell,FSTL1
mammary gland,Stem cell,GSN
mammary gland,Stem cell,HTRA3
mammary gland,Stem cell,IFITM2
mammary gland,Stem cell,IFITM3
mammary gland,Stem cell,IGFBP4
mammary gland,Stem cell,IGFBP6
mammary gland,Stem cell,IGFBP7
mammary gland,Stem cell,ITGA6
mammary gland,Stem cell,ITGB1
mammary gland,Stem cell,ITM2A
mammary gland,Stem cell,LAPTM4A
mammary gland,Stem cell,LGALS1
mammary gland,Stem cell,LOXL1
mammary gland,Stem cell,LPL
mammary gland,Stem cell,LUM
mammary gland,Stem cell,LY6A
mammary gland,Stem cell,MFAP2
mammary gland,Stem cell,MFAP5
mammary gland,Stem cell,MGST1
mammary gland,Stem cell,MMP14
mammary gland,Stem cell,MMP2
mammary gland,Stem cell,MT1
mammary gland,Stem cell,MT1A
mammary gland,Stem cell,MT1B
mammary gland,Stem cell,MT1E
mammary gland,Stem cell,MT1F
mammary gland,Stem cell,MT1G
mammary gland,Stem cell,MT1H
mammary gland,Stem cell,MT1IP
mammary gland,Stem cell,MT1JP
mammary gland,Stem cell,MT1L
mammary gland,Stem cell,MT1M
mammary gland,Stem cell,MT1X
mammary gland,Stem cell,NANOG
mammary gland,Stem cell,NID1
mammary gland,Stem cell,P4HB
mammary gland,Stem cell,PCOLCE
mammary gland,Stem cell,PLPP3
mammary gland,Stem cell,POLR2K
mammary gland,Stem cell,POSTN
mammary gland,Stem cell,POU5F1
mammary gland,Stem cell,PPIC
mammary gland,Stem cell,RARRES2
mammary gland,Stem cell,RCN3
mammary gland,Stem cell,RNASE4
mammary gland,Stem cell,S100A6
mammary gland,Stem cell,SCA-1
mammary gland,Stem cell,SERPINF1
mammary gland,Stem cell,SERPING1
mammary gland,Stem cell,SERPINH1
mammary gland,Stem cell,SOX2
mammary gland,Stem cell,SPARC
mammary gland,Stem cell,VIM
mammary gland,T cell,BCL11B
mammary gland,T cell,CAMK4
mammary gland,T cell,CD247
mammary gland,T cell,CD28
mammary gland,T cell,CD3D
mammary gland,T cell,CD3E
mammary gland,T cell,CD3G
mammary gland,T cell,CD96
mammary gland,T cell,CXCR6
mammary gland,T cell,FAM189B
mammary gland,T cell,GIMAP3
mammary gland,T cell,GIMAP3P
mammary gland,T cell,GM10260
mammary gland,T cell,IL7R
mammary gland,T cell,ITK
mammary gland,T cell,LEF1
mammary gland,T cell,LINC01934
mammary gland,T cell,LTB
mammary gland,T cell,RAPGEF6
mammary gland,T cell,RASGRP1
mammary gland,T cell,RHOH
mammary gland,T cell,RPL12
mammary gland,T cell,RPLP1
mammary gland,T cell,RPS16
mammary gland,T cell,RPS18-PS6
mammary gland,T cell,RPS23
mammary gland,T cell,RPS4X
mammary gland,T cell,SATB1
mammary gland,T cell,SLFN12L
mammary gland,T cell,SOCS2
mammary gland,T cell,THEMIS
mammary gland,T cell,TMSB10
mammary gland,T cell,TPT1
muscle,Adventitial cell,CD31
muscle,Adventitial cell,CD34
muscle,Adventitial cell,CD45
muscle,Adventitial cell,CD56
muscle,Adventitial cell,NCAM1
muscle,Adventitial cell,PECAM1
muscle,Adventitial cell,PTPRC
muscle,B cell,B3GAT1
muscle,B cell,BACH2
muscle,B cell,BANK1
muscle,B cell,BCL11A
muscle,B cell,BIRC3
muscle,B cell,BLNK
muscle,B cell,BST1
muscle,B cell,BTLA
muscle,B cell,CCR7
muscle,B cell,CD14
muscle,B cell,CD19
muscle,B cell,CD2
muscle,B cell,CD22
muscle,B cell,CD24
muscle,B cell,CD27
muscle,B cell,CD37
muscle,B cell,CD38
muscle,B cell,CD40
muscle,B cell,CD5
muscle,B cell,CD52
muscle,B cell,CD55
muscle,B cell,CD69
muscle,B cell,CD70
muscle,B cell,CD72
muscle,B cell,CD74
muscle,B cell,CD79A
muscle,B cell,CD79B
muscle,B cell,CD80
muscle,B cell,CD86
muscle,B cell,CMAH
muscle,B cell,CMAHP
muscle,B cell,CR2
muscle,B cell,CRELD2
muscle,B cell,CXCR4
muscle,B cell,DERL3
muscle,B cell,DNTT
muscle,B cell,DOK3
muscle,B cell,EAF2
muscle,B cell,EBF1
muscle,B cell,EDEM1
muscle,B cell,EDEM2
muscle,B cell,FAM129C
muscle,B cell,FAM46C
muscle,B cell,FCER2
muscle,B cell,FCER2A
muscle,B cell,FCHSD2
muscle,B cell,FCMR
muscle,B cell,FCRL1
muscle,B cell,FCRL2
muscle,B cell,FCRLA
muscle,B cell,FCRLB
muscle,B cell,FKBP11
muscle,B cell,FLI1
muscle,B cell,H2-DMB2
muscle,B cell,H2-OA
muscle,B cell,H2-OB
muscle,B cell,HLA-DQA1
muscle,B cell,HLA-DRA
muscle,B cell,HMGA1
muscle,B cell,HVCN1
muscle,B cell,IFIT3
muscle,B cell,IGHA
muscle,B cell,IGHD
muscle,B cell,IGHG1
muscle,B cell,IGHG3
muscle,B cell,IGHG4
muscle,B cell,IGHM
muscle,B cell,IGKC
muscle,B cell,IGLC1
muscle,B cell,IGLC2
muscle,B cell,IGLC3
muscle,B cell,IGLL1
muscle,B cell,IGLV1
muscle,B cell,IL21R
muscle,B cell,JCHAIN
muscle,B cell,KLHL6
muscle,B cell,LAIR1
muscle,B cell,LRMP
muscle,B cell,LTB
muscle,B cell,LY6D
muscle,B cell,MME
muscle,B cell,MS4A1
muscle,B cell,MSH5
muscle,B cell,MUM1
muscle,B cell,MZB1
muscle,B cell,PAX5
muscle,B cell,PDCD1
muscle,B cell,POLD4
muscle,B cell,POU2AF1
muscle,B cell,PTPRC
muscle,B cell,PXK
muscle,B cell,RALGPS2
muscle,B cell,RASGRP3
muscle,B cell,SCD1
muscle,B cell,SDC1
muscle,B cell,SEC61A1
muscle,B cell,SEMA6D
muscle,B cell,SIGLECG
muscle,B cell,SLAMF6
muscle,B cell,SMAP2
muscle,B cell,SPCS3
muscle,B cell,SPIB
muscle,B cell,SPN
muscle,B cell,SWAP70
muscle,B cell,TLR9
muscle,B cell,TNFRSF13B
muscle,B cell,TNFRSF13C
muscle,B cell,TNFRSF17
muscle,B cell,TNFRSF9
muscle,B cell,TNFSF4
muscle,B cell,TRP53INP1
muscle,B cell,TXNDC11
muscle,B cell,VPREB1
muscle,B cell,VPREB2
muscle,B cell,VPREB3
muscle,Endothelial cell,CAV1
muscle,Endothelial cell,CD144
muscle,Endothelial cell,CD146
muscle,Endothelial cell,CD31
muscle,Endothelial cell,CD34
muscle,Endothelial cell,CD36
muscle,Endothelial cell,CD45
muscle,Endothelial cell,CD56
muscle,Endothelial cell,CDH5
muscle,Endothelial cell,EGFL7
muscle,Endothelial cell,ENOS
muscle,Endothelial cell,FABP4
muscle,Endothelial cell,GNG11
muscle,Endothelial cell,HSPB1
muscle,Endothelial cell,IGFBP7
muscle,Endothelial cell,KDR
muscle,Endothelial cell,LY6C1
muscle,Endothelial cell,MCAM
muscle,Endothelial cell,NCAM1
muscle,Endothelial cell,NOS3
muscle,Endothelial cell,PECAM1
muscle,Endothelial cell,PTPRC
muscle,Endothelial cell,SPARC
muscle,Endothelial cell,TSPAN13
muscle,Erythroblast,AQP1
muscle,Erythroblast,BLVRB
muscle,Erythroblast,CA2
muscle,Erythroblast,CAR2
muscle,Erythroblast,CTSE
muscle,Erythroblast,GLRX5
muscle,Erythroblast,GYPA
muscle,Erythroblast,HMBS
muscle,Erythroblast,PRDX2
muscle,Erythroblast,RHD
muscle,Fibroblast,ABCA8A
muscle,Fibroblast,ADAMTS2
muscle,Fibroblast,BICC1
muscle,Fibroblast,C3
muscle,Fibroblast,CCDC80
muscle,Fibroblast,CD14
muscle,Fibroblast,CD34
muscle,Fibroblast,CELF2
muscle,Fibroblast,COL15A1
muscle,Fibroblast,COL1A1
muscle,Fibroblast,COL1A2
muscle,Fibroblast,DCN
muscle,Fibroblast,DPEP1
muscle,Fibroblast,DPT
muscle,Fibroblast,ENTPD2
muscle,Fibroblast,FBLN1
muscle,Fibroblast,FBLN2
muscle,Fibroblast,GFPT2
muscle,Fibroblast,GSN
muscle,Fibroblast,HEG1
muscle,Fibroblast,HSD11B1
muscle,Fibroblast,HTRA3
muscle,Fibroblast,IGFBP6
muscle,Fibroblast,LOXL1
muscle,Fibroblast,LPAR1
muscle,Fibroblast,LSP1
muscle,Fibroblast,LUM
muscle,Fibroblast,LY6A
muscle,Fibroblast,MEDAG
muscle,Fibroblast,MFAP4
muscle,Fibroblast,MFAP5
muscle,Fibroblast,MGST1
muscle,Fibroblast,MMP2
muscle,Fibroblast,NAV1
muscle,Fibroblast,OLFML3
muscle,Fibroblast,PCOLCE2
muscle,Fibroblast,PDGFRA
muscle,Fibroblast,PI16
muscle,Fibroblast,RNASE4
muscle,Fibroblast,S100A10
muscle,Fibroblast,S100A16
muscle,Fibroblast,SCARA5
muscle,Fibroblast,SERPINF1
muscle,Fibroblast,SLC43A3
muscle,Fibroblast,UGDH
muscle,Granulocyte monocyte progenitor cell,CTSG
muscle,Granulocyte monocyte progenitor cell,MPO
muscle,Granulocyte monocyte progenitor cell,MS4A3
muscle,Granulocyte monocyte progenitor cell,NKG7
muscle,Granulocyte monocyte progenitor cell,PLAC8
muscle,Granulocyte monocyte progenitor cell,PRTN3
muscle,Granulocyte monocyte progenitor cell,SERPINB1A
muscle,Inflammatory cell,ADGRE1
muscle,Inflammatory cell,CD34
muscle,Inflammatory cell,CD45
muscle,Inflammatory cell,CD68
muscle,Inflammatory cell,F4/80
muscle,Inflammatory cell,PTPRC
muscle,Macrophage,ACP5
muscle,Macrophage,ADGRE1
muscle,Macrophage,ALPHA-NAPHTHYL-ACETATE-ESTERASE
muscle,Macrophage,ANLN
muscle,Macrophage,APOC1
muscle,Macrophage,ARG-1
muscle,Macrophage,ARG1
muscle,Macrophage,BCL2A1B
muscle,Macrophage,BCL2A1D
muscle,Macrophage,BGLAP3
muscle,Macrophage,BIRC5
muscle,Macrophage,C1QA
muscle,Macrophage,C1QB
muscle,Macrophage,CA4
muscle,Macrophage,CAR4
muscle,Macrophage,CCL18
muscle,Macrophage,CCL2
muscle,Macrophage,CCL3
muscle,Macrophage,CCL6
muscle,Macrophage,CD11A
muscle,Macrophage,CD11C
muscle,Macrophage,CD14
muscle,Macrophage,CD16
muscle,Macrophage,CD163
muscle,Macrophage,CD200R
muscle,Macrophage,CD200R1
muscle,Macrophage,CD206
muscle,Macrophage,CD36
muscle,Macrophage,CD54
muscle,Macrophage,CD64
muscle,Macrophage,CD68
muscle,Macrophage,CD71
muscle,Macrophage,CD80
muscle,Macrophage,CD83
muscle,Macrophage,CD86
muscle,Macrophage,CDK1
muscle,Macrophage,CHIL3
muscle,Macrophage,CLEC7A
muscle,Macrophage,CSF2RB
muscle,Macrophage,CTSS
muscle,Macrophage,CXCL2
muscle,Macrophage,CYP27A1
muscle,Macrophage,EAR1
muscle,Macrophage,EAR2
muscle,Macrophage,F4/80
muscle,Macrophage,FCER1G
muscle,Macrophage,FCGR1
muscle,Macrophage,FCGR1A
muscle,Macrophage,FCGR3A
muscle,Macrophage,FCGR3B
muscle,Macrophage,FCGR4
muscle,Macrophage,FIZZ1
muscle,Macrophage,G0S2
muscle,Macrophage,GAL
muscle,Macrophage,GDA
muscle,Macrophage,GNGT2
muscle,Macrophage,GPD1
muscle,Macrophage,GPNMB
muscle,Macrophage,H2AFZ
muscle,Macrophage,HLA CLASS II
muscle,Macrophage,ICAM1
muscle,Macrophage,IL-10
muscle,Macrophage,IL-1RA
muscle,Macrophage,IL10
muscle,Macrophage,IL1B
muscle,Macrophage,IL1RN
muscle,Macrophage,ITGAL
muscle,Macrophage,ITGAM
muscle,Macrophage,ITGAX
muscle,Macrophage,KLHDC4
muscle,Macrophage,KPNA2
muscle,Macrophage,LAPTM5
muscle,Macrophage,LGALS3
muscle,Macrophage,LYZ1
muscle,Macrophage,MARCO
muscle,Macrophage,MCEMP1
muscle,Macrophage,MPP1
muscle,Macrophage,MRC1
muscle,Macrophage,MSR1
muscle,Macrophage,NR2F6
muscle,Macrophage,NUSAP1
muscle,Macrophage,OLR1
muscle,Macrophage,PLET1
muscle,Macrophage,RETNLA
muscle,Macrophage,RETNLB
muscle,Macrophage,RFD7
muscle,Macrophage,RHEB
muscle,Macrophage,S100A4
muscle,Macrophage,SIGLEC-F
muscle,Macrophage,SIGLECF
muscle,Macrophage,SLCO2B1
muscle,Macrophage,STMN1
muscle,Macrophage,TFRC
muscle,Macrophage,TLR2
muscle,Macrophage,TNFAIP2
muscle,Macrophage,TPX2
muscle,Macrophage,TRIM25
muscle,Macrophage,TYMS
muscle,Macrophage,UBE2C
muscle,Macrophage,VEGF
muscle,Macrophage,VIM
muscle,Macrophage,VSIG4
muscle,Macrophage,WFDC21
muscle,Macrophage,YM-1
muscle,Mesenchymal progenitor cell,CD105
muscle,Mesenchymal progenitor cell,CD146
muscle,Mesenchymal progenitor cell,CD73
muscle,Mesenchymal progenitor cell,CD90
muscle,Mesenchymal progenitor cell,ENG
muscle,Mesenchymal progenitor cell,MCAM
muscle,Mesenchymal progenitor cell,NT5E
muscle,Mesenchymal progenitor cell,PDGFR-ALPHA
muscle,Mesenchymal progenitor cell,PDGFRA
muscle,Mesenchymal progenitor cell,THY1
muscle,Mesenchymal stem cell,CD10
muscle,Mesenchymal stem cell,CD105
muscle,Mesenchymal stem cell,CD106
muscle,Mesenchymal stem cell,CD117
muscle,Mesenchymal stem cell,CD120A
muscle,Mesenchymal stem cell,CD13
muscle,Mesenchymal stem cell,CD14
muscle,Mesenchymal stem cell,CD140B
muscle,Mesenchymal stem cell,CD146
muscle,Mesenchymal stem cell,CD166
muscle,Mesenchymal stem cell,CD19
muscle,Mesenchymal stem cell,CD271
muscle,Mesenchymal stem cell,CD29
muscle,Mesenchymal stem cell,CD31
muscle,Mesenchymal stem cell,CD34
muscle,Mesenchymal stem cell,CD340
muscle,Mesenchymal stem cell,CD44
muscle,Mesenchymal stem cell,CD45
muscle,Mesenchymal stem cell,CD49D
muscle,Mesenchymal stem cell,CD49E
muscle,Mesenchymal stem cell,CD51
muscle,Mesenchymal stem cell,CD56
muscle,Mesenchymal stem cell,CD71
muscle,Mesenchymal stem cell,CD73
muscle,Mesenchymal stem cell,CD90
muscle,Mesenchymal stem cell,ENG
muscle,Mesenchymal stem cell,ERBB2
muscle,Mesenchymal stem cell,ITGA4
muscle,Mesenchymal stem cell,ITGB1
muscle,Mesenchymal stem cell,LY6A
muscle,Mesenchymal stem cell,LY6A/E
muscle,Mesenchymal stem cell,MCAM
muscle,Mesenchymal stem cell,NCAM1
muscle,Mesenchymal stem cell,NGFR
muscle,Mesenchymal stem cell,NT5E
muscle,Mesenchymal stem cell,PDGFR-ALPHA
muscle,Mesenchymal stem cell,PDGFRA
muscle,Mesenchymal stem cell,PTPRC
muscle,Mesenchymal stem cell,THY1
muscle,Muscle-derived cell,CD117
muscle,Muscle-derived cell,CD34
muscle,Muscle-derived cell,CD56
muscle,Muscle-derived cell,KDR
muscle,Muscle-derived cell,KIT
muscle,Muscle-derived cell,NCAM1
muscle,Muscle-derived cell,VCAM1
muscle,Muscle-derived cell,VEGFR-2
muscle,Myoblast,ACHE
muscle,Myoblast,ADAM12
muscle,Myoblast,ANGPT2
muscle,Myoblast,ARL4D
muscle,Myoblast,BRAF
muscle,Myoblast,CAPN1
muscle,Myoblast,CCL2
muscle,Myoblast,CDH15
muscle,Myoblast,CXCL1
muscle,Myoblast,DES
muscle,Myoblast,EGFR
muscle,Myoblast,ENO3
muscle,Myoblast,FGFR4
muscle,Myoblast,FLNC
muscle,Myoblast,IGF2
muscle,Myoblast,LIF
muscle,Myoblast,MUSK
muscle,Myoblast,MYD88
muscle,Myoblast,MYF5
muscle,Myoblast,MYF6
muscle,Myoblast,MYOD1
muscle,Myoblast,MYOG
muscle,Myoblast,NGF
muscle,Myoblast,PAX3
muscle,Myoblast,PAX7
muscle,Myoblast,PDZRN3
muscle,Myoblast,SIX1
muscle,Myoblast,STK40
muscle,Myoblast,TBX3
muscle,Myoblast,TNFRSF12A
muscle,Myoblast,TPM2
muscle,Myoblast,TTN
muscle,Myoblast,ZBTB16
muscle,Myocyte,ACTA1
muscle,Myocyte,ACTC1
muscle,Myocyte,ACTN2
muscle,Myocyte,ACTN3
muscle,Myocyte,ADAM12
muscle,Myocyte,ANKRD1
muscle,Myocyte,ANKRD2
muscle,Myocyte,ARHGAP26
muscle,Myocyte,CAPZA3
muscle,Myocyte,CAV3
muscle,Myocyte,CDH15
muscle,Myocyte,CHODL
muscle,Myocyte,CKM
muscle,Myocyte,CLOCK
muscle,Myocyte,CMKLR1
muscle,Myocyte,CXCR4
muscle,Myocyte,DES
muscle,Myocyte,DLL1
muscle,Myocyte,DMD
muscle,Myocyte,DOCK1
muscle,Myocyte,DOCK5
muscle,Myocyte,EDN1
muscle,Myocyte,ENO3
muscle,Myocyte,FHL2
muscle,Myocyte,FLNC
muscle,Myocyte,GATA4
muscle,Myocyte,GATA5
muscle,Myocyte,IL4
muscle,Myocyte,IL4RA
muscle,Myocyte,IQSEC1
muscle,Myocyte,ITGA3
muscle,Myocyte,ITGA7
muscle,Myocyte,LAMA2
muscle,Myocyte,LAMB1
muscle,Myocyte,LDB1
muscle,Myocyte,LDB3
muscle,Myocyte,MEF2A
muscle,Myocyte,MEF2B
muscle,Myocyte,MEF2D
muscle,Myocyte,MMP2
muscle,Myocyte,MMP9
muscle,Myocyte,MRC1
muscle,Myocyte,MSTN
muscle,Myocyte,MYF5
muscle,Myocyte,MYF6
muscle,Myocyte,MYH1
muscle,Myocyte,MYH14
muscle,Myocyte,MYH4
muscle,Myocyte,MYH7
muscle,Myocyte,MYH8
muscle,Myocyte,MYL1
muscle,Myocyte,MYLPF
muscle,Myocyte,MYOD1
muscle,Myocyte,MYOG
muscle,Myocyte,MYOZ1
muscle,Myocyte,NBR1
muscle,Myocyte,NEB
muscle,Myocyte,NID1
muscle,Myocyte,NID2
muscle,Myocyte,NOTCH3
muscle,Myocyte,NPHS1
muscle,Myocyte,NPPA
muscle,Myocyte,NPPB
muscle,Myocyte,OLFR599
muscle,Myocyte,PAX3
muscle,Myocyte,PAX7
muscle,Myocyte,PLD1
muscle,Myocyte,POPDC2
muscle,Myocyte,PRKCQ
muscle,Myocyte,PTGIR
muscle,Myocyte,PTK2
muscle,Myocyte,PXN
muscle,Myocyte,PYGM
muscle,Myocyte,SIX1
muscle,Myocyte,SIX4
muscle,Myocyte,SULF1
muscle,Myocyte,TCAP
muscle,Myocyte,THBS4
muscle,Myocyte,TMOD4
muscle,Myocyte,TNNC1
muscle,Myocyte,TNNC2
muscle,Myocyte,TNNI1
muscle,Myocyte,TNNI2
muscle,Myocyte,TNNT1
muscle,Myocyte,TNNT3
muscle,Myocyte,TPM2
muscle,Myocyte,TRIO
muscle,Myocyte,TTN
muscle,Myocyte,WASHC1
muscle,Myocyte,WIPF1
muscle,Myocyte progenitor cell,BTG2
muscle,Myocyte progenitor cell,EGR1
muscle,Myocyte progenitor cell,FOS
muscle,Myocyte progenitor cell,HSPA1A
muscle,Myocyte progenitor cell,ID3
muscle,Myocyte progenitor cell,IER2
muscle,Myocyte progenitor cell,JUN
muscle,Myocyte progenitor cell,JUNB
muscle,Myocyte progenitor cell,SPARC
muscle,Myoepithelial cell,ACTA2
muscle,Myoepithelial cell,ACTG2
muscle,Myoepithelial cell,CA3
muscle,Myoepithelial cell,CARS
muscle,Myoepithelial cell,CD109
muscle,Myoepithelial cell,CDH3
muscle,Myoepithelial cell,CNN1
muscle,Myoepithelial cell,EGFR
muscle,Myoepithelial cell,FST
muscle,Myoepithelial cell,GRWD1
muscle,Myoepithelial cell,KRT14
muscle,Myoepithelial cell,KRT17
muscle,Myoepithelial cell,KRT5
muscle,Myoepithelial cell,LAMB3
muscle,Myoepithelial cell,LAMC2
muscle,Myoepithelial cell,MDFI
muscle,Myoepithelial cell,MME
muscle,Myoepithelial cell,MYH11
muscle,Myoepithelial cell,MYL9
muscle,Myoepithelial cell,MYLK
muscle,Myoepithelial cell,NGFR
muscle,Myoepithelial cell,PXN
muscle,Myoepithelial cell,SERPINB5
muscle,Myoepithelial cell,SFN
muscle,Myoepithelial cell,SMIM3
muscle,Myoepithelial cell,SPHK1
muscle,Myoepithelial cell,TCP1
muscle,Myoepithelial cell,TP63
muscle,Myofibroblast,ACTA2
muscle,Myofibroblast,CALD1
muscle,Myofibroblast,CDH11
muscle,Myofibroblast,DES
muscle,Myofibroblast,GFAP
muscle,Myofibroblast,MYL9
muscle,Myofibroblast,PALLD
muscle,Myofibroblast,TAGLN
muscle,Myofibroblast,TNS1
muscle,Myogenic endothelial cell,CD144
muscle,Myogenic endothelial cell,CD34
muscle,Myogenic endothelial cell,CD45
muscle,Myogenic endothelial cell,CD56
muscle,Myogenic endothelial cell,CDH5
muscle,Myogenic endothelial cell,NCAM1
muscle,Myogenic endothelial cell,PTPRC
muscle,Neutrophil,ADAM8
muscle,Neutrophil,ADPGK
muscle,Neutrophil,ANXA1
muscle,Neutrophil,ARG2
muscle,Neutrophil,ASPRV1
muscle,Neutrophil,AZU1
muscle,Neutrophil,BST1
muscle,Neutrophil,C5AR1
muscle,Neutrophil,CA1
muscle,Neutrophil,CAMP
muscle,Neutrophil,CAR1
muscle,Neutrophil,CCL3
muscle,Neutrophil,CCL6
muscle,Neutrophil,CCL9
muscle,Neutrophil,CCR1
muscle,Neutrophil,CCRL2
muscle,Neutrophil,CD14
muscle,Neutrophil,CD177
muscle,Neutrophil,CD24
muscle,Neutrophil,CD33
muscle,Neutrophil,CEACAM1
muscle,Neutrophil,CEACAM8
muscle,Neutrophil,CFP
muscle,Neutrophil,CHIL3
muscle,Neutrophil,CLEC4D
muscle,Neutrophil,CLEC4E
muscle,Neutrophil,CRP
muscle,Neutrophil,CSF3R
muscle,Neutrophil,CTSG
muscle,Neutrophil,CXCL2
muscle,Neutrophil,CXCR1
muscle,Neutrophil,CXCR2
muscle,Neutrophil,DEFA1
muscle,Neutrophil,DEFA2
muscle,Neutrophil,DEFA3
muscle,Neutrophil,DOCK8
muscle,Neutrophil,ELANE
muscle,Neutrophil,FCGR1A
muscle,Neutrophil,FCGR3A
muscle,Neutrophil,FCGR4
muscle,Neutrophil,FUT4
muscle,Neutrophil,HDC
muscle,Neutrophil,HP
muscle,Neutrophil,IL1B
muscle,Neutrophil,IL1R2
muscle,Neutrophil,ITGAM
muscle,Neutrophil,ITGAX
muscle,Neutrophil,JAML
muscle,Neutrophil,LCN2
muscle,Neutrophil,LRG1
muscle,Neutrophil,LTF
muscle,Neutrophil,LY6G
muscle,Neutrophil,LYST
muscle,Neutrophil,LYZ
muscle,Neutrophil,LYZ1
muscle,Neutrophil,MMP8
muscle,Neutrophil,MMP9
muscle,Neutrophil,MPO
muscle,Neutrophil,MRGPRA2B
muscle,Neutrophil,MYLK
muscle,Neutrophil,NCF1
muscle,Neutrophil,NGP
muscle,Neutrophil,NLRP3
muscle,Neutrophil,NR1I3
muscle,Neutrophil,OAS3
muscle,Neutrophil,OSM
muscle,Neutrophil,PECAM1
muscle,Neutrophil,PILRA
muscle,Neutrophil,PRTN3
muscle,Neutrophil,PSTPIP1
muscle,Neutrophil,PTGS2
muscle,Neutrophil,RETNLG
muscle,Neutrophil,S100A4
muscle,Neutrophil,S100A8
muscle,Neutrophil,S100A9
muscle,Neutrophil,SELL
muscle,Neutrophil,SERPINB1
muscle,Neutrophil,SLC1A5
muscle,Neutrophil,SNX20
muscle,Neutrophil,SORL1
muscle,Neutrophil,STFA2L1
muscle,Neutrophil,TLR2
muscle,Neutrophil,TREM1
muscle,Neutrophil,TREM3
muscle,Pericyte,ACTA2
muscle,Pericyte,CACNA1C
muscle,Pericyte,CARMN
muscle,Pericyte,CCDC102B
muscle,Pericyte,CD146
muscle,Pericyte,COL25A1
muscle,Pericyte,DLC1
muscle,Pericyte,HS6ST3
muscle,Pericyte,KCNAB1
muscle,Pericyte,LDB3
muscle,Pericyte,LMOD1
muscle,Pericyte,MAP1B
muscle,Pericyte,MCAM
muscle,Pericyte,MYH11
muscle,Pericyte,NTRK3
muscle,Pericyte,PDGFRB
muscle,Pericyte,PDZRN4
muscle,Pericyte,PRKG1
muscle,Pericyte,PRR16
muscle,Pericyte,RGS5
muscle,Progenitor cell,CD34
muscle,Progenitor cell,MYF5
muscle,Progenitor cell,NES
muscle,Progenitor cell,NESTIN
muscle,Progenitor cell,PAX7
muscle,Progenitor cell,SM-MHC
muscle,Satellite cell,ASB5
muscle,Satellite cell,BARX2
muscle,Satellite cell,BDKRB1
muscle,Satellite cell,BMI1
muscle,Satellite cell,CALCR
muscle,Satellite cell,CAV1
muscle,Satellite cell,CDCP1
muscle,Satellite cell,CDH1
muscle,Satellite cell,CDH15
muscle,Satellite cell,CXCL1
muscle,Satellite cell,CXCR4
muscle,Satellite cell,DMD
muscle,Satellite cell,ERBB2
muscle,Satellite cell,FOXK1
muscle,Satellite cell,GAL
muscle,Satellite cell,HEYL
muscle,Satellite cell,HMOX1
muscle,Satellite cell,HOXC10
muscle,Satellite cell,IRF2
muscle,Satellite cell,ISL1
muscle,Satellite cell,ITGA7
muscle,Satellite cell,MESP1
muscle,Satellite cell,MET
muscle,Satellite cell,MSTN
muscle,Satellite cell,MYF5
muscle,Satellite cell,MYOD1
muscle,Satellite cell,NCAM1
muscle,Satellite cell,NFATC2
muscle,Satellite cell,NOTCH3
muscle,Satellite cell,PAX3
muscle,Satellite cell,PAX7
muscle,Satellite cell,PEG3
muscle,Satellite cell,RUNX1
muscle,Satellite cell,SCRIB
muscle,Satellite cell,SIX1
muscle,Satellite cell,SOX8
muscle,Satellite cell,SPRY1
muscle,Satellite cell,SRXN1
muscle,Satellite cell,TCF21
muscle,Satellite cell,TNFRSF12A
muscle,Satellite cell,TRIM32
muscle,Satellite cell,VAMP2
muscle,Satellite cell,VCAM1
muscle,Satellite cell,ZFP423
muscle,Schwann cell,AGR2
muscle,Schwann cell,ALDH2
muscle,Schwann cell,ALDOC
muscle,Schwann cell,APOD
muscle,Schwann cell,ART3
muscle,Schwann cell,ASPA
muscle,Schwann cell,ATP1B1
muscle,Schwann cell,ATP5MD
muscle,Schwann cell,ATP5MK
muscle,Schwann cell,BAG3
muscle,Schwann cell,BCAS1
muscle,Schwann cell,BCHE
muscle,Schwann cell,CAB39L
muscle,Schwann cell,CADM4
muscle,Schwann cell,CD59A
muscle,Schwann cell,CD82
muscle,Schwann cell,CDKN1C
muscle,Schwann cell,CHCHD10
muscle,Schwann cell,CLDN19
muscle,Schwann cell,CMTM5
muscle,Schwann cell,CNP
muscle,Schwann cell,COX20
muscle,Schwann cell,CRYAB
muscle,Schwann cell,CTHRC1
muscle,Schwann cell,ECRG4
muscle,Schwann cell,EGFL8
muscle,Schwann cell,EPHX1
muscle,Schwann cell,FXYD1
muscle,Schwann cell,GFAP
muscle,Schwann cell,GFRA3
muscle,Schwann cell,GPR37L1
muscle,Schwann cell,GPX8
muscle,Schwann cell,IFI27
muscle,Schwann cell,IGFBP2
muscle,Schwann cell,ITGB4
muscle,Schwann cell,KCNA1
muscle,Schwann cell,KCNJ13
muscle,Schwann cell,KL
muscle,Schwann cell,LAMC1
muscle,Schwann cell,LDHB
muscle,Schwann cell,LGALS1
muscle,Schwann cell,LGI4
muscle,Schwann cell,MAG
muscle,Schwann cell,MATN2
muscle,Schwann cell,MCEE
muscle,Schwann cell,MDH1
muscle,Schwann cell,MPZ
muscle,Schwann cell,MRPS6
muscle,Schwann cell,MSX1
muscle,Schwann cell,MT3
muscle,Schwann cell,NDRG1
muscle,Schwann cell,NDUFA1
muscle,Schwann cell,NDUFA11
muscle,Schwann cell,NDUFV3
muscle,Schwann cell,NF2
muscle,Schwann cell,NGFR
muscle,Schwann cell,NOV
muscle,Schwann cell,NPY
muscle,Schwann cell,NRN1
muscle,Schwann cell,NTRK1
muscle,Schwann cell,OLIG1
muscle,Schwann cell,PCP4L1
muscle,Schwann cell,PLP1
muscle,Schwann cell,PLTP
muscle,Schwann cell,PMP22
muscle,Schwann cell,POU3F1
muscle,Schwann cell,PRDX5
muscle,Schwann cell,PRX
muscle,Schwann cell,RXRG
muscle,Schwann cell,S100B
muscle,Schwann cell,SCN7A
muscle,Schwann cell,SEMA3B
muscle,Schwann cell,SEPTIN9
muscle,Schwann cell,SOSTDC1
muscle,Schwann cell,SOX10
muscle,Schwann cell,STMN1
muscle,Schwann cell,SUCLA2
muscle,Schwann cell,TAGLN
muscle,Schwann cell,TST
muscle,Schwann cell,VAT1L
muscle,Smooth muscle cell,AAED1
muscle,Smooth muscle cell,ACKR3
muscle,Smooth muscle cell,ACTA2
muscle,Smooth muscle cell,ACTC1
muscle,Smooth muscle cell,ACTG2
muscle,Smooth muscle cell,ADAMDEC1
muscle,Smooth muscle cell,AKT2
muscle,Smooth muscle cell,ANGPT1
muscle,Smooth muscle cell,ANKRD1
muscle,Smooth muscle cell,AOC3
muscle,Smooth muscle cell,BGN
muscle,Smooth muscle cell,CNN1
muscle,Smooth muscle cell,CRABP1
muscle,Smooth muscle cell,DES
muscle,Smooth muscle cell,DMPK
muscle,Smooth muscle cell,EHD2
muscle,Smooth muscle cell,FABP4
muscle,Smooth muscle cell,FAS
muscle,Smooth muscle cell,FBLN5
muscle,Smooth muscle cell,FHL2
muscle,Smooth muscle cell,GJA4
muscle,Smooth muscle cell,GJC1
muscle,Smooth muscle cell,HEXIM1
muscle,Smooth muscle cell,HHIP
muscle,Smooth muscle cell,HSPB6
muscle,Smooth muscle cell,ITGA1
muscle,Smooth muscle cell,ITGA8
muscle,Smooth muscle cell,ITGA9
muscle,Smooth muscle cell,JPH2
muscle,Smooth muscle cell,KAT2B
muscle,Smooth muscle cell,KCNAB1
muscle,Smooth muscle cell,KCNMB1
muscle,Smooth muscle cell,KIF1C
muscle,Smooth muscle cell,LAMB2
muscle,Smooth muscle cell,LGR6
muscle,Smooth muscle cell,LMO7
muscle,Smooth muscle cell,LMOD1
muscle,Smooth muscle cell,LOX
muscle,Smooth muscle cell,MAP3K7CL
muscle,Smooth muscle cell,MFAP5
muscle,Smooth muscle cell,MRVI1
muscle,Smooth muscle cell,MSRB3
muscle,Smooth muscle cell,MUSTN1
muscle,Smooth muscle cell,MYH11
muscle,Smooth muscle cell,MYH6
muscle,Smooth muscle cell,MYL9
muscle,Smooth muscle cell,MYLK
muscle,Smooth muscle cell,MYLK4
muscle,Smooth muscle cell,NEXN
muscle,Smooth muscle cell,NF2
muscle,Smooth muscle cell,NOTCH3
muscle,Smooth muscle cell,NOV
muscle,Smooth muscle cell,NOX4
muscle,Smooth muscle cell,NRP2
muscle,Smooth muscle cell,OBSCN
muscle,Smooth muscle cell,OGN
muscle,Smooth muscle cell,OTUD1
muscle,Smooth muscle cell,PCP4L1
muscle,Smooth muscle cell,PDE4DIP
muscle,Smooth muscle cell,PDGFD
muscle,Smooth muscle cell,PLN
muscle,Smooth muscle cell,RASL12
muscle,Smooth muscle cell,RBPMS2
muscle,Smooth muscle cell,RGS5
muscle,Smooth muscle cell,RPRM
muscle,Smooth muscle cell,RRAD
muscle,Smooth muscle cell,SEC24D
muscle,Smooth muscle cell,SH3BGR
muscle,Smooth muscle cell,SLC38A11
muscle,Smooth muscle cell,SMOC1
muscle,Smooth muscle cell,SMTN
muscle,Smooth muscle cell,SNCG
muscle,Smooth muscle cell,SOD3
muscle,Smooth muscle cell,SPEG
muscle,Smooth muscle cell,SPON2
muscle,Smooth muscle cell,SSPN
muscle,Smooth muscle cell,TAGLN
muscle,Smooth muscle cell,TCF21
muscle,Smooth muscle cell,VASN
muscle,Smooth muscle cell,WFDC1
muscle,Smooth muscle cell,WWP2
muscle,Smooth muscle cell,ZBTB44
muscle,T cell,BCL11B
muscle,T cell,CAMK4
muscle,T cell,CD247
muscle,T cell,CD28
muscle,T cell,CD3D
muscle,T cell,CD3E
muscle,T cell,CD3G
muscle,T cell,CD96
muscle,T cell,CXCR6
muscle,T cell,FAM189B
muscle,T cell,GIMAP3
muscle,T cell,GIMAP3P
muscle,T cell,GM10260
muscle,T cell,IL7R
muscle,T cell,ITK
muscle,T cell,LEF1
muscle,T cell,LINC01934
muscle,T cell,LTB
muscle,T cell,RAPGEF6
muscle,T cell,RASGRP1
muscle,T cell,RHOH
muscle,T cell,RPL12
muscle,T cell,RPLP1
muscle,T cell,RPS16
muscle,T cell,RPS18-PS6
muscle,T cell,RPS23
muscle,T cell,RPS4X
muscle,T cell,SATB1
muscle,T cell,SLFN12L
muscle,T cell,SOCS2
muscle,T cell,THEMIS
muscle,T cell,TMSB10
muscle,T cell,TPT1
muscle,Tenocyte,1500015O10RIK
muscle,Tenocyte,ANGPTL7
muscle,Tenocyte,ATP6V0A4
muscle,Tenocyte,C1QTNF3
muscle,Tenocyte,CCDC3
muscle,Tenocyte,CHAD
muscle,Tenocyte,CHODL
muscle,Tenocyte,CILP
muscle,Tenocyte,CILP2
muscle,Tenocyte,COL11A1
muscle,Tenocyte,COL11A2
muscle,Tenocyte,COL12A1
muscle,Tenocyte,COL13A1
muscle,Tenocyte,COL1A1
muscle,Tenocyte,COL1A2
muscle,Tenocyte,COL8A2
muscle,Tenocyte,COMP
muscle,Tenocyte,CPXM2
muscle,Tenocyte,CTGF
muscle,Tenocyte,CYBRD1
muscle,Tenocyte,EDIL3
muscle,Tenocyte,EGFL6
muscle,Tenocyte,FIBIN
muscle,Tenocyte,FMOD
muscle,Tenocyte,GREM2
muscle,Tenocyte,INSC
muscle,Tenocyte,ITGA10
muscle,Tenocyte,ITGBL1
muscle,Tenocyte,KCNMA1
muscle,Tenocyte,KERA
muscle,Tenocyte,LOX
muscle,Tenocyte,MFAP4
muscle,Tenocyte,MKX
muscle,Tenocyte,NT5E
muscle,Tenocyte,P3H2
muscle,Tenocyte,PLA2G5
muscle,Tenocyte,PRG4
muscle,Tenocyte,PTGIS
muscle,Tenocyte,PTX4
muscle,Tenocyte,S100A5
muscle,Tenocyte,SCUBE2
muscle,Tenocyte,SCX
muscle,Tenocyte,SEMA3A
muscle,Tenocyte,THBS1
muscle,Tenocyte,THBS2
muscle,Tenocyte,THBS4
muscle,Tenocyte,TNC
muscle,Tenocyte,TNMD
muscle,Tenocyte,UTS2R
muscle,Tenocyte,VIPR2
muscle,Tenocyte,WASF1
muscle,Tenocyte,WIF1
other,Chromaffin cell,AGRP
other,Chromaffin cell,CACNA1D
other,Chromaffin cell,CHGA
other,Chromaffin cell,DOC2B
other,Chromaffin cell,GJD2
other,Chromaffin cell,IGF2
other,Chromaffin cell,NCS1
other,Chromaffin cell,NPY
other,Chromaffin cell,NTRK1
other,Chromaffin cell,P2RY1
other,Chromaffin cell,PIK3C2A
other,Chromaffin cell,PLAT
other,Chromaffin cell,PLD1
other,Chromaffin cell,PLD2
other,Chromaffin cell,PNMT
other,Chromaffin cell,RAPGEF2
other,Chromaffin cell,SERPINE1
other,Chromaffin cell,SLC12A2
other,Chromaffin cell,SLC18A1
other,Chromaffin cell,SLC18A2
other,Chromaffin cell,SLC26A4
other,Chromaffin cell,SNAP25
other,Chromaffin cell,SNAPIN
other,Chromaffin cell,STX1A
other,Chromaffin cell,UNC13A
other,Epithelial cell,ADIPOQ
other,Epithelial cell,AGER
other,Epithelial cell,AGR2
other,Epithelial cell,ALOX15
other,Epithelial cell,ANLN
other,Epithelial cell,ANPEP
other,Epithelial cell,APN
other,Epithelial cell,APOA1
other,Epithelial cell,AQP3
other,Epithelial cell,BMI1
other,Epithelial cell,BOK
other,Epithelial cell,BRCA1
other,Epithelial cell,CASC5
other,Epithelial cell,CCL20
other,Epithelial cell,CD2
other,Epithelial cell,CD24
other,Epithelial cell,CDH1
other,Epithelial cell,CDH3
other,Epithelial cell,CDKL1
other,Epithelial cell,CDKN2A
other,Epithelial cell,CDKN3
other,Epithelial cell,CEACAM1
other,Epithelial cell,CEACAM5
other,Epithelial cell,CKAP2
other,Epithelial cell,CKAP2L
other,Epithelial cell,CLDN1
other,Epithelial cell,CRYBA1
other,Epithelial cell,CTSE
other,Epithelial cell,CXCL10
other,Epithelial cell,CXCL17
other,Epithelial cell,CXCL8
other,Epithelial cell,DEFB1
other,Epithelial cell,DESMIN
other,Epithelial cell,DGAT2
other,Epithelial cell,DKK3
other,Epithelial cell,DLX5
other,Epithelial cell,ECT2
other,Epithelial cell,EHF
other,Epithelial cell,ELF3
other,Epithelial cell,EMILIN2
other,Epithelial cell,EPCAM
other,Epithelial cell,EXO1
other,Epithelial cell,F5
other,Epithelial cell,FERMT1
other,Epithelial cell,FMO5
other,Epithelial cell,FOXA1
other,Epithelial cell,FZD6
other,Epithelial cell,GABRP
other,Epithelial cell,GATA2
other,Epithelial cell,GGT1
other,Epithelial cell,GPA33
other,Epithelial cell,GUCA2A
other,Epithelial cell,HBEGF
other,Epithelial cell,HIRIP3
other,Epithelial cell,HMMR
other,Epithelial cell,ICAM1
other,Epithelial cell,IFI16
other,Epithelial cell,IL1R1
other,Epithelial cell,INCENP
other,Epithelial cell,ITGA1
other,Epithelial cell,ITGA2
other,Epithelial cell,ITGA4
other,Epithelial cell,ITGA5
other,Epithelial cell,ITGAL
other,Epithelial cell,ITGB4
other,Epithelial cell,ITPR2
other,Epithelial cell,IVL
other,Epithelial cell,KAP
other,Epithelial cell,KIF15
other,Epithelial cell,KIF20B
other,Epithelial cell,KIF23
other,Epithelial cell,KLK1
other,Epithelial cell,KLK10
other,Epithelial cell,KLK3
other,Epithelial cell,KLKB1
other,Epithelial cell,KRT1
other,Epithelial cell,KRT13
other,Epithelial cell,KRT14
other,Epithelial cell,KRT15
other,Epithelial cell,KRT16
other,Epithelial cell,KRT2
other,Epithelial cell,KRT3
other,Epithelial cell,KRT5
other,Epithelial cell,KRT6
other,Epithelial cell,KRT7
other,Epithelial cell,KRT72
other,Epithelial cell,LGALS4
other,Epithelial cell,LTF
other,Epithelial cell,LYPD8
other,Epithelial cell,MECOM
other,Epithelial cell,MEP1
other,Epithelial cell,MEP1A
other,Epithelial cell,MEP7
other,Epithelial cell,MSX1
other,Epithelial cell,MUC1
other,Epithelial cell,MUC13
other,Epithelial cell,MUC16
other,Epithelial cell,MUC3
other,Epithelial cell,MUC3A
other,Epithelial cell,MUC5AC
other,Epithelial cell,NAPSA
other,Epithelial cell,NES1
other,Epithelial cell,NKD1
other,Epithelial cell,NRP2
other,Epithelial cell,OCLN
other,Epithelial cell,OIT1
other,Epithelial cell,P2RX7
other,Epithelial cell,PAQR5
other,Epithelial cell,PGR
other,Epithelial cell,PHGR1
other,Epithelial cell,PIGR
other,Epithelial cell,PLA2G4A
other,Epithelial cell,PLEKHS1
other,Epithelial cell,PMEL
other,Epithelial cell,PPN1
other,Epithelial cell,PRC1
other,Epithelial cell,PRG4
other,Epithelial cell,PROM1
other,Epithelial cell,PRSS32
other,Epithelial cell,PSCA
other,Epithelial cell,RAI14
other,Epithelial cell,RNF128
other,Epithelial cell,SAA3
other,Epithelial cell,SAA3P
other,Epithelial cell,SCGB1A1
other,Epithelial cell,SCNN1A
other,Epithelial cell,SCNN1B
other,Epithelial cell,SCNN1D
other,Epithelial cell,SCNN1G
other,Epithelial cell,SEC23B
other,Epithelial cell,SELENBP1
other,Epithelial cell,SFN
other,Epithelial cell,SFRP5
other,Epithelial cell,SI
other,Epithelial cell,SLC25A48
other,Epithelial cell,SLC46A2
other,Epithelial cell,SPRR1B
other,Epithelial cell,SPRR2A1
other,Epithelial cell,SPTSSB
other,Epithelial cell,ST6GAL1
other,Epithelial cell,SYCN
other,Epithelial cell,TCP1
other,Epithelial cell,THRSP
other,Epithelial cell,TM4SF20
other,Epithelial cell,TP63
other,Epithelial cell,TSPAN1
other,Epithelial cell,TSPAN8
other,Epithelial cell,TSTD1
other,Epithelial cell,TTR
other,Epithelial cell,VSIG2
other,Epithelial cell,ZFP322A
other,Epithelial cell,ZFP42
other,Epithelial cell,ZFP704
other,Follicular cell,ASGR1
other,Follicular cell,CDH16
other,Follicular cell,DIO1
other,Follicular cell,FOXE1
other,Follicular cell,IYD
other,Follicular cell,KCNIP3
other,Follicular cell,PRLR
other,Follicular cell,SLC16A11
other,Follicular cell,SLC26A7
other,Follicular cell,SLC6A4
other,Follicular cell,TG
other,Follicular cell,TPO
other,Follicular cell,TSHR
other,Follicular cell,TTF1
other,Glomus cell,ABCC8
other,Glomus cell,ASIC1
other,Glomus cell,ASIC3
other,Glomus cell,CALD1
other,Glomus cell,CBS
other,Glomus cell,COL4A1
other,Glomus cell,COX4I2
other,Glomus cell,CTH
other,Glomus cell,CYB561
other,Glomus cell,DDC
other,Glomus cell,DGKK
other,Glomus cell,DRD2
other,Glomus cell,EML5
other,Glomus cell,EPAS1
other,Glomus cell,GAP43
other,Glomus cell,GFRA1
other,Glomus cell,GFRA2
other,Glomus cell,GJA1
other,Glomus cell,GNAS
other,Glomus cell,HMOX2
other,Glomus cell,IL1R1
other,Glomus cell,IL6ST
other,Glomus cell,ITM2B
other,Glomus cell,KCNJ11
other,Glomus cell,KCNJ8
other,Glomus cell,KCNK3
other,Glomus cell,KCNK9
other,Glomus cell,MMP9
other,Glomus cell,NDUFA4L2
other,Glomus cell,NNAT
other,Glomus cell,NOS1
other,Glomus cell,OLFR78
other,Glomus cell,PHOX2B
other,Glomus cell,PKIB
other,Glomus cell,RGS4
other,Glomus cell,SLC39A6
other,Glomus cell,SNAP25
other,Glomus cell,TH
other,Glomus cell,TNFRSF1A
other,Glomus cell,UCHL1
other,Glomus cell,VIM
other,Hair cell,CALB2
other,Hair cell,CALRETININ
other,Hair cell,MYO6
other,Hair cell,MYO7A
other,Hair cell,PARVALBUMIN
other,Hair cell,PVALB
other,Invasive spongiotrophoblast,1600012P17RIK
other,Invasive spongiotrophoblast,1600025M17RIK
other,Invasive spongiotrophoblast,1700025G04RIK
other,Invasive spongiotrophoblast,ADA
other,Invasive spongiotrophoblast,APRT
other,Invasive spongiotrophoblast,ATOX1
other,Invasive spongiotrophoblast,BST2
other,Invasive spongiotrophoblast,CALR
other,Invasive spongiotrophoblast,CCL27A
other,Invasive spongiotrophoblast,CD63
other,Invasive spongiotrophoblast,CD82
other,Invasive spongiotrophoblast,CEACAM11
other,Invasive spongiotrophoblast,CEACAM12
other,Invasive spongiotrophoblast,CEACAM13
other,Invasive spongiotrophoblast,CEACAM14
other,Invasive spongiotrophoblast,CEACAM3
other,Invasive spongiotrophoblast,CEACAM5
other,Invasive spongiotrophoblast,CITED1
other,Invasive spongiotrophoblast,CITED2
other,Invasive spongiotrophoblast,CREG1
other,Invasive spongiotrophoblast,CRELD2
other,Invasive spongiotrophoblast,CSTB
other,Invasive spongiotrophoblast,CTS3
other,Invasive spongiotrophoblast,CTSJ
other,Invasive spongiotrophoblast,CTSL
other,Invasive spongiotrophoblast,CTSM
other,Invasive spongiotrophoblast,CTSR
other,Invasive spongiotrophoblast,DBI
other,Invasive spongiotrophoblast,DNAJB11
other,Invasive spongiotrophoblast,DNAJC3
other,Invasive spongiotrophoblast,DUSP9
other,Invasive spongiotrophoblast,EIF4EBP1
other,Invasive spongiotrophoblast,ERP29
other,Invasive spongiotrophoblast,FBLN7
other,Invasive spongiotrophoblast,FKBP11
other,Invasive spongiotrophoblast,FLT1
other,Invasive spongiotrophoblast,FN1
other,Invasive spongiotrophoblast,FOXO4
other,Invasive spongiotrophoblast,FTHL17A
other,Invasive spongiotrophoblast,GM5155
other,Invasive spongiotrophoblast,GNS
other,Invasive spongiotrophoblast,HSP90B1
other,Invasive spongiotrophoblast,HSPA5
other,Invasive spongiotrophoblast,ISG20
other,Invasive spongiotrophoblast,KRT18
other,Invasive spongiotrophoblast,KRT8
other,Invasive spongiotrophoblast,KRTCAP2
other,Invasive spongiotrophoblast,LGALS9
other,Invasive spongiotrophoblast,MAGED1
other,Invasive spongiotrophoblast,MANF
other,Invasive spongiotrophoblast,MCFD2
other,Invasive spongiotrophoblast,NPC2
other,Invasive spongiotrophoblast,NRK
other,Invasive spongiotrophoblast,P4HB
other,Invasive spongiotrophoblast,PAPPA2
other,Invasive spongiotrophoblast,PDIA3
other,Invasive spongiotrophoblast,PDIA6
other,Invasive spongiotrophoblast,PDLIM1
other,Invasive spongiotrophoblast,PPIB
other,Invasive spongiotrophoblast,PRL2A1
other,Invasive spongiotrophoblast,PRL2B1
other,Invasive spongiotrophoblast,PRL2C5
other,Invasive spongiotrophoblast,PRL3B1
other,Invasive spongiotrophoblast,PRL7A2
other,Invasive spongiotrophoblast,PRL7D1
other,Invasive spongiotrophoblast,PRL8A1
other,Invasive spongiotrophoblast,PRL8A6
other,Invasive spongiotrophoblast,PRL8A8
other,Invasive spongiotrophoblast,PRL8A9
other,Invasive spongiotrophoblast,PSG-PS1
other,Invasive spongiotrophoblast,PSG16
other,Invasive spongiotrophoblast,PSG17
other,Invasive spongiotrophoblast,PSG18
other,Invasive spongiotrophoblast,PSG19
other,Invasive spongiotrophoblast,PSG21
other,Invasive spongiotrophoblast,PSG23
other,Invasive spongiotrophoblast,PSG25
other,Invasive spongiotrophoblast,PSG26
other,Invasive spongiotrophoblast,PSG27
other,Invasive spongiotrophoblast,PSG28
other,Invasive spongiotrophoblast,RALBP1
other,Invasive spongiotrophoblast,RARRES2
other,Invasive spongiotrophoblast,RHOX5
other,Invasive spongiotrophoblast,RHOX6
other,Invasive spongiotrophoblast,RHOX9
other,Invasive spongiotrophoblast,RNF128
other,Invasive spongiotrophoblast,SBSN
other,Invasive spongiotrophoblast,SCT
other,Invasive spongiotrophoblast,SERPINH1
other,Invasive spongiotrophoblast,SLC38A4
other,Invasive spongiotrophoblast,SSR2
other,Invasive spongiotrophoblast,SSR4
other,Invasive spongiotrophoblast,TAF7L
other,Invasive spongiotrophoblast,TAGLN2
other,Invasive spongiotrophoblast,TMED10
other,Invasive spongiotrophoblast,TMEM37
other,Invasive spongiotrophoblast,TNFRSF9
other,Invasive spongiotrophoblast,TPBPA
other,Invasive spongiotrophoblast,TPBPB
other,Invasive spongiotrophoblast,TRAP1A
other,Langerhans cell,ALCAM
other,Langerhans cell,ANK
other,Langerhans cell,ANXA1
other,Langerhans cell,ANXA2
other,Langerhans cell,APRT
other,Langerhans cell,ARL4C
other,Langerhans cell,ATOX1
other,Langerhans cell,CD52
other,Langerhans cell,CD72
other,Langerhans cell,CD74
other,Langerhans cell,CD9
other,Langerhans cell,CDH1
other,Langerhans cell,COX7A2L
other,Langerhans cell,CREB5
other,Langerhans cell,CSF2RB
other,Langerhans cell,CST3
other,Langerhans cell,CTSH
other,Langerhans cell,CXCL16
other,Langerhans cell,CYTIP
other,Langerhans cell,DOK3
other,Langerhans cell,DPYSL2
other,Langerhans cell,EPCAM
other,Langerhans cell,F11R
other,Langerhans cell,FOSB
other,Langerhans cell,GABARAPL2
other,Langerhans cell,GLIPR1
other,Langerhans cell,GM2A
other,Langerhans cell,GPR141
other,Langerhans cell,GRASP
other,Langerhans cell,GSN
other,Langerhans cell,H2-AA
other,Langerhans cell,H2-AB1
other,Langerhans cell,H2-DMA
other,Langerhans cell,H2-DMB1
other,Langerhans cell,H2-DMB2
other,Langerhans cell,H2-EB1
other,Langerhans cell,H2AFY
other,Langerhans cell,H2AFZ
other,Langerhans cell,HAVCR2
other,Langerhans cell,HEPACAM2
other,Langerhans cell,HERPUD1
other,Langerhans cell,IL1R2
other,Langerhans cell,ITGAX
other,Langerhans cell,JAK2
other,Langerhans cell,KLRB1B
other,Langerhans cell,KLRD1
other,Langerhans cell,LGALS3
other,Langerhans cell,LMNA
other,Langerhans cell,MAFF
other,Langerhans cell,MALT1
other,Langerhans cell,MMP12
other,Langerhans cell,MPC1
other,Langerhans cell,MPP6
other,Langerhans cell,NAP1L1
other,Langerhans cell,NAPSA
other,Langerhans cell,NCEH1
other,Langerhans cell,PAK1
other,Langerhans cell,PKIB
other,Langerhans cell,PLP2
other,Langerhans cell,PRDX6
other,Langerhans cell,PTK2B
other,Langerhans cell,PTMS
other,Langerhans cell,PXDC1
other,Langerhans cell,RALA
other,Langerhans cell,RASGEF1B
other,Langerhans cell,RPL10
other,Langerhans cell,RPL11
other,Langerhans cell,RPL14
other,Langerhans cell,RPL15
other,Langerhans cell,RPL3
other,Langerhans cell,RPL35
other,Langerhans cell,RPL37
other,Langerhans cell,RPL4
other,Langerhans cell,RPLP0
other,Langerhans cell,RPS6
other,Langerhans cell,RUNX3
other,Langerhans cell,S100A11
other,Langerhans cell,S100A4
other,Langerhans cell,SCIMP
other,Langerhans cell,SDF2L1
other,Langerhans cell,SH3BGRL3
other,Langerhans cell,SKAP2
other,Langerhans cell,SLAMF7
other,Langerhans cell,SMIM14
other,Langerhans cell,SMIM3
other,Langerhans cell,SNX20
other,Langerhans cell,SPINT1
other,Langerhans cell,SUB1
other,Langerhans cell,SYNGR2
other,Langerhans cell,TBC1D4
other,Langerhans cell,TGFBR1
other,Langerhans cell,TM6SF1
other,Langerhans cell,TMEM50B
other,Langerhans cell,VASP
other,Langerhans cell,VIM
other,Langerhans cell,VRK1
other,Langerhans cell,YWHAH
other,Mesothelial cell,ACKR3
other,Mesothelial cell,ADGRD1
other,Mesothelial cell,ANO1
other,Mesothelial cell,AR
other,Mesothelial cell,BCL3
other,Mesothelial cell,C1RA
other,Mesothelial cell,C2
other,Mesothelial cell,CALB2
other,Mesothelial cell,CDH1
other,Mesothelial cell,CDON
other,Mesothelial cell,COBLL1
other,Mesothelial cell,CRLS1
other,Mesothelial cell,DES
other,Mesothelial cell,DPP4
other,Mesothelial cell,DUSP5
other,Mesothelial cell,EFEMP1
other,Mesothelial cell,FBXO33
other,Mesothelial cell,FGF1
other,Mesothelial cell,FLNC
other,Mesothelial cell,FMO2
other,Mesothelial cell,FMOD
other,Mesothelial cell,FRAS1
other,Mesothelial cell,FZD1
other,Mesothelial cell,GBP2
other,Mesothelial cell,GSTA3
other,Mesothelial cell,GSTT1
other,Mesothelial cell,HAS2
other,Mesothelial cell,IL17RE
other,Mesothelial cell,KCNAB1
other,Mesothelial cell,KRT5
other,Mesothelial cell,KRT6A
other,Mesothelial cell,KRT7
other,Mesothelial cell,LGALS7
other,Mesothelial cell,LOX
other,Mesothelial cell,LRRN4
other,Mesothelial cell,ME1
other,Mesothelial cell,ME2
other,Mesothelial cell,MEDAG
other,Mesothelial cell,MIR22HG
other,Mesothelial cell,MMP23
other,Mesothelial cell,MSLN
other,Mesothelial cell,MUC16
other,Mesothelial cell,NPR1
other,Mesothelial cell,OASL2
other,Mesothelial cell,OSR1
other,Mesothelial cell,PCSK6
other,Mesothelial cell,PKHD1L1
other,Mesothelial cell,PTGS2
other,Mesothelial cell,RARRES2
other,Mesothelial cell,RASL11A
other,Mesothelial cell,RND1
other,Mesothelial cell,RSPO1
other,Mesothelial cell,ST3GAL1
other,Mesothelial cell,SULF1
other,Mesothelial cell,THBD
other,Mesothelial cell,TRIM30C
other,Mesothelial cell,TWSG1
other,Mesothelial cell,WT1
other,Nucleus pulposus cell,CA12
other,Nucleus pulposus cell,CD24
other,Nucleus pulposus cell,FOXF1
other,Nucleus pulposus cell,KRT19
other,Nucleus pulposus cell,PAX1
other,Nucleus pulposus cell,PTN
other,Parathyroid chief cell,CASR
other,Parathyroid chief cell,CYP27B1
other,Parathyroid chief cell,FGFR1
other,Parathyroid chief cell,KL
other,Parathyroid chief cell,LRP2
other,Parathyroid chief cell,PTH
other,Parathyroid chief cell,RAB3A
other,Parathyroid chief cell,VDR
other,Salivary mucous cell,CAR6
other,Salivary mucous cell,CNN1
other,Salivary mucous cell,KRT14
other,Salivary mucous cell,KRT17
other,Salivary mucous cell,MUCL1
other,Salivary mucous cell,MUCL2
other,Salivary mucous cell,MYH11
other,Salivary mucous cell,OPRPN
other,Salivary mucous cell,PIP
other,Salivary mucous cell,PROL1
other,Salivary mucous cell,SCGB1B27
other,Salivary mucous cell,SCGB2B26
other,Salivary mucous cell,SCGB2B27
other,Salivary mucous cell,SMGC
other,Salivary mucous cell,THBS1
other,Thymocyte,BCL6
other,Thymocyte,CD1A
other,Thymocyte,CD1D
other,Thymocyte,CD1D1
other,Thymocyte,CD2
other,Thymocyte,CD27
other,Thymocyte,CD28
other,Thymocyte,CD38
other,Thymocyte,CD4
other,Thymocyte,CD5
other,Thymocyte,CD69
other,Thymocyte,CD8A
other,Thymocyte,CD99
other,Thymocyte,CIDEA
other,Thymocyte,CXCR4
other,Thymocyte,EZR
other,Thymocyte,IL2RA
other,Thymocyte,MS4A4B
other,Thymocyte,NOTCH1
other,Thymocyte,SLAMF1
other,Thymocyte,TAGAP
other,Thymocyte,TNF
other,Thymocyte,TSHR
other,Thymocyte,UCP2
other,Type III taste bud cell,AADC
other,Type III taste bud cell,CA4
other,Type III taste bud cell,CAR4
other,Type III taste bud cell,DDC
other,Type III taste bud cell,GAD1
other,Type III taste bud cell,GAD67
other,Type III taste bud cell,NCAM
other,Type III taste bud cell,NCAM1
other,Type III taste bud cell,SNAP25
other,Vomeronasal sensory neuron,B2M
other,Vomeronasal sensory neuron,CALR4
other,Vomeronasal sensory neuron,GNAI2
other,Vomeronasal sensory neuron,GNAO1
other,Vomeronasal sensory neuron,OMP
other,Vomeronasal sensory neuron,TRPC2
ovary,Cumulus cell,ACSBG1
ovary,Cumulus cell,ACTG1
ovary,Cumulus cell,AKR1CL
ovary,Cumulus cell,ALDOA
ovary,Cumulus cell,ATP5B
ovary,Cumulus cell,ATP5F1B
ovary,Cumulus cell,ATP5J
ovary,Cumulus cell,ATP5PF
ovary,Cumulus cell,ATP6V0E2
ovary,Cumulus cell,BEX4
ovary,Cumulus cell,BST2
ovary,Cumulus cell,CARHSP1
ovary,Cumulus cell,CHCHD10
ovary,Cumulus cell,CITED4
ovary,Cumulus cell,CLU
ovary,Cumulus cell,CPE
ovary,Cumulus cell,CST8
ovary,Cumulus cell,CTSL
ovary,Cumulus cell,CYB5A
ovary,Cumulus cell,CYP11A1
ovary,Cumulus cell,DNAJB1
ovary,Cumulus cell,EGR1
ovary,Cumulus cell,EIF1
ovary,Cumulus cell,EPHX2
ovary,Cumulus cell,FDX1
ovary,Cumulus cell,FKBP5
ovary,Cumulus cell,FOS
ovary,Cumulus cell,FOSB
ovary,Cumulus cell,GAPDH
ovary,Cumulus cell,GJA1
ovary,Cumulus cell,GM10288
ovary,Cumulus cell,GM13436
ovary,Cumulus cell,GM14303
ovary,Cumulus cell,GM14586
ovary,Cumulus cell,GM15427
ovary,Cumulus cell,GM5805
ovary,Cumulus cell,GM7536
ovary,Cumulus cell,GM9385
ovary,Cumulus cell,GM9794
ovary,Cumulus cell,GPX3
ovary,Cumulus cell,H3-3B
ovary,Cumulus cell,H3F3B
ovary,Cumulus cell,HSD3B1
ovary,Cumulus cell,HSP90AB1
ovary,Cumulus cell,HSP90B1
ovary,Cumulus cell,HSPA5
ovary,Cumulus cell,HSPA8
ovary,Cumulus cell,HSPD1
ovary,Cumulus cell,HTRA1
ovary,Cumulus cell,ID3
ovary,Cumulus cell,IDH1
ovary,Cumulus cell,IER2
ovary,Cumulus cell,INHA
ovary,Cumulus cell,IVNS1ABP
ovary,Cumulus cell,JUN
ovary,Cumulus cell,LDHB
ovary,Cumulus cell,LHCGR
ovary,Cumulus cell,ME1
ovary,Cumulus cell,MED10
ovary,Cumulus cell,MGARP
ovary,Cumulus cell,MGST1
ovary,Cumulus cell,MIF
ovary,Cumulus cell,MYL12A
ovary,Cumulus cell,NRN1
ovary,Cumulus cell,POLR2L
ovary,Cumulus cell,PRDX2
ovary,Cumulus cell,RGCC
ovary,Cumulus cell,RGS2
ovary,Cumulus cell,RPL10-PS3
ovary,Cumulus cell,RPL23A
ovary,Cumulus cell,RPL28-PS1
ovary,Cumulus cell,RPL37
ovary,Cumulus cell,RPL37A
ovary,Cumulus cell,RPL37RT
ovary,Cumulus cell,RPL39-PS
ovary,Cumulus cell,RPL9
ovary,Cumulus cell,RPS10-PS2
ovary,Cumulus cell,RPS13-PS2
ovary,Cumulus cell,RPS15A
ovary,Cumulus cell,RPS15A-PS6
ovary,Cumulus cell,RPS16-PS2
ovary,Cumulus cell,RPS26-PS1
ovary,Cumulus cell,RPS29
ovary,Cumulus cell,RPS3A1
ovary,Cumulus cell,SCARB1
ovary,Cumulus cell,SCD2
ovary,Cumulus cell,SERPINE2
ovary,Cumulus cell,SERPINH1
ovary,Cumulus cell,SFRP4
ovary,Cumulus cell,SGK1
ovary,Cumulus cell,SLC25A3
ovary,Cumulus cell,SOCS2
ovary,Cumulus cell,SOD1
ovary,Cumulus cell,SQSTM1
ovary,Cumulus cell,TBCA
ovary,Cumulus cell,TCEAL9
ovary,Cumulus cell,TMEM86A
ovary,Cumulus cell,TNNI3
ovary,Cumulus cell,TPT1-PS3
ovary,Cumulus cell,TSC22D1
ovary,Cumulus cell,UBC
ovary,Cumulus cell,WDR89
ovary,Cumulus cell,YWHAQ
ovary,Endothelial cell,CD24
ovary,Endothelial cell,CD31
ovary,Endothelial cell,CDH1
ovary,Endothelial cell,CLDN4
ovary,Endothelial cell,DSP
ovary,Endothelial cell,EPCAM
ovary,Endothelial cell,FLT4
ovary,Endothelial cell,KRT18
ovary,Endothelial cell,KRT19
ovary,Endothelial cell,LYVE-1
ovary,Endothelial cell,LYVE1
ovary,Endothelial cell,OCLN
ovary,Endothelial cell,PDPN
ovary,Endothelial cell,PECAM1
ovary,Endothelial cell,PODOPLANIN
ovary,Endothelial cell,PROX1
ovary,Endothelial cell,VEGFR-3
ovary,Endothelium cell,CD34
ovary,Endothelium cell,CTLA2A
ovary,Endothelium cell,EGFL7
ovary,Endothelium cell,ESAM
ovary,Endothelium cell,H2-D1
ovary,Endothelium cell,ID1
ovary,Endothelium cell,IFITM3
ovary,Endothelium cell,IGFBP7
ovary,Endothelium cell,LY6E
ovary,Endothelium cell,RBP1
ovary,Endothelium cell,SH3BGRL3
ovary,Endothelium cell,TM4SF1
ovary,Epithelial cell,CD24
ovary,Epithelial cell,CDH1
ovary,Epithelial cell,CLDN4
ovary,Epithelial cell,DSP
ovary,Epithelial cell,EPCAM
ovary,Epithelial cell,FOLR1
ovary,Epithelial cell,KRT18
ovary,Epithelial cell,KRT19
ovary,Epithelial cell,OCLN
ovary,Germ cell,ACTRT2
ovary,Germ cell,ACYP1
ovary,Germ cell,ADAM3
ovary,Germ cell,ADAM3A
ovary,Germ cell,AFP
ovary,Germ cell,AKAP4
ovary,Germ cell,AQP11
ovary,Germ cell,ATL3
ovary,Germ cell,BCL2L14
ovary,Germ cell,BMP15
ovary,Germ cell,BRCA1
ovary,Germ cell,C-KIT
ovary,Germ cell,CABS1
ovary,Germ cell,CAMK4
ovary,Germ cell,CATSPERZ
ovary,Germ cell,CCDC30
ovary,Germ cell,CCDC54
ovary,Germ cell,CCDC91
ovary,Germ cell,CDRT4
ovary,Germ cell,CETN1
ovary,Germ cell,CETN4
ovary,Germ cell,CHEK1
ovary,Germ cell,CMTM2A
ovary,Germ cell,CMTM2B
ovary,Germ cell,COX6B2
ovary,Germ cell,COX7B2
ovary,Germ cell,COX8C
ovary,Germ cell,CREB3L4
ovary,Germ cell,CREB5
ovary,Germ cell,CREM
ovary,Germ cell,CRISP2
ovary,Germ cell,CST8
ovary,Germ cell,CYCT
ovary,Germ cell,CYPT12
ovary,Germ cell,CYPT4
ovary,Germ cell,DAZL
ovary,Germ cell,DBIL5
ovary,Germ cell,DDX4
ovary,Germ cell,DKKL1
ovary,Germ cell,DMC1
ovary,Germ cell,DMRT1
ovary,Germ cell,DMRTB1
ovary,Germ cell,DNAAF1
ovary,Germ cell,DNAH6
ovary,Germ cell,DNAJB3
ovary,Germ cell,DYNLT1
ovary,Germ cell,DYNLT1B
ovary,Germ cell,EGFR
ovary,Germ cell,EGR4
ovary,Germ cell,FABP9
ovary,Germ cell,FAM209
ovary,Germ cell,FAM229A
ovary,Germ cell,FAM71E1
ovary,Germ cell,FHL4
ovary,Germ cell,FHL5
ovary,Germ cell,FKBP6
ovary,Germ cell,GALNTL5
ovary,Germ cell,GAPDHS
ovary,Germ cell,GCNA
ovary,Germ cell,GDF9
ovary,Germ cell,GGNBP1
ovary,Germ cell,GLYPICAN-3
ovary,Germ cell,GPC3
ovary,Germ cell,GSG1
ovary,Germ cell,GSG2
ovary,Germ cell,GSTT4
ovary,Germ cell,GTSF1
ovary,Germ cell,H1FNT
ovary,Germ cell,H2AFB1
ovary,Germ cell,HILS1
ovary,Germ cell,HMGB4
ovary,Germ cell,HOOK1
ovary,Germ cell,HRASLS5
ovary,Germ cell,HSPB9
ovary,Germ cell,IQCF1
ovary,Germ cell,IQCF3
ovary,Germ cell,IRGC
ovary,Germ cell,IRGC1
ovary,Germ cell,KIF2B
ovary,Germ cell,KIT
ovary,Germ cell,LDHC
ovary,Germ cell,LELP1
ovary,Germ cell,LRRC18
ovary,Germ cell,LRRC46
ovary,Germ cell,LRRC57
ovary,Germ cell,MAEL
ovary,Germ cell,MAGEA4
ovary,Germ cell,MATER
ovary,Germ cell,MDN1
ovary,Germ cell,MEIG1
ovary,Germ cell,MKI67
ovary,Germ cell,MLF1
ovary,Germ cell,MLH3
ovary,Germ cell,MORN5
ovary,Germ cell,MOV10L1
ovary,Germ cell,MRPL14
ovary,Germ cell,MS4A5
ovary,Germ cell,MYO1D
ovary,Germ cell,NLRP5
ovary,Germ cell,NR6A1
ovary,Germ cell,NUPR1L
ovary,Germ cell,NUPR2
ovary,Germ cell,OCT3/4
ovary,Germ cell,ODF2
ovary,Germ cell,OSBP2
ovary,Germ cell,OTUB2
ovary,Germ cell,PAR6
ovary,Germ cell,PARD6A
ovary,Germ cell,PARN
ovary,Germ cell,PDCL2
ovary,Germ cell,PGAM2
ovary,Germ cell,PGK2
ovary,Germ cell,PHF13
ovary,Germ cell,PHF7
ovary,Germ cell,PIWIL2
ovary,Germ cell,POU5F1
ovary,Germ cell,PPP3R2
ovary,Germ cell,PRDX6B
ovary,Germ cell,PRM1
ovary,Germ cell,PRM2
ovary,Germ cell,PRM3
ovary,Germ cell,RBAKDN
ovary,Germ cell,RNF151
ovary,Germ cell,ROPN1
ovary,Germ cell,ROPN1L
ovary,Germ cell,RSBN1L
ovary,Germ cell,RSPH1
ovary,Germ cell,SALL4
ovary,Germ cell,SCP2D1
ovary,Germ cell,SCP3
ovary,Germ cell,SLC25A31
ovary,Germ cell,SLFNL1
ovary,Germ cell,SMC1B
ovary,Germ cell,SMCP
ovary,Germ cell,SMIM24
ovary,Germ cell,SOHLH1
ovary,Germ cell,SORD
ovary,Germ cell,SPA17
ovary,Germ cell,SPAG6
ovary,Germ cell,SPATA12
ovary,Germ cell,SPATA18
ovary,Germ cell,SPATA19
ovary,Germ cell,SPATA20
ovary,Germ cell,SPATA24
ovary,Germ cell,SPATA3
ovary,Germ cell,SPATA33
ovary,Germ cell,SPATA4
ovary,Germ cell,SPATA46
ovary,Germ cell,SPERT
ovary,Germ cell,SPINK2
ovary,Germ cell,SPZ1
ovary,Germ cell,STRA8
ovary,Germ cell,SYCP1
ovary,Germ cell,SYCP3
ovary,Germ cell,TAF7L
ovary,Germ cell,TCP11
ovary,Germ cell,TEKT1
ovary,Germ cell,TESMIN
ovary,Germ cell,TEX101
ovary,Germ cell,TEX15
ovary,Germ cell,TEX19.1
ovary,Germ cell,TEX33
ovary,Germ cell,TEX35
ovary,Germ cell,TFAP2C
ovary,Germ cell,TMCO2
ovary,Germ cell,TMCO5
ovary,Germ cell,TMCO5A
ovary,Germ cell,TMEM247
ovary,Germ cell,TMEM53
ovary,Germ cell,TNP1
ovary,Germ cell,TNP2
ovary,Germ cell,TPPP2
ovary,Germ cell,TRAP1A
ovary,Germ cell,TSACC
ovary,Germ cell,TSGA8
ovary,Germ cell,TSKS
ovary,Germ cell,TSSK1
ovary,Germ cell,TSSK1A
ovary,Germ cell,TSSK1B
ovary,Germ cell,TSSK2
ovary,Germ cell,TSSK3
ovary,Germ cell,TSSK6
ovary,Germ cell,TUBA3A
ovary,Germ cell,TUBA3B
ovary,Germ cell,TULP2
ovary,Germ cell,VASA
ovary,Germ cell,WBSCR25
ovary,Germ cell,WDR5
ovary,Germ cell,ZAR1
ovary,Germ cell,ZMYND19
ovary,Germ cell,ZNRF4
ovary,Germ cell,ZP4
ovary,Germ cell,ZP4-PS
ovary,Germ cell,ZPBP2
ovary,Granulosa cell,ADAMTS1
ovary,Granulosa cell,AKR1CL
ovary,Granulosa cell,AMH
ovary,Granulosa cell,BOK
ovary,Granulosa cell,CHST8
ovary,Granulosa cell,CYP19A1
ovary,Granulosa cell,FHL1
ovary,Granulosa cell,FOXL2
ovary,Granulosa cell,FSHR
ovary,Granulosa cell,GAPDH
ovary,Granulosa cell,GLDC
ovary,Granulosa cell,GPX3
ovary,Granulosa cell,HJURP
ovary,Granulosa cell,HSD17B1
ovary,Granulosa cell,HSD3B1
ovary,Granulosa cell,HTRA1
ovary,Granulosa cell,INHA
ovary,Granulosa cell,KITL
ovary,Granulosa cell,KITLG
ovary,Granulosa cell,LOX
ovary,Granulosa cell,MCAM
ovary,Granulosa cell,MGARP
ovary,Granulosa cell,TNNI3
ovary,Luteal cell,ABHD4
ovary,Luteal cell,ACAA2
ovary,Luteal cell,ACSBG1
ovary,Luteal cell,ADAMTS1
ovary,Luteal cell,ADH1
ovary,Luteal cell,ADH1A
ovary,Luteal cell,ADH5
ovary,Luteal cell,AEBP1
ovary,Luteal cell,AIF1L
ovary,Luteal cell,AKR1A1
ovary,Luteal cell,AKR1CL
ovary,Luteal cell,AKT1
ovary,Luteal cell,ALAS1
ovary,Luteal cell,ALDH1A1
ovary,Luteal cell,ATP5B
ovary,Luteal cell,ATP5F1B
ovary,Luteal cell,ATP5G3
ovary,Luteal cell,ATP5IF1
ovary,Luteal cell,ATP5J
ovary,Luteal cell,ATP5MC3
ovary,Luteal cell,ATP5PF
ovary,Luteal cell,ATPIF1
ovary,Luteal cell,AVPI1
ovary,Luteal cell,BCAT1
ovary,Luteal cell,BHMT
ovary,Luteal cell,BST2
ovary,Luteal cell,CD63
ovary,Luteal cell,CD81
ovary,Luteal cell,CHCHD10
ovary,Luteal cell,CHKA
ovary,Luteal cell,CITED4
ovary,Luteal cell,CLU
ovary,Luteal cell,COX4I1
ovary,Luteal cell,COX6A1
ovary,Luteal cell,COX6C
ovary,Luteal cell,CPE
ovary,Luteal cell,CST3
ovary,Luteal cell,CST8
ovary,Luteal cell,CYP11A1
ovary,Luteal cell,CYP17A1
ovary,Luteal cell,DBI
ovary,Luteal cell,DEFB19
ovary,Luteal cell,DHCR7
ovary,Luteal cell,DHRS7
ovary,Luteal cell,DNAJC15
ovary,Luteal cell,DYNLT1A
ovary,Luteal cell,ECHS1
ovary,Luteal cell,ELOVL5
ovary,Luteal cell,EMP3
ovary,Luteal cell,EPDR1
ovary,Luteal cell,EPHX1
ovary,Luteal cell,EPHX2
ovary,Luteal cell,FAM195A
ovary,Luteal cell,FAM213A
ovary,Luteal cell,FDPS
ovary,Luteal cell,FDX1
ovary,Luteal cell,FDXR
ovary,Luteal cell,FKBP5
ovary,Luteal cell,FOLR1
ovary,Luteal cell,FTH1
ovary,Luteal cell,FXYD1
ovary,Luteal cell,GADD45G
ovary,Luteal cell,GAMT
ovary,Luteal cell,GAPDH
ovary,Luteal cell,GAS6
ovary,Luteal cell,GGH
ovary,Luteal cell,GM2A
ovary,Luteal cell,GNAS
ovary,Luteal cell,GSTA4
ovary,Luteal cell,GSTM1
ovary,Luteal cell,GSTM2
ovary,Luteal cell,HAO2
ovary,Luteal cell,HMGCS1
ovary,Luteal cell,HMGCS2
ovary,Luteal cell,HSD3B1
ovary,Luteal cell,HSPD1
ovary,Luteal cell,HSPE1
ovary,Luteal cell,IDH1
ovary,Luteal cell,IGFBP7
ovary,Luteal cell,INHA
ovary,Luteal cell,INSL3
ovary,Luteal cell,LAPTM4A
ovary,Luteal cell,LDHB
ovary,Luteal cell,LHCGR
ovary,Luteal cell,MAP1LC3A
ovary,Luteal cell,ME1
ovary,Luteal cell,MED10
ovary,Luteal cell,MGARP
ovary,Luteal cell,MGST1
ovary,Luteal cell,MOB4
ovary,Luteal cell,MRAP
ovary,Luteal cell,MSMO1
ovary,Luteal cell,NDUFA7
ovary,Luteal cell,NDUFC1
ovary,Luteal cell,NR5A1
ovary,Luteal cell,PCOLCE
ovary,Luteal cell,PEBP1
ovary,Luteal cell,PGAM1
ovary,Luteal cell,PGRMC1
ovary,Luteal cell,PLIN5
ovary,Luteal cell,PMPCB
ovary,Luteal cell,PRDX1
ovary,Luteal cell,PRKAR1A
ovary,Luteal cell,PRKAR2B
ovary,Luteal cell,PRLR
ovary,Luteal cell,PRSS35
ovary,Luteal cell,REN1
ovary,Luteal cell,RORA
ovary,Luteal cell,RPL37A
ovary,Luteal cell,S100A6
ovary,Luteal cell,SCARB1
ovary,Luteal cell,SCPEP1
ovary,Luteal cell,SCT
ovary,Luteal cell,SDC1
ovary,Luteal cell,SERPINB6A
ovary,Luteal cell,SFRP4
ovary,Luteal cell,SLC16A2
ovary,Luteal cell,SLC25A3
ovary,Luteal cell,SOD1
ovary,Luteal cell,SPARC
ovary,Luteal cell,SQSTM1
ovary,Luteal cell,STAR
ovary,Luteal cell,SUSD3
ovary,Luteal cell,TCEAL9
ovary,Luteal cell,TECR
ovary,Luteal cell,TLE5
ovary,Luteal cell,TMEM176A
ovary,Luteal cell,TMEM176B
ovary,Luteal cell,TMEM59
ovary,Luteal cell,TMEM86A
ovary,Luteal cell,TSC22D1
ovary,Luteal cell,TST
ovary,Luteal cell,UBB
ovary,Macrophage,C1QA
ovary,Macrophage,C1QB
ovary,Macrophage,C1QC
ovary,Macrophage,CCL6
ovary,Macrophage,CD52
ovary,Macrophage,CD74
ovary,Macrophage,COTL1
ovary,Macrophage,CTSC
ovary,Macrophage,CTSD
ovary,Macrophage,CTSS
ovary,Macrophage,CXCL2
ovary,Macrophage,CYBA
ovary,Macrophage,FCER1G
ovary,Macrophage,GRN
ovary,Macrophage,H2-AA
ovary,Macrophage,H2-AB1
ovary,Macrophage,H2-D1
ovary,Macrophage,H2-EB1
ovary,Macrophage,H2-K1
ovary,Macrophage,IFITM3
ovary,Macrophage,LGALS3
ovary,Macrophage,LYZ2
ovary,Macrophage,PLTP
ovary,Macrophage,SELENOP
ovary,Macrophage,SH3BGRL3
ovary,Macrophage,SRGN
ovary,Macrophage,TYROBP
ovary,Mesenchymal cell,ACTA2
ovary,Mesenchymal cell,CD44
ovary,Mesenchymal cell,CDH2
ovary,Mesenchymal cell,FN1
ovary,Mesenchymal cell,ITGA5
ovary,Mesenchymal cell,MMP2
ovary,Mesenchymal cell,S100A4
ovary,Mesenchymal cell,SNAI2
ovary,Mesenchymal cell,TNC
ovary,Mesenchymal cell,TWIST1
ovary,Mesenchymal cell,VIM
ovary,Mesenchymal cell,WNT5A
ovary,Mesenchymal cell,ZEB1
ovary,Mesenchymal cell,ZEB2
ovary,Oocyte,ACTB
ovary,Oocyte,APC
ovary,Oocyte,APC2
ovary,Oocyte,ASCIZ
ovary,Oocyte,ATM
ovary,Oocyte,ATR
ovary,Oocyte,BAP1
ovary,Oocyte,BARD1
ovary,Oocyte,BCCIP
ovary,Oocyte,BRAP
ovary,Oocyte,BRCA1
ovary,Oocyte,BRCA2
ovary,Oocyte,BRCC3
ovary,Oocyte,BRIP1
ovary,Oocyte,BUB1
ovary,Oocyte,BUB1B
ovary,Oocyte,BUB3
ovary,Oocyte,COBRA1
ovary,Oocyte,MAD1L1
ovary,Oocyte,MAD2L1
ovary,Oocyte,MAD2L1BP
ovary,Oocyte,MAD2L2
ovary,Oocyte,PERP
ovary,Oocyte,RAP140
ovary,Oocyte,RB1
ovary,Oocyte,RBAF600
ovary,Oocyte,RBBP4
ovary,Oocyte,RBBP5
ovary,Oocyte,RBBP6
ovary,Oocyte,RBBP7
ovary,Oocyte,RBBP8
ovary,Oocyte,RBBP9
ovary,Oocyte,RBL1
ovary,Oocyte,RBL2
ovary,Oocyte,RPRM
ovary,Oocyte,RRM2B
ovary,Oocyte,TASOR
ovary,Oocyte,TBC1D1
ovary,Oocyte,TP53
ovary,Oocyte,TP53AP1
ovary,Oocyte,TP53BP1
ovary,Oocyte,TP53BP2
ovary,Oocyte,TP53I3
ovary,Oocyte,TP53INP1
ovary,Oocyte,TP53INP2
ovary,Oocyte,TP53RK
ovary,Oocyte,TP53TG1
ovary,Oocyte,TP53TG3
ovary,Oocyte,TRP53INP1
ovary,Oocyte,TRP53INP2
ovary,Oocyte,UBR4
ovary,Pluripotent stem cell,FUT4
ovary,Pluripotent stem cell,NANOG
ovary,Pluripotent stem cell,POU5F1
ovary,Pluripotent stem cell,SOX2
ovary,Pluripotent stem cell,SSEA-1
ovary,Pluripotent stem cell,SSEA-4
ovary,Stem cell,ACTA2
ovary,Stem cell,CD133
ovary,Stem cell,COL1A2
ovary,Stem cell,COL3A1
ovary,Stem cell,COL4A1
ovary,Stem cell,COL4A2
ovary,Stem cell,IFITM3
ovary,Stem cell,IGFBP7
ovary,Stem cell,LGR5
ovary,Stem cell,MGP
ovary,Stem cell,NANOG
ovary,Stem cell,POU5F1
ovary,Stem cell,PROM1
ovary,Stem cell,SALL4
ovary,Stem cell,TPM1
ovary,Theca interna cell,CYP17
ovary,Theca interna cell,CYP17A1
ovary,Theca interna cell,FBLN5
ovary,Theca interna cell,OGN
ovary,Theca interna cell,RAMP2
ovary,Thecal cell,ALDH1A1
ovary,Thecal cell,AMINOPEPTIDASE-N
ovary,Thecal cell,ANPEP
ovary,Thecal cell,CYP11A1
ovary,Thecal cell,FDX1
ovary,Thecal cell,HAO2
ovary,Thecal cell,MGARP
pancreas,Acinar cell,AKR1B10
pancreas,Acinar cell,AKR1C1
pancreas,Acinar cell,AKR1C2
pancreas,Acinar cell,AKR1C3
pancreas,Acinar cell,AKR1C6
pancreas,Acinar cell,AKR7A3
pancreas,Acinar cell,ALB
pancreas,Acinar cell,ALDOB
pancreas,Acinar cell,AMY2A
pancreas,Acinar cell,AMY2B
pancreas,Acinar cell,AMYP1
pancreas,Acinar cell,ANPEP
pancreas,Acinar cell,AQP8
pancreas,Acinar cell,AZGP1
pancreas,Acinar cell,BCAT1
pancreas,Acinar cell,C15ORF48
pancreas,Acinar cell,C4B
pancreas,Acinar cell,CA12
pancreas,Acinar cell,CBS
pancreas,Acinar cell,CEL
pancreas,Acinar cell,CELA2A
pancreas,Acinar cell,CELA3A
pancreas,Acinar cell,CELA3B
pancreas,Acinar cell,CLPS
pancreas,Acinar cell,CPA1
pancreas,Acinar cell,CPA2
pancreas,Acinar cell,CPB1
pancreas,Acinar cell,CTRB1
pancreas,Acinar cell,CTRB2
pancreas,Acinar cell,CTRC
pancreas,Acinar cell,CTRL
pancreas,Acinar cell,CUZD1
pancreas,Acinar cell,CXCL17
pancreas,Acinar cell,DPEP1
pancreas,Acinar cell,DUOX2
pancreas,Acinar cell,DUOXA2
pancreas,Acinar cell,ECE2
pancreas,Acinar cell,EFHD2
pancreas,Acinar cell,ERP27
pancreas,Acinar cell,FGL1
pancreas,Acinar cell,GALNT7
pancreas,Acinar cell,GNL3
pancreas,Acinar cell,GP2
pancreas,Acinar cell,GPT2
pancreas,Acinar cell,GSTA1
pancreas,Acinar cell,GSTA2
pancreas,Acinar cell,HAMP
pancreas,Acinar cell,IL32
pancreas,Acinar cell,KCTD14
pancreas,Acinar cell,KLK1
pancreas,Acinar cell,LGALS2
pancreas,Acinar cell,LYZ
pancreas,Acinar cell,LYZ1
pancreas,Acinar cell,MAT1A
pancreas,Acinar cell,MGST1
pancreas,Acinar cell,MUC1
pancreas,Acinar cell,NFKBIA
pancreas,Acinar cell,NUPR1
pancreas,Acinar cell,PDIA2
pancreas,Acinar cell,PLA2G1B
pancreas,Acinar cell,PLTP
pancreas,Acinar cell,PNLIP
pancreas,Acinar cell,PNLIPRP1
pancreas,Acinar cell,PNLIPRP2
pancreas,Acinar cell,PPIF
pancreas,Acinar cell,PRSS1
pancreas,Acinar cell,PRSS2
pancreas,Acinar cell,PRSS3
pancreas,Acinar cell,PRSS3P2
pancreas,Acinar cell,PSAT1
pancreas,Acinar cell,PTGR1
pancreas,Acinar cell,RARRES2
pancreas,Acinar cell,REG1A
pancreas,Acinar cell,REG1B
pancreas,Acinar cell,REG3A
pancreas,Acinar cell,REG3G
pancreas,Acinar cell,RNASE1
pancreas,Acinar cell,SDC4
pancreas,Acinar cell,SERPINA4
pancreas,Acinar cell,SERPINI2
pancreas,Acinar cell,SGK1
pancreas,Acinar cell,SLC25A37
pancreas,Acinar cell,SLC38A5
pancreas,Acinar cell,SLC39A5
pancreas,Acinar cell,SLC43A1
pancreas,Acinar cell,SOD2
pancreas,Acinar cell,SPINK1
pancreas,Acinar cell,SYCN
pancreas,Acinar cell,TIFA
pancreas,Acinar cell,TMEM97
pancreas,Acinar cell,TMPRSS2
pancreas,Acinar cell,TPD52L1
pancreas,Acinar cell,TPST2
pancreas,Acinar cell,TRIB2
pancreas,Acinar cell,UGDH
pancreas,Acinar cell,YBX3
pancreas,Acinar cell,ZDHHC9
pancreas,Alpha cell,ABHD18
pancreas,Alpha cell,AC018865.8
pancreas,Alpha cell,AC140481.1
pancreas,Alpha cell,ADORA2A
pancreas,Alpha cell,AKAIN1
pancreas,Alpha cell,ALDH1A1
pancreas,Alpha cell,ARRDC4
pancreas,Alpha cell,ARX
pancreas,Alpha cell,ASPH
pancreas,Alpha cell,ASXL3
pancreas,Alpha cell,ATG7
pancreas,Alpha cell,ATL2
pancreas,Alpha cell,BAZ2B
pancreas,Alpha cell,BSCL2
pancreas,Alpha cell,C11ORF24
pancreas,Alpha cell,C18ORF42
pancreas,Alpha cell,C19ORF77
pancreas,Alpha cell,C21ORF58
pancreas,Alpha cell,C4ORF29
pancreas,Alpha cell,CAMK2G
pancreas,Alpha cell,CD36
pancreas,Alpha cell,CDS2
pancreas,Alpha cell,CERCAM
pancreas,Alpha cell,CHGA
pancreas,Alpha cell,CLIM1
pancreas,Alpha cell,CLU
pancreas,Alpha cell,CRYBA2
pancreas,Alpha cell,CTA-246H3.8
pancreas,Alpha cell,DEPP1
pancreas,Alpha cell,DPP4
pancreas,Alpha cell,EGFEM1P
pancreas,Alpha cell,EGFL7
pancreas,Alpha cell,ELL2
pancreas,Alpha cell,EPG5
pancreas,Alpha cell,EPHX2
pancreas,Alpha cell,ETFDH
pancreas,Alpha cell,F10
pancreas,Alpha cell,FADS2
pancreas,Alpha cell,FAM110B
pancreas,Alpha cell,FAM178A
pancreas,Alpha cell,FAM46A
pancreas,Alpha cell,FAM84A
pancreas,Alpha cell,FAP
pancreas,Alpha cell,FEV
pancreas,Alpha cell,FGF12
pancreas,Alpha cell,FSTL5
pancreas,Alpha cell,FXYD5
pancreas,Alpha cell,GADD45G
pancreas,Alpha cell,GBA
pancreas,Alpha cell,GC
pancreas,Alpha cell,GCG
pancreas,Alpha cell,GLP1R
pancreas,Alpha cell,GLS
pancreas,Alpha cell,GLUCAGON
pancreas,Alpha cell,GPR119
pancreas,Alpha cell,GPX3
pancreas,Alpha cell,GRIA3
pancreas,Alpha cell,HHEX
pancreas,Alpha cell,HIGD1A
pancreas,Alpha cell,HMGB2
pancreas,Alpha cell,HMGB3
pancreas,Alpha cell,HNRNPA3
pancreas,Alpha cell,HPS1
pancreas,Alpha cell,HSD17B14
pancreas,Alpha cell,HTR1F
pancreas,Alpha cell,ILTMP
pancreas,Alpha cell,INS1
pancreas,Alpha cell,INS2
pancreas,Alpha cell,IRX1
pancreas,Alpha cell,IRX2
pancreas,Alpha cell,ITPK1
pancreas,Alpha cell,KCNK16
pancreas,Alpha cell,KCNMA1
pancreas,Alpha cell,KL
pancreas,Alpha cell,KLHL41
pancreas,Alpha cell,KPNA6
pancreas,Alpha cell,KRP1
pancreas,Alpha cell,LDB2
pancreas,Alpha cell,LOXL4
pancreas,Alpha cell,LRATD1
pancreas,Alpha cell,MAFB
pancreas,Alpha cell,MBOAT2
pancreas,Alpha cell,MCOLN3
pancreas,Alpha cell,MLLT11
pancreas,Alpha cell,MRC1
pancreas,Alpha cell,MRC1L1
pancreas,Alpha cell,MYBPHL
pancreas,Alpha cell,NAA20
pancreas,Alpha cell,NEUROD1
pancreas,Alpha cell,NHP2L1
pancreas,Alpha cell,NKX2-2
pancreas,Alpha cell,NKX6-1
pancreas,Alpha cell,OGT
pancreas,Alpha cell,PALLD
pancreas,Alpha cell,PAX6
pancreas,Alpha cell,PCSK1
pancreas,Alpha cell,PCSK2
pancreas,Alpha cell,PDE4DIP
pancreas,Alpha cell,PDX1
pancreas,Alpha cell,PDZK1
pancreas,Alpha cell,PEMT
pancreas,Alpha cell,PGE2-R
pancreas,Alpha cell,PGR
pancreas,Alpha cell,PLA2G16
pancreas,Alpha cell,PLAAT3
pancreas,Alpha cell,PLCE1
pancreas,Alpha cell,PLOD2
pancreas,Alpha cell,PMM1
pancreas,Alpha cell,PNISR
pancreas,Alpha cell,POPDC3
pancreas,Alpha cell,POU3F4
pancreas,Alpha cell,PPP1R1A
pancreas,Alpha cell,PRKCE
pancreas,Alpha cell,PRRG2
pancreas,Alpha cell,PTGER3
pancreas,Alpha cell,PTPN2
pancreas,Alpha cell,PYY
pancreas,Alpha cell,RAB3C
pancreas,Alpha cell,RESP18
pancreas,Alpha cell,RFX6
pancreas,Alpha cell,RGP4
pancreas,Alpha cell,RGPD4
pancreas,Alpha cell,RGS4
pancreas,Alpha cell,RSAD2
pancreas,Alpha cell,SCGB2A1
pancreas,Alpha cell,SCGN
pancreas,Alpha cell,SETD2
pancreas,Alpha cell,SGCZ
pancreas,Alpha cell,SH3GL2
pancreas,Alpha cell,SLC30A8
pancreas,Alpha cell,SLC38A4
pancreas,Alpha cell,SLC38A5
pancreas,Alpha cell,SLF2
pancreas,Alpha cell,SMARCA1
pancreas,Alpha cell,SMIM24
pancreas,Alpha cell,SNU13
pancreas,Alpha cell,SORT1
pancreas,Alpha cell,SPATC1L
pancreas,Alpha cell,SPOCK3
pancreas,Alpha cell,SRBD1
pancreas,Alpha cell,SREK1
pancreas,Alpha cell,SST
pancreas,Alpha cell,STARD3
pancreas,Alpha cell,TBC1D30
pancreas,Alpha cell,TENT5A
pancreas,Alpha cell,TM4SF4
pancreas,Alpha cell,TMCO3
pancreas,Alpha cell,TMEM236
pancreas,Alpha cell,TTC39A
pancreas,Alpha cell,TTR
pancreas,Alpha cell,UBQLN1
pancreas,Alpha cell,UCP2
pancreas,Alpha cell,UQCC1
pancreas,Alpha cell,VGF
pancreas,Alpha cell,WDR37
pancreas,Alpha cell,YIPF2
pancreas,B cell,ABCB4
pancreas,B cell,ABI2
pancreas,B cell,AC009041.1
pancreas,B cell,ADAM28
pancreas,B cell,ADCYAP1
pancreas,B cell,AFF3
pancreas,B cell,AIM2
pancreas,B cell,AL117190.2
pancreas,B cell,ALCAM
pancreas,B cell,ALOX5
pancreas,B cell,AP3B1
pancreas,B cell,APCDD1L
pancreas,B cell,APLP2
pancreas,B cell,ARHGAP15
pancreas,B cell,ARHGAP24
pancreas,B cell,ATP2A3
pancreas,B cell,B3GAT1
pancreas,B cell,BACH2
pancreas,B cell,BANK1
pancreas,B cell,BCL11A
pancreas,B cell,BIRC3
pancreas,B cell,BLNK
pancreas,B cell,BMP-5
pancreas,B cell,BMP5
pancreas,B cell,BST1
pancreas,B cell,BTG1
pancreas,B cell,BTLA
pancreas,B cell,C12ORF75
pancreas,B cell,C1ORF127
pancreas,B cell,C21ORF119
pancreas,B cell,CADM1
pancreas,B cell,CAPN13
pancreas,B cell,CASR
pancreas,B cell,CCR7
pancreas,B cell,CD14
pancreas,B cell,CD19
pancreas,B cell,CD2
pancreas,B cell,CD20
pancreas,B cell,CD22
pancreas,B cell,CD24
pancreas,B cell,CD27
pancreas,B cell,CD37
pancreas,B cell,CD38
pancreas,B cell,CD40
pancreas,B cell,CD5
pancreas,B cell,CD52
pancreas,B cell,CD55
pancreas,B cell,CD69
pancreas,B cell,CD70
pancreas,B cell,CD72
pancreas,B cell,CD74
pancreas,B cell,CD79A
pancreas,B cell,CD79B
pancreas,B cell,CD80
pancreas,B cell,CD86
pancreas,B cell,CD99
pancreas,B cell,CDH18
pancreas,B cell,CDK5R1
pancreas,B cell,CDKN1C
pancreas,B cell,CGRRF1
pancreas,B cell,CHGA
pancreas,B cell,CMAH
pancreas,B cell,CMAHP
pancreas,B cell,CNTN4
pancreas,B cell,COCH
pancreas,B cell,CPE
pancreas,B cell,CR2
pancreas,B cell,CRELD2
pancreas,B cell,CRTR1
pancreas,B cell,CSDE1
pancreas,B cell,CTSV
pancreas,B cell,CXCR4
pancreas,B cell,CYP2U1
pancreas,B cell,CYYR1
pancreas,B cell,DERL3
pancreas,B cell,DNTT
pancreas,B cell,DOK3
pancreas,B cell,EAF2
pancreas,B cell,EBF1
pancreas,B cell,EDARADD
pancreas,B cell,EDEM1
pancreas,B cell,EDEM2
pancreas,B cell,EFCAB14
pancreas,B cell,EFNA5
pancreas,B cell,ELMO1
pancreas,B cell,ELOVL4
pancreas,B cell,ENPP4
pancreas,B cell,ENTPD3
pancreas,B cell,ERO1B
pancreas,B cell,ERO1LB
pancreas,B cell,EZH1
pancreas,B cell,FAM129C
pancreas,B cell,FAM222A
pancreas,B cell,FAM46C
pancreas,B cell,FAM76A
pancreas,B cell,FCER2
pancreas,B cell,FCER2A
pancreas,B cell,FCHSD2
pancreas,B cell,FCMR
pancreas,B cell,FCRL1
pancreas,B cell,FCRL2
pancreas,B cell,FCRLA
pancreas,B cell,FCRLB
pancreas,B cell,FFAR1
pancreas,B cell,FFAR2
pancreas,B cell,FKBP11
pancreas,B cell,FLI1
pancreas,B cell,FXYD2
pancreas,B cell,FXYD2-GAMMA
pancreas,B cell,G6PC2
pancreas,B cell,GCC1
pancreas,B cell,GCGR
pancreas,B cell,GJD2
pancreas,B cell,GLUCOSE TRANSPORTER TYPE 2
pancreas,B cell,GLUT2
pancreas,B cell,GNAS
pancreas,B cell,GPM6A
pancreas,B cell,GPR44
pancreas,B cell,GPSM1
pancreas,B cell,GREM1
pancreas,B cell,GSN
pancreas,B cell,GUSB
pancreas,B cell,GYG1
pancreas,B cell,H2-DMB2
pancreas,B cell,H2-OA
pancreas,B cell,H2-OB
pancreas,B cell,HADH
pancreas,B cell,HAMP
pancreas,B cell,HEPACAM2
pancreas,B cell,HLA-DQA1
pancreas,B cell,HLA-DRA
pancreas,B cell,HMGA1
pancreas,B cell,HOPX
pancreas,B cell,HSPD1
pancreas,B cell,HVCN1
pancreas,B cell,IAPP
pancreas,B cell,IFIT3
pancreas,B cell,IGF2
pancreas,B cell,IGHA
pancreas,B cell,IGHD
pancreas,B cell,IGHG1
pancreas,B cell,IGHG3
pancreas,B cell,IGHG4
pancreas,B cell,IGHM
pancreas,B cell,IGKC
pancreas,B cell,IGLC1
pancreas,B cell,IGLC2
pancreas,B cell,IGLC3
pancreas,B cell,IGLL1
pancreas,B cell,IGLV1
pancreas,B cell,IL21R
pancreas,B cell,IL4R
pancreas,B cell,IL4RA
pancreas,B cell,INPP5D
pancreas,B cell,INS
pancreas,B cell,INS-IGF2
pancreas,B cell,INS1
pancreas,B cell,INS2
pancreas,B cell,INSULIN
pancreas,B cell,ISL1
pancreas,B cell,ISLET AMYLOID POLYPEPTIDE
pancreas,B cell,JCHAIN
pancreas,B cell,JPH3
pancreas,B cell,KLHDC8A
pancreas,B cell,KLHL6
pancreas,B cell,KLRG1
pancreas,B cell,LAIR1
pancreas,B cell,LGMN
pancreas,B cell,LINC01781
pancreas,B cell,LINC01857
pancreas,B cell,LMX1A
pancreas,B cell,LRMP
pancreas,B cell,LRRTM3
pancreas,B cell,LTB
pancreas,B cell,LY6D
pancreas,B cell,MAFA
pancreas,B cell,MAFB
pancreas,B cell,MEF2C
pancreas,B cell,MEG3
pancreas,B cell,METTL25B
pancreas,B cell,MME
pancreas,B cell,MRAP2
pancreas,B cell,MS4A1
pancreas,B cell,MSH5
pancreas,B cell,MTSS1
pancreas,B cell,MUM1
pancreas,B cell,MXRA7
pancreas,B cell,MZB1
pancreas,B cell,NECAB1
pancreas,B cell,NEUROD1
pancreas,B cell,NEUROG3
pancreas,B cell,NGN3
pancreas,B cell,NKX2-2
pancreas,B cell,NKX6-1
pancreas,B cell,NKX6-2
pancreas,B cell,NKX6.1
pancreas,B cell,NMRK1
pancreas,B cell,NPTX2
pancreas,B cell,NPY
pancreas,B cell,NTPCR
pancreas,B cell,NTRK1
pancreas,B cell,OXLD1
pancreas,B cell,PACAP
pancreas,B cell,PAR6
pancreas,B cell,PARD6A
pancreas,B cell,PAX4
pancreas,B cell,PAX5
pancreas,B cell,PAX6
pancreas,B cell,PCSK1
pancreas,B cell,PCSK1N
pancreas,B cell,PCSK2
pancreas,B cell,PDCD1
pancreas,B cell,PDX1
pancreas,B cell,PFKFB2
pancreas,B cell,PIGV
pancreas,B cell,PIK3IP1
pancreas,B cell,PIR
pancreas,B cell,POLD4
pancreas,B cell,POU2AF1
pancreas,B cell,PTGDR2
pancreas,B cell,PTPRC
pancreas,B cell,PXK
pancreas,B cell,RALGPS2
pancreas,B cell,RAPH1
pancreas,B cell,RASA4
pancreas,B cell,RASA4B
pancreas,B cell,RASGRF1
pancreas,B cell,RASGRP3
pancreas,B cell,RBP4
pancreas,B cell,RGS16
pancreas,B cell,RIMS1
pancreas,B cell,RNF130
pancreas,B cell,ROBO2
pancreas,B cell,RRAGB
pancreas,B cell,RRNAD1
pancreas,B cell,SALL2
pancreas,B cell,SCD1
pancreas,B cell,SCD5
pancreas,B cell,SCG2
pancreas,B cell,SCGB2A1
pancreas,B cell,SCGN
pancreas,B cell,SDC1
pancreas,B cell,SEC61A1
pancreas,B cell,SEMA5A
pancreas,B cell,SEMA6D
pancreas,B cell,SFTPA1
pancreas,B cell,SGCB
pancreas,B cell,SGK3
pancreas,B cell,SH3GL2
pancreas,B cell,SIAH1
pancreas,B cell,SIGLECG
pancreas,B cell,SIX2
pancreas,B cell,SIX3
pancreas,B cell,SLAMF6
pancreas,B cell,SLC25A34
pancreas,B cell,SLC2A2
pancreas,B cell,SLC30A8
pancreas,B cell,SLC43A2
pancreas,B cell,SMAD9
pancreas,B cell,SMAP2
pancreas,B cell,SOCS2
pancreas,B cell,SORL1
pancreas,B cell,SPCS3
pancreas,B cell,SPIB
pancreas,B cell,SPN
pancreas,B cell,SRD5A1
pancreas,B cell,SSPN
pancreas,B cell,STXBP5
pancreas,B cell,SUSD4
pancreas,B cell,SWAP70
pancreas,B cell,SYT13
pancreas,B cell,TBCC
pancreas,B cell,TCL1A
pancreas,B cell,TDRP
pancreas,B cell,TERF2IP
pancreas,B cell,TETRASPANIN-7
pancreas,B cell,TEX9
pancreas,B cell,TFCP2L1
pancreas,B cell,TGFBR3
pancreas,B cell,TLR9
pancreas,B cell,TMEM37
pancreas,B cell,TNFRSF13B
pancreas,B cell,TNFRSF13C
pancreas,B cell,TNFRSF17
pancreas,B cell,TNFRSF9
pancreas,B cell,TNFSF4
pancreas,B cell,TRP53INP1
pancreas,B cell,TSPAN1
pancreas,B cell,TSPAN7
pancreas,B cell,TXNDC11
pancreas,B cell,URB1-AS1
pancreas,B cell,VAT1L
pancreas,B cell,VPREB1
pancreas,B cell,VPREB2
pancreas,B cell,VPREB3
pancreas,B cell,WNT4
pancreas,B cell,WSCD2
pancreas,B cell,YBX3
pancreas,B cell,ZNF441
pancreas,B cell,ZNF776
pancreas,Beta cell,ABI2
pancreas,Beta cell,AC009041.1
pancreas,Beta cell,ADCYAP1
pancreas,Beta cell,AL117190.2
pancreas,Beta cell,ALCAM
pancreas,Beta cell,ALOX5
pancreas,Beta cell,AP3B1
pancreas,Beta cell,APCDD1L
pancreas,Beta cell,APLP2
pancreas,Beta cell,ATP2A3
pancreas,Beta cell,BMP-5
pancreas,Beta cell,BMP5
pancreas,Beta cell,C12ORF75
pancreas,Beta cell,C1ORF127
pancreas,Beta cell,C21ORF119
pancreas,Beta cell,CADM1
pancreas,Beta cell,CAPN13
pancreas,Beta cell,CASR
pancreas,Beta cell,CD40
pancreas,Beta cell,CD72
pancreas,Beta cell,CD99
pancreas,Beta cell,CDH18
pancreas,Beta cell,CDK5R1
pancreas,Beta cell,CDKN1C
pancreas,Beta cell,CGRRF1
pancreas,Beta cell,CHGA
pancreas,Beta cell,CNTN4
pancreas,Beta cell,CPE
pancreas,Beta cell,CRTR1
pancreas,Beta cell,CSDE1
pancreas,Beta cell,CTSV
pancreas,Beta cell,CYP2U1
pancreas,Beta cell,CYYR1
pancreas,Beta cell,DLK1
pancreas,Beta cell,EDARADD
pancreas,Beta cell,EFCAB14
pancreas,Beta cell,EFNA5
pancreas,Beta cell,ELMO1
pancreas,Beta cell,ELOVL4
pancreas,Beta cell,ENPP4
pancreas,Beta cell,ENTPD3
pancreas,Beta cell,ERO1B
pancreas,Beta cell,ERO1LB
pancreas,Beta cell,EZH1
pancreas,Beta cell,FAM222A
pancreas,Beta cell,FAM76A
pancreas,Beta cell,FFAR1
pancreas,Beta cell,FFAR2
pancreas,Beta cell,FXYD2
pancreas,Beta cell,FXYD2-GAMMA
pancreas,Beta cell,G6PC2
pancreas,Beta cell,GCC1
pancreas,Beta cell,GCGR
pancreas,Beta cell,GJD2
pancreas,Beta cell,GLUCOSE TRANSPORTER TYPE 2
pancreas,Beta cell,GLUT2
pancreas,Beta cell,GNAS
pancreas,Beta cell,GPM6A
pancreas,Beta cell,GPR44
pancreas,Beta cell,GPSM1
pancreas,Beta cell,GREM1
pancreas,Beta cell,GSN
pancreas,Beta cell,GUSB
pancreas,Beta cell,GYG1
pancreas,Beta cell,HADH
pancreas,Beta cell,HAMP
pancreas,Beta cell,HEPACAM2
pancreas,Beta cell,HOPX
pancreas,Beta cell,HSPD1
pancreas,Beta cell,IAPP
pancreas,Beta cell,IGF2
pancreas,Beta cell,INS
pancreas,Beta cell,INS-IGF2
pancreas,Beta cell,INS1
pancreas,Beta cell,INS2
pancreas,Beta cell,INSULIN
pancreas,Beta cell,ISL1
pancreas,Beta cell,ISLET AMYLOID POLYPEPTIDE
pancreas,Beta cell,JPH3
pancreas,Beta cell,KLHDC8A
pancreas,Beta cell,KLRG1
pancreas,Beta cell,LGMN
pancreas,Beta cell,LMX1A
pancreas,Beta cell,LRRTM3
pancreas,Beta cell,MAFA
pancreas,Beta cell,MAFB
pancreas,Beta cell,MEG3
pancreas,Beta cell,METTL25B
pancreas,Beta cell,MRAP2
pancreas,Beta cell,MTSS1
pancreas,Beta cell,MXRA7
pancreas,Beta cell,MZB1
pancreas,Beta cell,NECAB1
pancreas,Beta cell,NEUROD1
pancreas,Beta cell,NEUROG3
pancreas,Beta cell,NGN3
pancreas,Beta cell,NKX2-2
pancreas,Beta cell,NKX6-1
pancreas,Beta cell,NKX6-2
pancreas,Beta cell,NKX6.1
pancreas,Beta cell,NMRK1
pancreas,Beta cell,NPTX2
pancreas,Beta cell,NPY
pancreas,Beta cell,NTPCR
pancreas,Beta cell,NTRK1
pancreas,Beta cell,OXLD1
pancreas,Beta cell,PACAP
pancreas,Beta cell,PAR6
pancreas,Beta cell,PARD6A
pancreas,Beta cell,PAX4
pancreas,Beta cell,PAX6
pancreas,Beta cell,PCSK1
pancreas,Beta cell,PCSK1N
pancreas,Beta cell,PCSK2
pancreas,Beta cell,PDX1
pancreas,Beta cell,PFKFB2
pancreas,Beta cell,PIGV
pancreas,Beta cell,PIK3IP1
pancreas,Beta cell,PIR
pancreas,Beta cell,PTGDR2
pancreas,Beta cell,RAPH1
pancreas,Beta cell,RASA4
pancreas,Beta cell,RASA4B
pancreas,Beta cell,RASGRF1
pancreas,Beta cell,RBP4
pancreas,Beta cell,RGS16
pancreas,Beta cell,RIMS1
pancreas,Beta cell,RNF130
pancreas,Beta cell,ROBO2
pancreas,Beta cell,RRAGB
pancreas,Beta cell,RRNAD1
pancreas,Beta cell,SALL2
pancreas,Beta cell,SCD5
pancreas,Beta cell,SCG2
pancreas,Beta cell,SCGB2A1
pancreas,Beta cell,SCGN
pancreas,Beta cell,SEMA5A
pancreas,Beta cell,SFTPA1
pancreas,Beta cell,SGCB
pancreas,Beta cell,SGK3
pancreas,Beta cell,SH3GL2
pancreas,Beta cell,SIAH1
pancreas,Beta cell,SIX2
pancreas,Beta cell,SIX3
pancreas,Beta cell,SLC25A34
pancreas,Beta cell,SLC2A2
pancreas,Beta cell,SLC30A8
pancreas,Beta cell,SLC43A2
pancreas,Beta cell,SMAD9
pancreas,Beta cell,SOCS2
pancreas,Beta cell,SORL1
pancreas,Beta cell,SRD5A1
pancreas,Beta cell,STXBP5
pancreas,Beta cell,SUSD4
pancreas,Beta cell,SYT13
pancreas,Beta cell,TBCC
pancreas,Beta cell,TDRP
pancreas,Beta cell,TERF2IP
pancreas,Beta cell,TETRASPANIN-7
pancreas,Beta cell,TFCP2L1
pancreas,Beta cell,TGFBR3
pancreas,Beta cell,TMEM37
pancreas,Beta cell,TSPAN1
pancreas,Beta cell,TSPAN7
pancreas,Beta cell,URB1-AS1
pancreas,Beta cell,VAT1L
pancreas,Beta cell,WNT4
pancreas,Beta cell,WSCD2
pancreas,Beta cell,ZNF441
pancreas,Beta cell,ZNF776
pancreas,Delta cell,AATF
pancreas,Delta cell,BAIAP3
pancreas,Delta cell,BCHE
pancreas,Delta cell,BHLHE41
pancreas,Delta cell,CASR
pancreas,Delta cell,CHE1
pancreas,Delta cell,EDN3
pancreas,Delta cell,EHF
pancreas,Delta cell,ERBB4
pancreas,Delta cell,ESE3B
pancreas,Delta cell,ETV1
pancreas,Delta cell,FFAR4
pancreas,Delta cell,FRZB
pancreas,Delta cell,FXYD2
pancreas,Delta cell,GABRB3
pancreas,Delta cell,GABRG2
pancreas,Delta cell,GHSR
pancreas,Delta cell,GPC5-AS1
pancreas,Delta cell,HER4
pancreas,Delta cell,HHEX
pancreas,Delta cell,IAPP
pancreas,Delta cell,ISL1
pancreas,Delta cell,KCNK16
pancreas,Delta cell,LCORL
pancreas,Delta cell,LEDGF
pancreas,Delta cell,LEPR
pancreas,Delta cell,LY6H
pancreas,Delta cell,MDK
pancreas,Delta cell,MS4A8
pancreas,Delta cell,MS4A8A
pancreas,Delta cell,NEC1
pancreas,Delta cell,NPTX2
pancreas,Delta cell,PAX4
pancreas,Delta cell,PCSK1
pancreas,Delta cell,PCSK9
pancreas,Delta cell,PDLIM4
pancreas,Delta cell,PDX1
pancreas,Delta cell,POU3F1
pancreas,Delta cell,PRBP
pancreas,Delta cell,PRG4
pancreas,Delta cell,PSIP1
pancreas,Delta cell,RBP4
pancreas,Delta cell,RESP18
pancreas,Delta cell,RGS2
pancreas,Delta cell,SCGN
pancreas,Delta cell,SEC11C
pancreas,Delta cell,SERPINA1
pancreas,Delta cell,SFRP3
pancreas,Delta cell,SHARP1
pancreas,Delta cell,SOMATOSTATIN
pancreas,Delta cell,SST
pancreas,Delta cell,TARBP2
pancreas,Delta cell,UCP2
pancreas,Delta cell,UNC5B
pancreas,Dendritic cell,CD52
pancreas,Dendritic cell,CORO1A
pancreas,Dendritic cell,GM2A
pancreas,Dendritic cell,H2-AA
pancreas,Dendritic cell,H2-AB1
pancreas,Dendritic cell,H2-DMB1
pancreas,Dendritic cell,H2-EB1
pancreas,Dendritic cell,LGALS3
pancreas,Dendritic cell,LSP1
pancreas,Dendritic cell,PLBD1
pancreas,Dendritic cell,TYROBP
pancreas,Ductal cell,AKR1C3
pancreas,Ductal cell,ALDH1A3
pancreas,Ductal cell,AMBP
pancreas,Ductal cell,ANXA4
pancreas,Ductal cell,AQP1
pancreas,Ductal cell,CCL2
pancreas,Ductal cell,CFB
pancreas,Ductal cell,CFTR
pancreas,Ductal cell,CLDN1
pancreas,Ductal cell,CLDN10
pancreas,Ductal cell,CLDN4
pancreas,Ductal cell,CTSH
pancreas,Ductal cell,CXCL2
pancreas,Ductal cell,DCDC2
pancreas,Ductal cell,DCDC2A
pancreas,Ductal cell,DEFB1
pancreas,Ductal cell,GDF15
pancreas,Ductal cell,HHEX
pancreas,Ductal cell,HNF1B
pancreas,Ductal cell,IGFBP7
pancreas,Ductal cell,KRT19
pancreas,Ductal cell,KRT20
pancreas,Ductal cell,KRT7
pancreas,Ductal cell,LAMB3
pancreas,Ductal cell,LCN2
pancreas,Ductal cell,LGALS4
pancreas,Ductal cell,MMP7
pancreas,Ductal cell,MUC1
pancreas,Ductal cell,ONECUT1
pancreas,Ductal cell,PDLIM3
pancreas,Ductal cell,PDX1
pancreas,Ductal cell,PERP
pancreas,Ductal cell,PIGR
pancreas,Ductal cell,S100A10
pancreas,Ductal cell,SERPINA1
pancreas,Ductal cell,SERPINA3
pancreas,Ductal cell,SERPINA5
pancreas,Ductal cell,SERPING1
pancreas,Ductal cell,SLC3A1
pancreas,Ductal cell,SLPI
pancreas,Ductal cell,SPP1
pancreas,Ductal cell,TACSTD2
pancreas,Ductal cell,TFF1
pancreas,Ductal cell,TFF2
pancreas,Ductal cell,TSPAN8
pancreas,Ductal cell,VTCN1
pancreas,Ductal cell,WFDC2
pancreas,Ductal stem cell,CK19
pancreas,Ductal stem cell,GCG
pancreas,Ductal stem cell,GLUCAGON
pancreas,Ductal stem cell,INS
pancreas,Ductal stem cell,INSULIN
pancreas,Ductal stem cell,KRT19
pancreas,Endocrine cell,BIRC5
pancreas,Endocrine cell,CADPS
pancreas,Endocrine cell,CCNB2
pancreas,Endocrine cell,CDC20
pancreas,Endocrine cell,CDCA3
pancreas,Endocrine cell,CDK1
pancreas,Endocrine cell,CDKN3
pancreas,Endocrine cell,CHGA
pancreas,Endocrine cell,CPE
pancreas,Endocrine cell,ERO1LB
pancreas,Endocrine cell,GNAS
pancreas,Endocrine cell,INS
pancreas,Endocrine cell,MAFB
pancreas,Endocrine cell,MEIS2
pancreas,Endocrine cell,MKI67
pancreas,Endocrine cell,PBK
pancreas,Endocrine cell,PCSK1N
pancreas,Endocrine cell,SLC30A8
pancreas,Endocrine cell,TOP2A
pancreas,Endocrine cell,TTR
pancreas,Endocrine cell,UBE2C
pancreas,Endothelial cell,CLDN5
pancreas,Endothelial cell,EGFL7
pancreas,Endothelial cell,EMCN
pancreas,Endothelial cell,ENG
pancreas,Endothelial cell,ESM1
pancreas,Endothelial cell,FLT1
pancreas,Endothelial cell,GNG11
pancreas,Endothelial cell,ID3
pancreas,Endothelial cell,KDR
pancreas,Endothelial cell,MGLL
pancreas,Endothelial cell,MMP1
pancreas,Endothelial cell,MMP13
pancreas,Endothelial cell,PECAM1
pancreas,Endothelial cell,PLVAP
pancreas,Endothelial cell,RGCC
pancreas,Endothelial cell,SERPINE1
pancreas,Endothelial cell,STC1
pancreas,Epithelial cell,CDH1
pancreas,Epithelial cell,CK19
pancreas,Epithelial cell,E-CADHERIN
pancreas,Epithelial cell,EPCAM
pancreas,Epithelial cell,GCG
pancreas,Epithelial cell,GLUCAGON
pancreas,Epithelial cell,INS
pancreas,Epithelial cell,INSULIN
pancreas,Epithelial cell,KRT19
pancreas,Epithelial cell,LECTIN
pancreas,Epsilon cell,ACSL1
pancreas,Epsilon cell,ADAMTS6
pancreas,Epsilon cell,AFF3
pancreas,Epsilon cell,ANXA13
pancreas,Epsilon cell,APOH
pancreas,Epsilon cell,ARX
pancreas,Epsilon cell,ASGR1
pancreas,Epsilon cell,BHMT
pancreas,Epsilon cell,BMP4
pancreas,Epsilon cell,C2ORF54
pancreas,Epsilon cell,CALCR
pancreas,Epsilon cell,CD109
pancreas,Epsilon cell,COL12A1
pancreas,Epsilon cell,COL22A1
pancreas,Epsilon cell,CORIN
pancreas,Epsilon cell,COX6A2
pancreas,Epsilon cell,DEFB1
pancreas,Epsilon cell,ELOVL2
pancreas,Epsilon cell,EYA4
pancreas,Epsilon cell,FAM124A
pancreas,Epsilon cell,FAXDC2
pancreas,Epsilon cell,FRZB
pancreas,Epsilon cell,GHRL
pancreas,Epsilon cell,GHRLOS
pancreas,Epsilon cell,GRAMD2
pancreas,Epsilon cell,GRAMD2A
pancreas,Epsilon cell,HMGCS2
pancreas,Epsilon cell,HRH2
pancreas,Epsilon cell,ITGA4
pancreas,Epsilon cell,KRT8
pancreas,Epsilon cell,MAB21L4
pancreas,Epsilon cell,MS4A8A
pancreas,Epsilon cell,MYO1A
pancreas,Epsilon cell,NKX2-2
pancreas,Epsilon cell,NPY1R
pancreas,Epsilon cell,OLFML3
pancreas,Epsilon cell,OPRK1
pancreas,Epsilon cell,PCSK6
pancreas,Epsilon cell,PHGR1
pancreas,Epsilon cell,PTGER4
pancreas,Epsilon cell,S100A6
pancreas,Epsilon cell,SLC6A16
pancreas,Epsilon cell,SLC7A9
pancreas,Epsilon cell,SPINK1
pancreas,Epsilon cell,SPTSSB
pancreas,Epsilon cell,THSD4
pancreas,Epsilon cell,TM4SF5
pancreas,Epsilon cell,VSTM2L
pancreas,Epsilon cell,VTN
pancreas,Epsilon cell,XYLB
pancreas,Gamma cell,ABCC9
pancreas,Gamma cell,APOBEC2
pancreas,Gamma cell,AQP3
pancreas,Gamma cell,ARX
pancreas,Gamma cell,CARTPT
pancreas,Gamma cell,CHN2
pancreas,Gamma cell,CMTM8
pancreas,Gamma cell,EGR3
pancreas,Gamma cell,ENTPD2
pancreas,Gamma cell,ETV1
pancreas,Gamma cell,FGB
pancreas,Gamma cell,FXYD2
pancreas,Gamma cell,GPC5-AS1
pancreas,Gamma cell,ID2
pancreas,Gamma cell,ISL1
pancreas,Gamma cell,LMO3
pancreas,Gamma cell,MEIS1
pancreas,Gamma cell,MEIS2
pancreas,Gamma cell,NEUROD1
pancreas,Gamma cell,PAX6
pancreas,Gamma cell,PPY
pancreas,Gamma cell,PPY2
pancreas,Gamma cell,PPY2P
pancreas,Gamma cell,PRSS23
pancreas,Gamma cell,PTGFR
pancreas,Gamma cell,PXK
pancreas,Gamma cell,SCGB2A1
pancreas,Gamma cell,SCGN
pancreas,Gamma cell,SEMA3E
pancreas,Gamma cell,SERTM1
pancreas,Gamma cell,SLITRK6
pancreas,Gamma cell,THSD7A
pancreas,Gamma cell,TUBB2A
pancreas,Gamma cell,ZNF503
pancreas,Glial cell,CD9
pancreas,Glial cell,FCGR2B
pancreas,Glial cell,FXYD1
pancreas,Glial cell,PLP1
pancreas,Glial cell,PRNP
pancreas,Glial cell,SCN7A
pancreas,Granulocyte,BTG2
pancreas,Granulocyte,CCL6
pancreas,Granulocyte,CD52
pancreas,Granulocyte,IL1B
pancreas,Granulocyte,MSRB1
pancreas,Granulocyte,S100A8
pancreas,Granulocyte,S100A9
pancreas,Granulocyte,SRGN
pancreas,Granulocyte,TYROBP
pancreas,Macrophage,C1QA
pancreas,Macrophage,C1QB
pancreas,Macrophage,C1QC
pancreas,Macrophage,CSF1R
pancreas,Macrophage,PF4
pancreas,Macrophage,TYROBP
pancreas,Mast cell,ABCC4
pancreas,Mast cell,ACSL4
pancreas,Mast cell,ADCYAP1
pancreas,Mast cell,ADORA3
pancreas,Mast cell,ALOX5AP
pancreas,Mast cell,BTK
pancreas,Mast cell,CD117
pancreas,Mast cell,CMA1
pancreas,Mast cell,CPA3
pancreas,Mast cell,CSF2RB2
pancreas,Mast cell,CSF2RBP1
pancreas,Mast cell,FCER1A
pancreas,Mast cell,GATA2
pancreas,Mast cell,GRAP2
pancreas,Mast cell,HDC
pancreas,Mast cell,HPGDS
pancreas,Mast cell,IL18R1
pancreas,Mast cell,IL1RL1
pancreas,Mast cell,IL2RA
pancreas,Mast cell,IL4
pancreas,Mast cell,KIT
pancreas,Mast cell,MAOB
pancreas,Mast cell,MCPT4
pancreas,Mast cell,MLPH
pancreas,Mast cell,MRGPRB1
pancreas,Mast cell,MS4A2
pancreas,Mast cell,RGS13
pancreas,Mast cell,SLC18A2
pancreas,Mast cell,SLC24A3
pancreas,Mast cell,SLC8A3
pancreas,Mast cell,TESPA1
pancreas,Mast cell,TPSAB1
pancreas,Mast cell,TPSB2
pancreas,Mast cell,TPSD1
pancreas,Pancreatic progenitor cell,AC133
pancreas,Pancreatic progenitor cell,ARX
pancreas,Pancreatic progenitor cell,C-KIT
pancreas,Pancreatic progenitor cell,C-MET
pancreas,Pancreatic progenitor cell,COL1A1
pancreas,Pancreatic progenitor cell,COL6A1
pancreas,Pancreatic progenitor cell,COL6A2
pancreas,Pancreatic progenitor cell,CTNNB1
pancreas,Pancreatic progenitor cell,CXCR4
pancreas,Pancreatic progenitor cell,DCLK1
pancreas,Pancreatic progenitor cell,DPT
pancreas,Pancreatic progenitor cell,EPAS1
pancreas,Pancreatic progenitor cell,IGFBP4
pancreas,Pancreatic progenitor cell,ISL1
pancreas,Pancreatic progenitor cell,KIT
pancreas,Pancreatic progenitor cell,LGR5
pancreas,Pancreatic progenitor cell,LPL
pancreas,Pancreatic progenitor cell,LUM
pancreas,Pancreatic progenitor cell,MEG3
pancreas,Pancreatic progenitor cell,MET
pancreas,Pancreatic progenitor cell,MFNG
pancreas,Pancreatic progenitor cell,NANOG
pancreas,Pancreatic progenitor cell,NEUROG3
pancreas,Pancreatic progenitor cell,NKX2-2
pancreas,Pancreatic progenitor cell,ONECUT1
pancreas,Pancreatic progenitor cell,PCOLCE
pancreas,Pancreatic progenitor cell,PDX1
pancreas,Pancreatic progenitor cell,PENK
pancreas,Pancreatic progenitor cell,PROM1
pancreas,Pancreatic progenitor cell,PTF1A
pancreas,Pancreatic progenitor cell,RGS16
pancreas,Pancreatic progenitor cell,RNASE4
pancreas,Pancreatic progenitor cell,RPL23A
pancreas,Pancreatic progenitor cell,SERPING1
pancreas,Pancreatic progenitor cell,SOX9
pancreas,Pancreatic progenitor cell,SSEA-4
pancreas,Pancreatic progenitor cell,YAP1
pancreas,Polypeptide cell,AQP3
pancreas,Polypeptide cell,ARHGAP3
pancreas,Polypeptide cell,ARX
pancreas,Polypeptide cell,BHLHB26
pancreas,Polypeptide cell,BHLHB27
pancreas,Polypeptide cell,CARTPT
pancreas,Polypeptide cell,CHN2
pancreas,Polypeptide cell,EGR3
pancreas,Polypeptide cell,ENTPD2
pancreas,Polypeptide cell,ETV1
pancreas,Polypeptide cell,ID2
pancreas,Polypeptide cell,ID4
pancreas,Polypeptide cell,LMO3
pancreas,Polypeptide cell,MEIS1
pancreas,Polypeptide cell,MEIS2
pancreas,Polypeptide cell,PAX6
pancreas,Polypeptide cell,PTGFR
pancreas,Polypeptide cell,RBTN3
pancreas,Polypeptide cell,SERTM1
pancreas,Polypeptide cell,SLITRK6
pancreas,Polypeptide cell,THSD7A
pancreas,Polypeptide cell,ZNF506
pancreas,Schwann cell,CDH19
pancreas,Schwann cell,EGFL8
pancreas,Schwann cell,FIGN
pancreas,Schwann cell,GFRA1
pancreas,Schwann cell,GFRA2
pancreas,Schwann cell,GFRA3
pancreas,Schwann cell,GULP1
pancreas,Schwann cell,INSC
pancreas,Schwann cell,LRRTM1
pancreas,Schwann cell,MPZ
pancreas,Schwann cell,NGFR
pancreas,Schwann cell,OLFML2A
pancreas,Schwann cell,PLP1
pancreas,Schwann cell,PNLIPRP1
pancreas,Schwann cell,S100A1
pancreas,Schwann cell,SEMA3B
pancreas,Schwann cell,SLITRK2
pancreas,Schwann cell,SLITRK6
pancreas,Schwann cell,SOX10
pancreas,Schwann cell,SOX2
pancreas,Schwann cell,TFAP2A
pancreas,Schwann cell,TSPAN11
pancreas,Schwann cell,UCN2
pancreas,Schwann cell,VGLL3
pancreas,Schwann cell,WNT16
pancreas,Stellate cell,ADIRF
pancreas,Stellate cell,BGN
pancreas,Stellate cell,C11ORF96
pancreas,Stellate cell,COL1A1
pancreas,Stellate cell,COL1A2
pancreas,Stellate cell,COL3A1
pancreas,Stellate cell,COL4A1
pancreas,Stellate cell,COL6A1
pancreas,Stellate cell,COL6A2
pancreas,Stellate cell,COL6A3
pancreas,Stellate cell,CSRP2
pancreas,Stellate cell,CTGF
pancreas,Stellate cell,CTHRC1
pancreas,Stellate cell,CYGB
pancreas,Stellate cell,DYNLT1
pancreas,Stellate cell,DYNLT1B
pancreas,Stellate cell,ESAM
pancreas,Stellate cell,FABP4
pancreas,Stellate cell,FN1
pancreas,Stellate cell,GEM
pancreas,Stellate cell,GPX3
pancreas,Stellate cell,IGFBP4
pancreas,Stellate cell,IL24
pancreas,Stellate cell,INHBA
pancreas,Stellate cell,KRT10
pancreas,Stellate cell,LUM
pancreas,Stellate cell,MGP
pancreas,Stellate cell,MMP11
pancreas,Stellate cell,MMP14
pancreas,Stellate cell,NDUFA4L2
pancreas,Stellate cell,PDGFRA
pancreas,Stellate cell,PDGFRB
pancreas,Stellate cell,RGS5
pancreas,Stellate cell,SFRP2
pancreas,Stellate cell,SPARC
pancreas,Stellate cell,SPON2
pancreas,Stellate cell,TGFB1
pancreas,Stellate cell,THY1
pancreas,Stellate cell,TIMP1
pancreas,Stellate cell,TIMP3
pancreas,Stellate cell,TNFAIP6
pancreas,T cell,2B4
pancreas,T cell,AATF
pancreas,T cell,AC004585.1
pancreas,T cell,AC133644.2
pancreas,T cell,ANXA1
pancreas,T cell,APOBEC3G
pancreas,T cell,AQP3
pancreas,T cell,ASPM
pancreas,T cell,B2M
pancreas,T cell,BCL11B
pancreas,T cell,CAMK4
pancreas,T cell,CAV1
pancreas,T cell,CBLB
pancreas,T cell,CCL5
pancreas,T cell,CCR7
pancreas,T cell,CD2
pancreas,T cell,CD244
pancreas,T cell,CD244A
pancreas,T cell,CD247
pancreas,T cell,CD25
pancreas,T cell,CD27
pancreas,T cell,CD28
pancreas,T cell,CD3
pancreas,T cell,CD3D
pancreas,T cell,CD3E
pancreas,T cell,CD3G
pancreas,T cell,CD4
pancreas,T cell,CD44
pancreas,T cell,CD45
pancreas,T cell,CD45RO
pancreas,T cell,CD5
pancreas,T cell,CD58
pancreas,T cell,CD6
pancreas,T cell,CD62L
pancreas,T cell,CD68
pancreas,T cell,CD69
pancreas,T cell,CD7
pancreas,T cell,CD8
pancreas,T cell,CD8A
pancreas,T cell,CD8B
pancreas,T cell,CD90
pancreas,T cell,CD90.1/CD90.2
pancreas,T cell,CD96
pancreas,T cell,CENPF
pancreas,T cell,CLSPN
pancreas,T cell,CRTAM
pancreas,T cell,CST7
pancreas,T cell,CTLA4
pancreas,T cell,CTSW
pancreas,T cell,CXCR6
pancreas,T cell,DPP4
pancreas,T cell,DTHD1
pancreas,T cell,FAM189B
pancreas,T cell,FCRL3
pancreas,T cell,FGFBP2
pancreas,T cell,FHIT
pancreas,T cell,FLT3
pancreas,T cell,FOXP3
pancreas,T cell,FXYD2
pancreas,T cell,FYB1
pancreas,T cell,FYN
pancreas,T cell,GIMAP3
pancreas,T cell,GIMAP3P
pancreas,T cell,GIMAP5
pancreas,T cell,GM10260
pancreas,T cell,GNLY
pancreas,T cell,GPR132
pancreas,T cell,GZMA
pancreas,T cell,GZMH
pancreas,T cell,GZMK
pancreas,T cell,H2-K1
pancreas,T cell,H2-OA
pancreas,T cell,HCST
pancreas,T cell,IFI209
pancreas,T cell,IKZF2
pancreas,T cell,IL-2
pancreas,T cell,IL2
pancreas,T cell,IL2RA
pancreas,T cell,IL2RB
pancreas,T cell,IL32
pancreas,T cell,IL7R
pancreas,T cell,ITGB1
pancreas,T cell,ITGB7
pancreas,T cell,ITK
pancreas,T cell,ITM2A
pancreas,T cell,KLRB1
pancreas,T cell,KLRC1
pancreas,T cell,KLRD1
pancreas,T cell,KLRG1
pancreas,T cell,KLRK1
pancreas,T cell,KRT1
pancreas,T cell,LAIR2
pancreas,T cell,LAT
pancreas,T cell,LCK
pancreas,T cell,LDHB
pancreas,T cell,LEF1
pancreas,T cell,LINC01934
pancreas,T cell,LINC02446
pancreas,T cell,LTB
pancreas,T cell,LYAR
pancreas,T cell,MAF
pancreas,T cell,MAL
pancreas,T cell,MAP4K1
pancreas,T cell,MEL-14
pancreas,T cell,MIR4422HG
pancreas,T cell,MKI67
pancreas,T cell,MYB
pancreas,T cell,NAPSA
pancreas,T cell,NCALD
pancreas,T cell,NCR3
pancreas,T cell,NCR3-PS
pancreas,T cell,NELL2
pancreas,T cell,NKG7
pancreas,T cell,NOSIP
pancreas,T cell,NUCB2
pancreas,T cell,NUSAP1
pancreas,T cell,OXNAD1
pancreas,T cell,PCLAF
pancreas,T cell,PD-1
pancreas,T cell,PDCD1
pancreas,T cell,PIK3IP1
pancreas,T cell,PRDM1
pancreas,T cell,PRF1
pancreas,T cell,PRKCQ
pancreas,T cell,PRSS35
pancreas,T cell,PTPN3
pancreas,T cell,PTPRC
pancreas,T cell,PTTG1
pancreas,T cell,PYHIN1
pancreas,T cell,RAPGEF6
pancreas,T cell,RASGRP1
pancreas,T cell,RBM24
pancreas,T cell,RGS10
pancreas,T cell,RHOH
pancreas,T cell,RORA
pancreas,T cell,RPL12
pancreas,T cell,RPLP1
pancreas,T cell,RPS16
pancreas,T cell,RPS18-PS6
pancreas,T cell,RPS23
pancreas,T cell,RPS4X
pancreas,T cell,RRM2
pancreas,T cell,RTKN2
pancreas,T cell,S100B
pancreas,T cell,SATB1
pancreas,T cell,SELL
pancreas,T cell,SH2D1A
pancreas,T cell,SH2D2A
pancreas,T cell,SIRPG
pancreas,T cell,SKAP1
pancreas,T cell,SLA2
pancreas,T cell,SLC4A10
pancreas,T cell,SLFN12L
pancreas,T cell,SOCS2
pancreas,T cell,SPOCK2
pancreas,T cell,STAT4
pancreas,T cell,TC2N
pancreas,T cell,TCF7
pancreas,T cell,TCR
pancreas,T cell,TCR ALPHA/BETA
pancreas,T cell,TCRALPHA/BETA
pancreas,T cell,THEMIS
pancreas,T cell,THY1
pancreas,T cell,TIGIT
pancreas,T cell,TK1
pancreas,T cell,TMSB10
pancreas,T cell,TNFRSF25
pancreas,T cell,TNIP3
pancreas,T cell,TOP2A
pancreas,T cell,TOX
pancreas,T cell,TPT1
pancreas,T cell,TPX2
pancreas,T cell,TRA
pancreas,T cell,TRAC
pancreas,T cell,TRAT1
pancreas,T cell,TRAV6-3
pancreas,T cell,TRB
pancreas,T cell,TRBC1
pancreas,T cell,TRBC2
pancreas,T cell,TRDC
pancreas,T cell,TRDV2
pancreas,T cell,TRGC1
pancreas,T cell,TRGC2
pancreas,T cell,TRGV9
pancreas,T cell,TYMS
pancreas,T cell,YBX3
pancreas,T cell,ZAP70
pancreas,T cell,ZFP36L2
placenta,Basophil,ALOX5AP
placenta,Basophil,CCL3
placenta,Basophil,CCL4
placenta,Basophil,CPA3
placenta,Basophil,CST7
placenta,Basophil,CXCR4
placenta,Basophil,HDC
placenta,Basophil,IFITM1
placenta,Basophil,IL6
placenta,Basophil,LILRB4B
placenta,Basophil,NFKBIZ
placenta,Basophil,OSM
placenta,Basophil,RAC2
placenta,Decidual stem cell,CRYAB
placenta,Decidual stem cell,CTSK
placenta,Decidual stem cell,DCN
placenta,Decidual stem cell,H2-K1
placenta,Decidual stem cell,HTRA3
placenta,Decidual stem cell,LY6A
placenta,Decidual stem cell,LY6C1
placenta,Decidual stem cell,PRL8A2
placenta,Decidual stem cell,RARRES2
placenta,Decidual stem cell,S100A1
placenta,Dendritic cell,CD14
placenta,Dendritic cell,CD52
placenta,Dendritic cell,CD74
placenta,Dendritic cell,CD83
placenta,Dendritic cell,CD86
placenta,Dendritic cell,H2-AA
placenta,Dendritic cell,H2-AB1
placenta,Dendritic cell,H2-EB1
placenta,Endodermal cell,AFP
placenta,Endodermal cell,ALDOB
placenta,Endodermal cell,APOA1
placenta,Endodermal cell,APOA2
placenta,Endodermal cell,APOA4
placenta,Endodermal cell,APOB
placenta,Endodermal cell,APOC1
placenta,Endodermal cell,APOM
placenta,Endodermal cell,BEX1
placenta,Endodermal cell,BEX2
placenta,Endodermal cell,BEX4
placenta,Endodermal cell,E330020D12RIK
placenta,Endodermal cell,FGA
placenta,Endodermal cell,FGB
placenta,Endodermal cell,FGG
placenta,Endodermal cell,FXYD2
placenta,Endodermal cell,GSTM1
placenta,Endodermal cell,IL5
placenta,Endodermal cell,KNG1
placenta,Endodermal cell,LRPAP1
placenta,Endodermal cell,MAOB
placenta,Endodermal cell,NDUFS2
placenta,Endodermal cell,PCBD1
placenta,Endodermal cell,RBP4
placenta,Endodermal cell,RNASE4
placenta,Endodermal cell,S100G
placenta,Endodermal cell,SELENOP
placenta,Endodermal cell,SERPINA1B
placenta,Endodermal cell,SPINK1
placenta,Endodermal cell,SPP2
placenta,Endodermal cell,TERF1
placenta,Endodermal cell,TMEM37
placenta,Endodermal cell,TRF
placenta,Endodermal cell,TTR
placenta,Endothelial cell,CDKN1C
placenta,Endothelial cell,DLK1
placenta,Endothelial cell,FSTL1
placenta,Endothelial cell,IGF2
placenta,Endothelial cell,IGFBP7
placenta,Endothelial cell,MAGED2
placenta,Endothelial cell,MEG3
placenta,Endothelial cell,MEST
placenta,Endothelial cell,RAMP2
placenta,Erythroid cell,ALAS2
placenta,Erythroid cell,CA1
placenta,Erythroid cell,EXOC6
placenta,Erythroid cell,HBA-A1
placenta,Erythroid cell,HBA1
placenta,Erythroid cell,HBD
placenta,Erythroid cell,HBM
placenta,Erythroid cell,IFIT1B
placenta,Erythroid cell,SELENBP1
placenta,Erythroid cell,SLC4A1
placenta,Erythroid cell,TMCC2
placenta,Erythroid cell,TRIM58
placenta,Hofbauer cell,CBL
placenta,Hofbauer cell,CD16
placenta,Hofbauer cell,CD32
placenta,Hofbauer cell,CD64
placenta,Hofbauer cell,CD68
placenta,Hofbauer cell,FCGR4
placenta,Hofbauer cell,FGF1
placenta,Hofbauer cell,FGF2
placenta,Hofbauer cell,FSD1
placenta,Hofbauer cell,SPRY2
placenta,Hofbauer cell,VEGFA
placenta,Hofbauer cell,WNT2
placenta,Invasive spongiotrophoblast,1600012P17RIK
placenta,Invasive spongiotrophoblast,CEACAM12
placenta,Invasive spongiotrophoblast,CEACAM13
placenta,Invasive spongiotrophoblast,CEACAM5
placenta,Invasive spongiotrophoblast,CTS3
placenta,Invasive spongiotrophoblast,FLT1
placenta,Invasive spongiotrophoblast,PRL2C5
placenta,Invasive spongiotrophoblast,PRL7A2
placenta,Invasive spongiotrophoblast,PRL7D1
placenta,Invasive spongiotrophoblast,PRL8A8
placenta,Invasive spongiotrophoblast,PRL8A9
placenta,Invasive spongiotrophoblast,PSG-PS1
placenta,Invasive spongiotrophoblast,PSG16
placenta,Invasive spongiotrophoblast,PSG18
placenta,Invasive spongiotrophoblast,PSG19
placenta,Invasive spongiotrophoblast,PSG23
placenta,Invasive spongiotrophoblast,PSG27
placenta,Invasive spongiotrophoblast,PSG28
placenta,Invasive spongiotrophoblast,RARRES2
placenta,Invasive spongiotrophoblast,TNFRSF9
placenta,Labyrinthine trophoblast,CD24
placenta,Labyrinthine trophoblast,CD24A
placenta,Labyrinthine trophoblast,CLU
placenta,Labyrinthine trophoblast,F3
placenta,Labyrinthine trophoblast,FERMT1
placenta,Labyrinthine trophoblast,FXYD3
placenta,Labyrinthine trophoblast,GSTO1
placenta,Labyrinthine trophoblast,HSPB1
placenta,Labyrinthine trophoblast,IGFBP7
placenta,Labyrinthine trophoblast,KRT7
placenta,Labyrinthine trophoblast,LCN2
placenta,Labyrinthine trophoblast,LTF
placenta,Labyrinthine trophoblast,LY6A
placenta,Labyrinthine trophoblast,MED10
placenta,Labyrinthine trophoblast,PRAP1
placenta,Labyrinthine trophoblast,PRXL2A
placenta,Labyrinthine trophoblast,RBP1
placenta,Labyrinthine trophoblast,SAT1
placenta,Labyrinthine trophoblast,SERINC2
placenta,Labyrinthine trophoblast,TGM2
placenta,Labyrinthine trophoblast,WFDC2
placenta,Macrophage,AIF1
placenta,Macrophage,CD14
placenta,Macrophage,CD163
placenta,Macrophage,CD209
placenta,Macrophage,CD209A
placenta,Macrophage,CD53
placenta,Macrophage,CSF1R
placenta,Macrophage,CTSS
placenta,Macrophage,CYBA
placenta,Macrophage,FCER1G
placenta,Macrophage,LY6E
placenta,Macrophage,TYROBP
placenta,Megakaryocyte progenitor cell,1810058I24RIK
placenta,Megakaryocyte progenitor cell,ALOX12
placenta,Megakaryocyte progenitor cell,BIN2
placenta,Megakaryocyte progenitor cell,CDKN2D
placenta,Megakaryocyte progenitor cell,CLEC1B
placenta,Megakaryocyte progenitor cell,CLU
placenta,Megakaryocyte progenitor cell,CTLA2B
placenta,Megakaryocyte progenitor cell,GP1BB
placenta,Megakaryocyte progenitor cell,GP5
placenta,Megakaryocyte progenitor cell,GP9
placenta,Megakaryocyte progenitor cell,H2BC4
placenta,Megakaryocyte progenitor cell,ILK
placenta,Megakaryocyte progenitor cell,ITGA2B
placenta,Megakaryocyte progenitor cell,LIMS1
placenta,Megakaryocyte progenitor cell,PF4
placenta,Megakaryocyte progenitor cell,PLEK
placenta,Megakaryocyte progenitor cell,RAP1B
placenta,Megakaryocyte progenitor cell,RASGRP2
placenta,Megakaryocyte progenitor cell,RBFA
placenta,Megakaryocyte progenitor cell,RGS10
placenta,Megakaryocyte progenitor cell,THBS1
placenta,Megakaryocyte progenitor cell,TREML1
placenta,Megakaryocyte progenitor cell,TSC22D1
placenta,Megakaryocyte progenitor cell,TUBA4A
placenta,Megakaryocyte progenitor cell,ZYX
placenta,Mesenchymal stem cell,ACTA2
placenta,Mesenchymal stem cell,ALPHA-SMA
placenta,Mesenchymal stem cell,CD105
placenta,Mesenchymal stem cell,CD106
placenta,Mesenchymal stem cell,CD146
placenta,Mesenchymal stem cell,CD29
placenta,Mesenchymal stem cell,CD34
placenta,Mesenchymal stem cell,CD349
placenta,Mesenchymal stem cell,CD44
placenta,Mesenchymal stem cell,CD45
placenta,Mesenchymal stem cell,CD49A
placenta,Mesenchymal stem cell,CD73
placenta,Mesenchymal stem cell,CD90
placenta,Mesenchymal stem cell,ENG
placenta,Mesenchymal stem cell,FZD9
placenta,Mesenchymal stem cell,HLA-DR
placenta,Mesenchymal stem cell,ITGA1
placenta,Mesenchymal stem cell,ITGB1
placenta,Mesenchymal stem cell,MCAM
placenta,Mesenchymal stem cell,NT5E
placenta,Mesenchymal stem cell,PTPRC
placenta,Mesenchymal stem cell,STRO-1
placenta,Mesenchymal stem cell,THY1
placenta,Mesenchymal stem cell,VCAM1
placenta,Monocyte,CD52
placenta,Monocyte,CTSS
placenta,Monocyte,FCN1
placenta,Monocyte,FCNA
placenta,Monocyte,IFI211
placenta,Monocyte,LYZ
placenta,Monocyte,LYZ1
placenta,Monocyte,MNDA
placenta,Monocyte,NEAT1
placenta,Monocyte,PSAP
placenta,Monocyte,S100A9
placenta,Monocyte,SERPINA1
placenta,Monocyte,TYROBP
placenta,Natural killer cell,GZMC
placenta,Natural killer cell,GZMD
placenta,Natural killer cell,GZME
placenta,Natural killer cell,GZMF
placenta,Natural killer cell,GZMG
placenta,Natural killer cell,SPP1
placenta,Natural killer cell,TNFRSF9
placenta,Pericyte,ACTA2
placenta,Pericyte,ADGRL3
placenta,Pericyte,CACNA1C
placenta,Pericyte,CARMN
placenta,Pericyte,CCDC102B
placenta,Pericyte,COL25A1
placenta,Pericyte,DLC1
placenta,Pericyte,HS6ST3
placenta,Pericyte,KCNAB1
placenta,Pericyte,LDB3
placenta,Pericyte,LMOD1
placenta,Pericyte,MAP1B
placenta,Pericyte,MCAM
placenta,Pericyte,MYH11
placenta,Pericyte,NTRK3
placenta,Pericyte,PDGFRB
placenta,Pericyte,PDZRN4
placenta,Pericyte,PRKG1
placenta,Pericyte,PRR16
placenta,Pericyte,RGS5
placenta,Spongiotrophoblast,ACVR2B
placenta,Spongiotrophoblast,CA2
placenta,Spongiotrophoblast,CA4
placenta,Spongiotrophoblast,CAR2
placenta,Spongiotrophoblast,CAR4
placenta,Spongiotrophoblast,CDC16
placenta,Spongiotrophoblast,CDKN1C
placenta,Spongiotrophoblast,CHKB
placenta,Spongiotrophoblast,CISD1
placenta,Spongiotrophoblast,CLDN7
placenta,Spongiotrophoblast,CS
placenta,Spongiotrophoblast,D030056L22RIK
placenta,Spongiotrophoblast,DIO3
placenta,Spongiotrophoblast,ERO1A
placenta,Spongiotrophoblast,FOLR1
placenta,Spongiotrophoblast,FTHL17A
placenta,Spongiotrophoblast,GJB2
placenta,Spongiotrophoblast,HADH
placenta,Spongiotrophoblast,HBEGF
placenta,Spongiotrophoblast,HMGCL
placenta,Spongiotrophoblast,HSPB1
placenta,Spongiotrophoblast,ITGA5
placenta,Spongiotrophoblast,LAS1L
placenta,Spongiotrophoblast,LDOC1
placenta,Spongiotrophoblast,LONP2
placenta,Spongiotrophoblast,MAEA
placenta,Spongiotrophoblast,MAGEH1
placenta,Spongiotrophoblast,MAOA
placenta,Spongiotrophoblast,MBNL3
placenta,Spongiotrophoblast,MFGE8
placenta,Spongiotrophoblast,MPDU1
placenta,Spongiotrophoblast,MRPS6
placenta,Spongiotrophoblast,NDRG1
placenta,Spongiotrophoblast,NDUFA9
placenta,Spongiotrophoblast,OIP5OS1
placenta,Spongiotrophoblast,PEG10
placenta,Spongiotrophoblast,PFDN1
placenta,Spongiotrophoblast,PHLDA2
placenta,Spongiotrophoblast,PITPNB
placenta,Spongiotrophoblast,PPP1R3G
placenta,Spongiotrophoblast,PRSS8
placenta,Spongiotrophoblast,RBBP4
placenta,Spongiotrophoblast,SAE1
placenta,Spongiotrophoblast,SERPINB9G
placenta,Spongiotrophoblast,SLC35F2
placenta,Spongiotrophoblast,SLC38A1
placenta,Spongiotrophoblast,SLC38A2
placenta,Spongiotrophoblast,SLCO4A1
placenta,Spongiotrophoblast,TFEB
placenta,Spongiotrophoblast,TMEM150A
placenta,Spongiotrophoblast,TNFAIP1
placenta,Spongiotrophoblast,TPST2
placenta,Spongiotrophoblast,UGP2
placenta,Spongiotrophoblast,VDAC3
placenta,Spongiotrophoblast,WIPI2
placenta,Spongiotrophoblast,ZFP655
placenta,Spongiotrophoblast,ZWINT
placenta,Stem cell,CD105
placenta,Stem cell,CD73
placenta,Stem cell,CD90
placenta,Stem cell,COL1A1
placenta,Stem cell,COL1A2
placenta,Stem cell,COL3A1
placenta,Stem cell,DCN
placenta,Stem cell,DLK1
placenta,Stem cell,ENG
placenta,Stem cell,FSTL1
placenta,Stem cell,IGF2
placenta,Stem cell,ITM2A
placenta,Stem cell,MEG3
placenta,Stem cell,NT5E
placenta,Stem cell,THY1
placenta,Trophoblast cell,CYTOKERATIN
placenta,Trophoblast cell,CYTOKERATIN-7
placenta,Trophoblast cell,KRT7
placenta,Trophoblast cell,LAEVERIN
placenta,Trophoblast cell,LVRN
placenta,Trophoblast cell,VIM
placenta,Trophoblast cell,VIMENTIN
prostate,Basal cell,CALCYCLIN
prostate,Basal cell,HMWCK
prostate,Basal cell,KERATIN-14
prostate,Basal cell,KERATIN-5
prostate,Basal cell,KRT14
prostate,Basal cell,KRT5
prostate,Basal cell,P63
prostate,Basal cell,S100A6
prostate,Basal cell,TAFAZZIN
prostate,Basal cell,TAZ
prostate,Basal cell,TCP1
prostate,Basal cell,TEAD1
prostate,Basal cell,TP63
prostate,Basal cell,TSC-22
prostate,Basal cell,TSC22D1
prostate,Epithelial cell,AMACR
prostate,Epithelial cell,ANDROGEN RECEPTOR
prostate,Epithelial cell,AR
prostate,Epithelial cell,BETA-CATENIN
prostate,Epithelial cell,CDH1
prostate,Epithelial cell,CTNNB1
prostate,Epithelial cell,CYTOKERATIN-18
prostate,Epithelial cell,CYTOKERATIN-8
prostate,Epithelial cell,E-CADHERIN
prostate,Epithelial cell,KRT18
prostate,Epithelial cell,KRT8
prostate,Epithelial cell,P63
prostate,Epithelial cell,TCP1
prostate,Epithelial cell,TP63
prostate,Luminal cell,ANDROGEN RECEPTOR
prostate,Luminal cell,AR
prostate,Luminal cell,CAM 5.2
prostate,Luminal cell,CYTOKERATIN-18
prostate,Luminal cell,CYTOKERATIN-8
prostate,Luminal cell,KRT18
prostate,Luminal cell,KRT8
prostate,Progenitor cell,ABCG2
prostate,Progenitor cell,CASP3
prostate,Progenitor cell,CK19
prostate,Progenitor cell,CK5
prostate,Progenitor cell,KRT19
prostate,Progenitor cell,KRT5
prostate,Progenitor cell,LY6A
prostate,Progenitor cell,SCA-1
prostate,Prostate epithelial cell,5430419D17RIK
prostate,Prostate epithelial cell,9530002B09RIK
prostate,Prostate epithelial cell,ABO
prostate,Prostate epithelial cell,ADI1
prostate,Prostate epithelial cell,AGR2
prostate,Prostate epithelial cell,ATF3
prostate,Prostate epithelial cell,ATP1B1
prostate,Prostate epithelial cell,AZGP1
prostate,Prostate epithelial cell,B2M
prostate,Prostate epithelial cell,BTG2
prostate,Prostate epithelial cell,CALM1
prostate,Prostate epithelial cell,CBR2
prostate,Prostate epithelial cell,CDCP3
prostate,Prostate epithelial cell,CLDN10
prostate,Prostate epithelial cell,CLDN3
prostate,Prostate epithelial cell,COPZ2
prostate,Prostate epithelial cell,COX4I1
prostate,Prostate epithelial cell,CRABP1
prostate,Prostate epithelial cell,CYSTM1
prostate,Prostate epithelial cell,DAD1
prostate,Prostate epithelial cell,DAP
prostate,Prostate epithelial cell,DCAF12L1
prostate,Prostate epithelial cell,DCXR
prostate,Prostate epithelial cell,DEFB50
prostate,Prostate epithelial cell,DNAJB1
prostate,Prostate epithelial cell,DNAJC10
prostate,Prostate epithelial cell,DNAJC3
prostate,Prostate epithelial cell,EIF4EBP1
prostate,Prostate epithelial cell,FKBP2
prostate,Prostate epithelial cell,FOS
prostate,Prostate epithelial cell,FTH1
prostate,Prostate epithelial cell,FUCA1
prostate,Prostate epithelial cell,FXYD3
prostate,Prostate epithelial cell,GM16136
prostate,Prostate epithelial cell,GNE
prostate,Prostate epithelial cell,GPX3
prostate,Prostate epithelial cell,GSTT3
prostate,Prostate epithelial cell,HERPUD1
prostate,Prostate epithelial cell,HOXB13
prostate,Prostate epithelial cell,HSP90AB1
prostate,Prostate epithelial cell,HSPA1A
prostate,Prostate epithelial cell,HSPA5
prostate,Prostate epithelial cell,HSPA8
prostate,Prostate epithelial cell,HSPB1
prostate,Prostate epithelial cell,IFT20
prostate,Prostate epithelial cell,ITM2B
prostate,Prostate epithelial cell,KCNK1
prostate,Prostate epithelial cell,KRT18
prostate,Prostate epithelial cell,KRT19
prostate,Prostate epithelial cell,KRT8
prostate,Prostate epithelial cell,KRTCAP2
prostate,Prostate epithelial cell,LY6E
prostate,Prostate epithelial cell,MAT2A
prostate,Prostate epithelial cell,MLPH
prostate,Prostate epithelial cell,MT2
prostate,Prostate epithelial cell,MT2A
prostate,Prostate epithelial cell,NPC2
prostate,Prostate epithelial cell,NUCB2
prostate,Prostate epithelial cell,NUPR1
prostate,Prostate epithelial cell,OIT1
prostate,Prostate epithelial cell,P4HB
prostate,Prostate epithelial cell,PAPSS2
prostate,Prostate epithelial cell,PBSN
prostate,Prostate epithelial cell,PDIA6
prostate,Prostate epithelial cell,PGAP2
prostate,Prostate epithelial cell,PHLDA1
prostate,Prostate epithelial cell,PIGR
prostate,Prostate epithelial cell,RABAC1
prostate,Prostate epithelial cell,RGS2
prostate,Prostate epithelial cell,RPL10
prostate,Prostate epithelial cell,RPL11
prostate,Prostate epithelial cell,RPL14
prostate,Prostate epithelial cell,RPL18A
prostate,Prostate epithelial cell,RPL26
prostate,Prostate epithelial cell,RPL32
prostate,Prostate epithelial cell,RPL37
prostate,Prostate epithelial cell,RPL4
prostate,Prostate epithelial cell,RPLP1
prostate,Prostate epithelial cell,RPS14
prostate,Prostate epithelial cell,RPS21
prostate,Prostate epithelial cell,RPS27
prostate,Prostate epithelial cell,RPS9
prostate,Prostate epithelial cell,SBP
prostate,Prostate epithelial cell,SBPL
prostate,Prostate epithelial cell,SEC11C
prostate,Prostate epithelial cell,SEC61B
prostate,Prostate epithelial cell,SEC62
prostate,Prostate epithelial cell,SERINC3
prostate,Prostate epithelial cell,SERP1
prostate,Prostate epithelial cell,SLC12A2
prostate,Prostate epithelial cell,SMIM14
prostate,Prostate epithelial cell,SPINK1
prostate,Prostate epithelial cell,SPINK5
prostate,Prostate epithelial cell,SPINT2
prostate,Prostate epithelial cell,SSR4
prostate,Prostate epithelial cell,TIMP4
prostate,Prostate epithelial cell,TMED3
prostate,Prostate epithelial cell,TMPRSS6
prostate,Prostate epithelial cell,TPD52
prostate,Prostate epithelial cell,TSPAN1
prostate,Prostate epithelial cell,TSPAN13
prostate,Prostate epithelial cell,UPK1A
prostate,Prostate epithelial cell,WFDC3
prostate,Prostate stem cell,ALCAM
prostate,Prostate stem cell,CD117
prostate,Prostate stem cell,CD133
prostate,Prostate stem cell,CD166
prostate,Prostate stem cell,CD44
prostate,Prostate stem cell,KIT
prostate,Prostate stem cell,LIN
prostate,Prostate stem cell,LY6A
prostate,Prostate stem cell,PROM1
prostate,Prostate stem cell,SCA-1
prostate,Stem cell,ALCAM
prostate,Stem cell,CASP3
prostate,Stem cell,CD133
prostate,Stem cell,CD166
prostate,Stem cell,CD44
prostate,Stem cell,LY6A
prostate,Stem cell,PROM1
prostate,Stem cell,SCA-1
prostate,Stem cell,TACSTD2
prostate,Stem cell,TROP2
skin,B cell,AFF3
skin,B cell,B3GAT1
skin,B cell,BACH2
skin,B cell,BANK1
skin,B cell,BCL11A
skin,B cell,BIRC3
skin,B cell,BLNK
skin,B cell,BST1
skin,B cell,BTLA
skin,B cell,CCR7
skin,B cell,CD14
skin,B cell,CD19
skin,B cell,CD2
skin,B cell,CD22
skin,B cell,CD24
skin,B cell,CD27
skin,B cell,CD37
skin,B cell,CD38
skin,B cell,CD40
skin,B cell,CD5
skin,B cell,CD52
skin,B cell,CD55
skin,B cell,CD69
skin,B cell,CD70
skin,B cell,CD72
skin,B cell,CD74
skin,B cell,CD79A
skin,B cell,CD79B
skin,B cell,CD80
skin,B cell,CD86
skin,B cell,CMAH
skin,B cell,CMAHP
skin,B cell,CR2
skin,B cell,CRELD2
skin,B cell,CXCR4
skin,B cell,DERL3
skin,B cell,DNTT
skin,B cell,DOK3
skin,B cell,EAF2
skin,B cell,EBF1
skin,B cell,EDEM1
skin,B cell,EDEM2
skin,B cell,FAM129C
skin,B cell,FAM46C
skin,B cell,FCER2
skin,B cell,FCER2A
skin,B cell,FCHSD2
skin,B cell,FCMR
skin,B cell,FCRL1
skin,B cell,FCRL2
skin,B cell,FCRLA
skin,B cell,FCRLB
skin,B cell,FKBP11
skin,B cell,FLI1
skin,B cell,H2-DMB2
skin,B cell,H2-OA
skin,B cell,H2-OB
skin,B cell,HLA-DQA1
skin,B cell,HLA-DRA
skin,B cell,HMGA1
skin,B cell,HVCN1
skin,B cell,IFIT3
skin,B cell,IGHA
skin,B cell,IGHD
skin,B cell,IGHG1
skin,B cell,IGHG3
skin,B cell,IGHG4
skin,B cell,IGHM
skin,B cell,IGKC
skin,B cell,IGLC1
skin,B cell,IGLC2
skin,B cell,IGLC3
skin,B cell,IGLL1
skin,B cell,IGLV1
skin,B cell,IL21R
skin,B cell,JCHAIN
skin,B cell,KLHL6
skin,B cell,LAIR1
skin,B cell,LRMP
skin,B cell,LTB
skin,B cell,LY6D
skin,B cell,MME
skin,B cell,MS4A1
skin,B cell,MSH5
skin,B cell,MUM1
skin,B cell,MZB1
skin,B cell,PAX5
skin,B cell,PDCD1
skin,B cell,POLD4
skin,B cell,POU2AF1
skin,B cell,PTPRC
skin,B cell,PXK
skin,B cell,RALGPS2
skin,B cell,RASGRP3
skin,B cell,SCD1
skin,B cell,SDC1
skin,B cell,SEC61A1
skin,B cell,SEMA6D
skin,B cell,SIGLECG
skin,B cell,SLAMF6
skin,B cell,SMAP2
skin,B cell,SPCS3
skin,B cell,SPIB
skin,B cell,SPN
skin,B cell,SWAP70
skin,B cell,TLR9
skin,B cell,TNFRSF13B
skin,B cell,TNFRSF13C
skin,B cell,TNFRSF17
skin,B cell,TNFRSF9
skin,B cell,TNFSF4
skin,B cell,TRP53INP1
skin,B cell,TXNDC11
skin,B cell,VPREB1
skin,B cell,VPREB2
skin,B cell,VPREB3
skin,Basal cell,ACADVL
skin,Basal cell,ACTG2
skin,Basal cell,ALKBH7
skin,Basal cell,ANXA11
skin,Basal cell,BACE2
skin,Basal cell,BCL2
skin,Basal cell,BMP7
skin,Basal cell,BNIP3
skin,Basal cell,CAPN1
skin,Basal cell,CD151
skin,Basal cell,CDH3
skin,Basal cell,CTNNB1
skin,Basal cell,CYTOKERATIN 5
skin,Basal cell,CYTOKERATIN-5
skin,Basal cell,DNPH1
skin,Basal cell,DPP7
skin,Basal cell,DUSP23
skin,Basal cell,FBXO32
skin,Basal cell,GAPDHP1
skin,Basal cell,GYPC
skin,Basal cell,HEBP2
skin,Basal cell,ILK
skin,Basal cell,IRF6
skin,Basal cell,ITGA2
skin,Basal cell,ITGA3
skin,Basal cell,ITGB4
skin,Basal cell,ITGB6
skin,Basal cell,KRT14
skin,Basal cell,KRT15
skin,Basal cell,KRT17
skin,Basal cell,KRT23
skin,Basal cell,KRT5
skin,Basal cell,KRT6B
skin,Basal cell,LAMB3
skin,Basal cell,LAMC2
skin,Basal cell,METTL5
skin,Basal cell,MMP7
skin,Basal cell,MT1E
skin,Basal cell,MT1L
skin,Basal cell,MT1X
skin,Basal cell,MT2P1
skin,Basal cell,MYLK
skin,Basal cell,NNMT
skin,Basal cell,OPTN
skin,Basal cell,PKP3
skin,Basal cell,PLAU
skin,Basal cell,PLP2
skin,Basal cell,RAB13
skin,Basal cell,RAB38
skin,Basal cell,RARRES1
skin,Basal cell,S100A14
skin,Basal cell,SERINC2
skin,Basal cell,SLC16A3
skin,Basal cell,SLC25A37
skin,Basal cell,SPHK1
skin,Basal cell,SRSF4
skin,Basal cell,TAFAZZIN
skin,Basal cell,TAZ
skin,Basal cell,TCP1
skin,Basal cell,TMEM14A
skin,Basal cell,TP63
skin,Basal cell,TYMP
skin,Dendritic cell,ADGRE1
skin,Dendritic cell,CD11B
skin,Dendritic cell,CD11C
skin,Dendritic cell,CD197
skin,Dendritic cell,CD1A
skin,Dendritic cell,CD1B
skin,Dendritic cell,CD1C
skin,Dendritic cell,CD1D1
skin,Dendritic cell,CD1D2
skin,Dendritic cell,CD205
skin,Dendritic cell,CD207
skin,Dendritic cell,CD209
skin,Dendritic cell,CD209A
skin,Dendritic cell,CD273
skin,Dendritic cell,CD304
skin,Dendritic cell,CD4
skin,Dendritic cell,CD40
skin,Dendritic cell,CD49D
skin,Dendritic cell,CD80
skin,Dendritic cell,CD83
skin,Dendritic cell,CD86
skin,Dendritic cell,F4/80
skin,Dendritic cell,HLA-DR
skin,Dendritic cell,ITGA4
skin,Dendritic cell,MHC CLASS II
skin,Dendritic cell,NRP1
skin,Dendritic cell,PDCD1LG2
skin,Endothelial cell,ADAM15
skin,Endothelial cell,ADCY4
skin,Endothelial cell,ADGRF5
skin,Endothelial cell,ADGRL4
skin,Endothelial cell,AFAP1L1
skin,Endothelial cell,ANGPT2
skin,Endothelial cell,APOLD1
skin,Endothelial cell,APP
skin,Endothelial cell,ARHGAP29
skin,Endothelial cell,CAVIN2
skin,Endothelial cell,CCL14
skin,Endothelial cell,CD105
skin,Endothelial cell,CD11B
skin,Endothelial cell,CD31
skin,Endothelial cell,CD34
skin,Endothelial cell,CD45
skin,Endothelial cell,CD9
skin,Endothelial cell,CDH5
skin,Endothelial cell,CLDN5
skin,Endothelial cell,COL4A1
skin,Endothelial cell,DIPK2B
skin,Endothelial cell,DOCK9
skin,Endothelial cell,DYSF
skin,Endothelial cell,ECE1
skin,Endothelial cell,ECSCR
skin,Endothelial cell,EFNA1
skin,Endothelial cell,EGFL7
skin,Endothelial cell,ELK3
skin,Endothelial cell,EMCN
skin,Endothelial cell,ENG
skin,Endothelial cell,ERG
skin,Endothelial cell,ESAM
skin,Endothelial cell,F2RL3
skin,Endothelial cell,F8
skin,Endothelial cell,FABP4
skin,Endothelial cell,FLT1
skin,Endothelial cell,FLT4
skin,Endothelial cell,FXYD6
skin,Endothelial cell,GFOD2
skin,Endothelial cell,GNG11
skin,Endothelial cell,GPR146
skin,Endothelial cell,HAPLN3
skin,Endothelial cell,HERC2P2
skin,Endothelial cell,HERC2P9
skin,Endothelial cell,HSPG2
skin,Endothelial cell,HYAL2
skin,Endothelial cell,ID1
skin,Endothelial cell,IL3RA
skin,Endothelial cell,ITGAM
skin,Endothelial cell,ITGB4
skin,Endothelial cell,JUP
skin,Endothelial cell,KDR
skin,Endothelial cell,LDB2
skin,Endothelial cell,LIMS3
skin,Endothelial cell,LYVE1
skin,Endothelial cell,MALL
skin,Endothelial cell,MATN2
skin,Endothelial cell,MMRN1
skin,Endothelial cell,MMRN2
skin,Endothelial cell,MYCT1
skin,Endothelial cell,NECTIN2
skin,Endothelial cell,NOS3
skin,Endothelial cell,NPDC1
skin,Endothelial cell,PDE2A
skin,Endothelial cell,PDGFA
skin,Endothelial cell,PECAM1
skin,Endothelial cell,PIEZO1
skin,Endothelial cell,PKP4
skin,Endothelial cell,PLA2G4C
skin,Endothelial cell,PLVAP
skin,Endothelial cell,PODXL
skin,Endothelial cell,PPM1F
skin,Endothelial cell,PRCP
skin,Endothelial cell,PTPRB
skin,Endothelial cell,PTPRC
skin,Endothelial cell,RAI14
skin,Endothelial cell,RAMP2
skin,Endothelial cell,RAMP3
skin,Endothelial cell,RASA4
skin,Endothelial cell,RBP1
skin,Endothelial cell,RGL2
skin,Endothelial cell,RGS16
skin,Endothelial cell,RHOJ
skin,Endothelial cell,ROBO4
skin,Endothelial cell,S1PR1
skin,Endothelial cell,SEMA3A
skin,Endothelial cell,SLCO2A1
skin,Endothelial cell,SMAD1
skin,Endothelial cell,SYT15
skin,Endothelial cell,TEK
skin,Endothelial cell,TFPI
skin,Endothelial cell,TGFBR2
skin,Endothelial cell,TGM2
skin,Endothelial cell,THBD
skin,Endothelial cell,TIE1
skin,Endothelial cell,TM4SF18
skin,Endothelial cell,TNFAIP1
skin,Endothelial cell,TSPAN15
skin,Endothelial cell,TSPAN18
skin,Endothelial cell,TSPAN7
skin,Endothelial cell,VE-CADHERIN
skin,Endothelial cell,VEGFR1
skin,Endothelial cell,VEGFR2
skin,Endothelial cell,VWF
skin,Endothelial cell,ZNF521
skin,Epidermal stem cell,CD200
skin,Epidermal stem cell,CD29
skin,Epidermal stem cell,CD34
skin,Epidermal stem cell,CD49F
skin,Epidermal stem cell,CSPG4
skin,Epidermal stem cell,CYTOKERATIN-14
skin,Epidermal stem cell,FRIZZLED-2
skin,Epidermal stem cell,FRIZZLED-3
skin,Epidermal stem cell,FRIZZLED-7
skin,Epidermal stem cell,FST
skin,Epidermal stem cell,INTEGRIN BETA-1
skin,Epidermal stem cell,ITGA7
skin,Epidermal stem cell,ITGB1
skin,Epidermal stem cell,K14
skin,Epidermal stem cell,K15
skin,Epidermal stem cell,KRT14
skin,Epidermal stem cell,KRT15
skin,Epidermal stem cell,MCSP
skin,Epidermal stem cell,NESTIN
skin,Epidermal stem cell,P63
skin,Epidermal stem cell,TCP1
skin,Epidermal stem cell,TENASCIN C
skin,Epidermal stem cell,TP63
skin,Epidermal stem cell,YAP1
skin,Epithelial cell,CD103
skin,Epithelial cell,CD106
skin,Epithelial cell,CD119
skin,Epithelial cell,CD126
skin,Epithelial cell,CD13
skin,Epithelial cell,CD130
skin,Epithelial cell,CD141
skin,Epithelial cell,CD1D
skin,Epithelial cell,CD1D1
skin,Epithelial cell,CD24
skin,Epithelial cell,CD24A
skin,Epithelial cell,CD282
skin,Epithelial cell,CD31
skin,Epithelial cell,CD324
skin,Epithelial cell,CD34
skin,Epithelial cell,CD44
skin,Epithelial cell,CD49B
skin,Epithelial cell,CDH1
skin,Epithelial cell,EPCAM
skin,Epithelial cell,INOS
skin,Epithelial cell,LY6A
skin,Epithelial cell,PECAM1
skin,Epithelial cell,SCA-1
skin,Epithelial cell,TLR2
skin,Keratinocyte,ALDH
skin,Keratinocyte,ALDH3A1
skin,Keratinocyte,ANXA8
skin,Keratinocyte,AQP3
skin,Keratinocyte,CALML5
skin,Keratinocyte,CCL2
skin,Keratinocyte,CD24
skin,Keratinocyte,CD44
skin,Keratinocyte,CD71
skin,Keratinocyte,CK14
skin,Keratinocyte,CXCL1
skin,Keratinocyte,DMKN
skin,Keratinocyte,DSC3
skin,Keratinocyte,ENTPD2
skin,Keratinocyte,FGF5
skin,Keratinocyte,FLG
skin,Keratinocyte,FST
skin,Keratinocyte,GJB3
skin,Keratinocyte,ICAM1
skin,Keratinocyte,IL13RA1
skin,Keratinocyte,INTEGRIN ALPHA-6
skin,Keratinocyte,INTEGRIN BETA-1
skin,Keratinocyte,IRF3
skin,Keratinocyte,ITGA6
skin,Keratinocyte,ITGB1
skin,Keratinocyte,IVL
skin,Keratinocyte,K19
skin,Keratinocyte,K5
skin,Keratinocyte,K8
skin,Keratinocyte,KPRP
skin,Keratinocyte,KRT1
skin,Keratinocyte,KRT10
skin,Keratinocyte,KRT14
skin,Keratinocyte,KRT15
skin,Keratinocyte,KRT16
skin,Keratinocyte,KRT17
skin,Keratinocyte,KRT19
skin,Keratinocyte,KRT36
skin,Keratinocyte,KRT5
skin,Keratinocyte,KRT8
skin,Keratinocyte,KRT84
skin,Keratinocyte,LAMA5
skin,Keratinocyte,LAMC2
skin,Keratinocyte,LCN2
skin,Keratinocyte,LGALS7
skin,Keratinocyte,NGFR
skin,Keratinocyte,PI3
skin,Keratinocyte,PKP1
skin,Keratinocyte,PKP3
skin,Keratinocyte,PLEC
skin,Keratinocyte,REL
skin,Keratinocyte,RIPK4
skin,Keratinocyte,S100A14
skin,Keratinocyte,SBSN
skin,Keratinocyte,SERPINA1C
skin,Keratinocyte,SFN
skin,Keratinocyte,SGPP1
skin,Keratinocyte,SIRT7
skin,Keratinocyte,SPRR1A
skin,Keratinocyte,SPRR1B
skin,Keratinocyte,SPRR2A
skin,Keratinocyte,SPRR2A1
skin,Keratinocyte,TFAP2A
skin,Keratinocyte,TFRC
skin,Keratinocyte,TGM1
skin,Keratinocyte,TRIM29
skin,Langerhans cell,ACHE
skin,Langerhans cell,AHR
skin,Langerhans cell,CCR6
skin,Langerhans cell,CD1A
skin,Langerhans cell,CD1D1
skin,Langerhans cell,CD207
skin,Langerhans cell,CD80
skin,Langerhans cell,CLDN1
skin,Langerhans cell,DEFB103A
skin,Langerhans cell,DEFB3
skin,Langerhans cell,EHF
skin,Langerhans cell,EPCAM
skin,Langerhans cell,FCGR1A
skin,Langerhans cell,FCGR2A
skin,Langerhans cell,FCGR2B
skin,Langerhans cell,GPNMB
skin,Langerhans cell,HLA-DMA
skin,Langerhans cell,HLA-DMB
skin,Langerhans cell,HLA-DQA1
skin,Langerhans cell,HLA-DQA2
skin,Langerhans cell,HLA-DQB1
skin,Langerhans cell,HLA-DQB2
skin,Langerhans cell,HLA-DQB3
skin,Langerhans cell,HLA-DRA
skin,Langerhans cell,HLA-DRB1
skin,Langerhans cell,HLA-DRB5
skin,Langerhans cell,HLA-DRB6
skin,Langerhans cell,HLA-DRB9
skin,Langerhans cell,ITGAX
skin,Langerhans cell,LY75
skin,Langerhans cell,PRKCB
skin,Langerhans cell,PTPRC
skin,Langerhans cell,TLR2
skin,Langerhans cell,TLR4
skin,Langerhans cell,TLR9
skin,Langerhans cell,TNFSF11
skin,Langerhans cell,TNFSF8
skin,Macrophage,ACSL1
skin,Macrophage,ADAP2
skin,Macrophage,AIF1
skin,Macrophage,APOC1
skin,Macrophage,BCL2A1
skin,Macrophage,BCL2A1A
skin,Macrophage,C1ORF162
skin,Macrophage,C1QA
skin,Macrophage,C1QB
skin,Macrophage,C1QC
skin,Macrophage,C3AR1
skin,Macrophage,C5AR1
skin,Macrophage,CCR1
skin,Macrophage,CD14
skin,Macrophage,CD163
skin,Macrophage,CD300E
skin,Macrophage,CD68
skin,Macrophage,CD86
skin,Macrophage,CLEC4A
skin,Macrophage,CLEC7A
skin,Macrophage,CPVL
skin,Macrophage,CSF1R
skin,Macrophage,CSF3R
skin,Macrophage,CSTA
skin,Macrophage,CSTA1
skin,Macrophage,CXCL16
skin,Macrophage,F13A1
skin,Macrophage,FCER1G
skin,Macrophage,FCGR1A
skin,Macrophage,FCGR1BP
skin,Macrophage,FCGR1CP
skin,Macrophage,FCGR2A
skin,Macrophage,FCGR2B
skin,Macrophage,FCGR3A
skin,Macrophage,FCGR4
skin,Macrophage,FGL2
skin,Macrophage,FGR
skin,Macrophage,FPR1
skin,Macrophage,FPR3
skin,Macrophage,FTL
skin,Macrophage,FTL1
skin,Macrophage,FTL2-PS
skin,Macrophage,GK
skin,Macrophage,GLUL
skin,Macrophage,GPX1
skin,Macrophage,HCK
skin,Macrophage,HK3
skin,Macrophage,IFI211
skin,Macrophage,IFI30
skin,Macrophage,IGSF6
skin,Macrophage,IL18
skin,Macrophage,IL4I1
skin,Macrophage,ITGAM
skin,Macrophage,ITGAX
skin,Macrophage,LILRA1
skin,Macrophage,LILRA5
skin,Macrophage,LILRA6
skin,Macrophage,LILRB2
skin,Macrophage,LILRB4
skin,Macrophage,LILRB4A
skin,Macrophage,LIPA
skin,Macrophage,LRRC25
skin,Macrophage,LST1
skin,Macrophage,LYZ
skin,Macrophage,LYZ1
skin,Macrophage,MAFB
skin,Macrophage,MNDA
skin,Macrophage,MS4A4A
skin,Macrophage,MS4A6A
skin,Macrophage,MS4A7
skin,Macrophage,MSR1
skin,Macrophage,NCF2
skin,Macrophage,NINJ1
skin,Macrophage,NLRP3
skin,Macrophage,NPL
skin,Macrophage,OLR1
skin,Macrophage,PILRA
skin,Macrophage,PLAUR
skin,Macrophage,PLBD1
skin,Macrophage,PLIN2
skin,Macrophage,PTAFR
skin,Macrophage,RAB20
skin,Macrophage,RASSF4
skin,Macrophage,RNF144B
skin,Macrophage,S100A9
skin,Macrophage,SERPINA1
skin,Macrophage,SIGLEC1
skin,Macrophage,SIGLEC9
skin,Macrophage,SIRPB1
skin,Macrophage,SIRPB1A
skin,Macrophage,SLAMF8
skin,Macrophage,SLC11A1
skin,Macrophage,SLC31A2
skin,Macrophage,SLC7A7
skin,Macrophage,SLCO2B1
skin,Macrophage,SPP1
skin,Macrophage,TBXAS1
skin,Macrophage,TLR2
skin,Macrophage,TNFSF13
skin,Macrophage,TYMP
skin,Macrophage,TYROBP
skin,Macrophage,VSIG4
skin,Melanocyte,AHNAK2
skin,Melanocyte,AHR
skin,Melanocyte,BMI1
skin,Melanocyte,BNC2
skin,Melanocyte,CCN5
skin,Melanocyte,CRABP1
skin,Melanocyte,CTNS
skin,Melanocyte,DCT
skin,Melanocyte,DKK3
skin,Melanocyte,ENPP1
skin,Melanocyte,FILIP1L
skin,Melanocyte,GPNMB
skin,Melanocyte,HSPB1
skin,Melanocyte,IL24
skin,Melanocyte,KLC2
skin,Melanocyte,LOXL2
skin,Melanocyte,MC1R
skin,Melanocyte,MEN1
skin,Melanocyte,MITF
skin,Melanocyte,MLANA
skin,Melanocyte,PAX3
skin,Melanocyte,PMEL
skin,Melanocyte,POMC
skin,Melanocyte,PPARA
skin,Melanocyte,PPARD
skin,Melanocyte,PPARG
skin,Melanocyte,PRKCA
skin,Melanocyte,PRKN
skin,Melanocyte,PTGDS
skin,Melanocyte,PTN
skin,Melanocyte,RAB38
skin,Melanocyte,SERPINB1A
skin,Melanocyte,SLC45A2
skin,Melanocyte,SLK
skin,Melanocyte,SOX9
skin,Melanocyte,TCP1
skin,Melanocyte,TFAP2A
skin,Melanocyte,TP63
skin,Melanocyte,TPH2
skin,Melanocyte,TRPM1
skin,Melanocyte,TYR
skin,Melanocyte,TYRP1
skin,Melanocyte,ZC3H7A
skin,Merkel cell,ATOH1
skin,Merkel cell,CD99
skin,Merkel cell,CHGA
skin,Merkel cell,CYTOKERATIN-18
skin,Merkel cell,CYTOKERATIN-20
skin,Merkel cell,FLI1
skin,Merkel cell,GFI1
skin,Merkel cell,GNAI1
skin,Merkel cell,ID2
skin,Merkel cell,KRT18
skin,Merkel cell,KRT20
skin,Merkel cell,KRT8
skin,Merkel cell,NCAM
skin,Merkel cell,NCAM1
skin,Merkel cell,PIEZO2
skin,Merkel cell,POU4F3
skin,Merkel cell,SOX2
skin,Merkel cell,TRPV4
skin,Merkel cell,TTF1
skin,Merkel cell,VIL1
skin,Mesenchymal stem cell,CD105
skin,Mesenchymal stem cell,CD34
skin,Mesenchymal stem cell,CD44
skin,Mesenchymal stem cell,CD73
skin,Mesenchymal stem cell,CD90
skin,Mesenchymal stem cell,ENG
skin,Mesenchymal stem cell,HLA-ABC
skin,Mesenchymal stem cell,HLA-DR
skin,Mesenchymal stem cell,NT5E
skin,Mesenchymal stem cell,THY1
skin,Neural crest stem cell,CD271
skin,Neural crest stem cell,CD49D
skin,Neural crest stem cell,CHST10
skin,Neural crest stem cell,HNK1
skin,Neural crest stem cell,ITGA4
skin,Neural crest stem cell,NGFR
skin,Sebocyte,ADIPOR1
skin,Sebocyte,ANGPTL4
skin,Sebocyte,CALCA
skin,Sebocyte,CAMP
skin,Sebocyte,CDH1
skin,Sebocyte,CEBPA
skin,Sebocyte,CEBPB
skin,Sebocyte,CNR2
skin,Sebocyte,CRH
skin,Sebocyte,CRHR1
skin,Sebocyte,CYP24A1
skin,Sebocyte,EXO1
skin,Sebocyte,F2RL1
skin,Sebocyte,FFAR2
skin,Sebocyte,FFAR3
skin,Sebocyte,HRH1
skin,Sebocyte,IHH
skin,Sebocyte,KLF5
skin,Sebocyte,KRT7
skin,Sebocyte,LTA4H
skin,Sebocyte,MUC1
skin,Sebocyte,PTGER2
skin,Sebocyte,RDH12
skin,Sebocyte,S100A7
skin,Sebocyte,SRD5A2
skin,Stem cell,BETA-CATENIN
skin,Stem cell,CD200
skin,Stem cell,CD34
skin,Stem cell,CTNNB1
skin,Stem cell,CYTOKERATIN-15
skin,Stem cell,CYTOKERATIN-19
skin,Stem cell,KERATIN 15
skin,Stem cell,KRT15
skin,Stem cell,KRT19
skin,Stem cell,LGR5
skin,Stem cell,LRIG1
skin,Stem cell,NES
skin,Stem cell,NESTIN
skin,Stem cell,SOX9
skin,Stem cell,TCF4
skin,T cell,APOBEC3G
skin,T cell,CBLB
skin,T cell,CCL5
skin,T cell,CD2
skin,T cell,CD247
skin,T cell,CD25
skin,T cell,CD28
skin,T cell,CD3D
skin,T cell,CD3E
skin,T cell,CD3G
skin,T cell,CD44
skin,T cell,CD6
skin,T cell,CD7
skin,T cell,CD8A
skin,T cell,CD96
skin,T cell,CST7
skin,T cell,FYN
skin,T cell,GZMK
skin,T cell,IFI209
skin,T cell,IL-2
skin,T cell,IL2
skin,T cell,IL2RA
skin,T cell,IL2RB
skin,T cell,IL32
skin,T cell,ITK
skin,T cell,KLRK1
skin,T cell,LAT
skin,T cell,LCK
skin,T cell,NKG7
skin,T cell,PRDM1
skin,T cell,PRF1
skin,T cell,PYHIN1
skin,T cell,SH2D1A
skin,T cell,SH2D2A
skin,T cell,SIRPG
skin,T cell,SKAP1
skin,T cell,SLA2
skin,T cell,SPOCK2
skin,T cell,STAT4
skin,T cell,TC2N
skin,T cell,TCF7
skin,T cell,TIGIT
skin,T cell,TOX
skin,T cell,ZAP70
skin,Trichocyte,DSG2
skin,Trichocyte,DSG4
skin,Trichocyte,HOXC13
skin,Trichocyte,KRT37
skin,Trichocyte,KRT81
skin,Trichocyte,KRT86
spleen,B cell,B3GAT1
spleen,B cell,BACH2
spleen,B cell,BANK1
spleen,B cell,BCL11A
spleen,B cell,BIRC3
spleen,B cell,BLNK
spleen,B cell,BST1
spleen,B cell,BTLA
spleen,B cell,CCR7
spleen,B cell,CD14
spleen,B cell,CD19
spleen,B cell,CD2
spleen,B cell,CD22
spleen,B cell,CD24
spleen,B cell,CD27
spleen,B cell,CD37
spleen,B cell,CD38
spleen,B cell,CD40
spleen,B cell,CD5
spleen,B cell,CD52
spleen,B cell,CD55
spleen,B cell,CD69
spleen,B cell,CD70
spleen,B cell,CD72
spleen,B cell,CD74
spleen,B cell,CD79A
spleen,B cell,CD79B
spleen,B cell,CD80
spleen,B cell,CD86
spleen,B cell,CMAH
spleen,B cell,CMAHP
spleen,B cell,CR2
spleen,B cell,CRELD2
spleen,B cell,CXCR4
spleen,B cell,DERL3
spleen,B cell,DNTT
spleen,B cell,DOK3
spleen,B cell,EAF2
spleen,B cell,EBF1
spleen,B cell,EDEM1
spleen,B cell,EDEM2
spleen,B cell,FAM129C
spleen,B cell,FAM46C
spleen,B cell,FCER2
spleen,B cell,FCER2A
spleen,B cell,FCHSD2
spleen,B cell,FCMR
spleen,B cell,FCRL1
spleen,B cell,FCRL2
spleen,B cell,FCRLA
spleen,B cell,FCRLB
spleen,B cell,FKBP11
spleen,B cell,FLI1
spleen,B cell,H2-DMB2
spleen,B cell,H2-OA
spleen,B cell,H2-OB
spleen,B cell,HLA-DQA1
spleen,B cell,HLA-DRA
spleen,B cell,HMGA1
spleen,B cell,HVCN1
spleen,B cell,IFIT3
spleen,B cell,IGHA
spleen,B cell,IGHD
spleen,B cell,IGHG1
spleen,B cell,IGHG3
spleen,B cell,IGHG4
spleen,B cell,IGHM
spleen,B cell,IGKC
spleen,B cell,IGLC1
spleen,B cell,IGLC2
spleen,B cell,IGLC3
spleen,B cell,IGLL1
spleen,B cell,IGLV1
spleen,B cell,IL21R
spleen,B cell,JCHAIN
spleen,B cell,KLHL6
spleen,B cell,LAIR1
spleen,B cell,LRMP
spleen,B cell,LTB
spleen,B cell,LY6D
spleen,B cell,MME
spleen,B cell,MS4A1
spleen,B cell,MSH5
spleen,B cell,MUM1
spleen,B cell,MZB1
spleen,B cell,PAX5
spleen,B cell,PDCD1
spleen,B cell,POLD4
spleen,B cell,POU2AF1
spleen,B cell,PTPRC
spleen,B cell,PXK
spleen,B cell,RALGPS2
spleen,B cell,RASGRP3
spleen,B cell,SCD1
spleen,B cell,SDC1
spleen,B cell,SEC61A1
spleen,B cell,SEMA6D
spleen,B cell,SIGLECG
spleen,B cell,SLAMF6
spleen,B cell,SMAP2
spleen,B cell,SPCS3
spleen,B cell,SPIB
spleen,B cell,SPN
spleen,B cell,SWAP70
spleen,B cell,TLR9
spleen,B cell,TNFRSF13B
spleen,B cell,TNFRSF13C
spleen,B cell,TNFRSF17
spleen,B cell,TNFRSF9
spleen,B cell,TNFSF4
spleen,B cell,TRP53INP1
spleen,B cell,TXNDC11
spleen,B cell,VPREB1
spleen,B cell,VPREB2
spleen,B cell,VPREB3
spleen,Dendritic cell,ADAM19
spleen,Dendritic cell,ADGRE1
spleen,Dendritic cell,ADGRG5
spleen,Dendritic cell,AIF1
spleen,Dendritic cell,AMICA1
spleen,Dendritic cell,ANXA1
spleen,Dendritic cell,AP1S3
spleen,Dendritic cell,ARG1
spleen,Dendritic cell,ASS1
spleen,Dendritic cell,AXL
spleen,Dendritic cell,BATF3
spleen,Dendritic cell,BTLA
spleen,Dendritic cell,C1ORF54
spleen,Dendritic cell,CADM1
spleen,Dendritic cell,CAMK2D
spleen,Dendritic cell,CCL17
spleen,Dendritic cell,CCL22
spleen,Dendritic cell,CCR2
spleen,Dendritic cell,CCR7
spleen,Dendritic cell,CD14
spleen,Dendritic cell,CD163
spleen,Dendritic cell,CD180
spleen,Dendritic cell,CD19
spleen,Dendritic cell,CD1A
spleen,Dendritic cell,CD1B
spleen,Dendritic cell,CD1C
spleen,Dendritic cell,CD1D1
spleen,Dendritic cell,CD1D2
spleen,Dendritic cell,CD207
spleen,Dendritic cell,CD209
spleen,Dendritic cell,CD209A
spleen,Dendritic cell,CD209B
spleen,Dendritic cell,CD22
spleen,Dendritic cell,CD28
spleen,Dendritic cell,CD83
spleen,Dendritic cell,CD86
spleen,Dendritic cell,CD8A
spleen,Dendritic cell,CLEC10A
spleen,Dendritic cell,CLEC7A
spleen,Dendritic cell,CLEC9A
spleen,Dendritic cell,CR2
spleen,Dendritic cell,CTSS
spleen,Dendritic cell,CX3CR1
spleen,Dendritic cell,CXCL16
spleen,Dendritic cell,CXCL8
spleen,Dendritic cell,CXCR3
spleen,Dendritic cell,CXCR4
spleen,Dendritic cell,DAB2
spleen,Dendritic cell,DNASE1L3
spleen,Dendritic cell,DPP4
spleen,Dendritic cell,EAR2
spleen,Dendritic cell,ETV6
spleen,Dendritic cell,FABP4
spleen,Dendritic cell,FCER1A
spleen,Dendritic cell,FCGR2B
spleen,Dendritic cell,FCGR3A
spleen,Dendritic cell,FCGR4
spleen,Dendritic cell,FGD2
spleen,Dendritic cell,FLT3
spleen,Dendritic cell,FTL
spleen,Dendritic cell,FTL1
spleen,Dendritic cell,FTL2-PS
spleen,Dendritic cell,GPR132
spleen,Dendritic cell,GPR68
spleen,Dendritic cell,H2-AB1
spleen,Dendritic cell,H2-DMA
spleen,Dendritic cell,H2-EB1
spleen,Dendritic cell,H2-EB2
spleen,Dendritic cell,H2-M2
spleen,Dendritic cell,H2AFY
spleen,Dendritic cell,HCK
spleen,Dendritic cell,HFE
spleen,Dendritic cell,HLA-A
spleen,Dendritic cell,HLA-B
spleen,Dendritic cell,HLA-C
spleen,Dendritic cell,HLA-DMA
spleen,Dendritic cell,HLA-DMB
spleen,Dendritic cell,HLA-DPA1
spleen,Dendritic cell,HLA-DPB1
spleen,Dendritic cell,HLA-DQA1
spleen,Dendritic cell,HLA-DQB1
spleen,Dendritic cell,HLA-DRA
spleen,Dendritic cell,HLA-DRB1
spleen,Dendritic cell,HLA-DRB5
spleen,Dendritic cell,IFITM6
spleen,Dendritic cell,IRF8
spleen,Dendritic cell,ITGAE
spleen,Dendritic cell,ITGAM
spleen,Dendritic cell,ITGAX
spleen,Dendritic cell,KIT
spleen,Dendritic cell,KLRI1
spleen,Dendritic cell,KMO
spleen,Dendritic cell,LAMP3
spleen,Dendritic cell,LGALS3
spleen,Dendritic cell,LILRB2
spleen,Dendritic cell,LST1
spleen,Dendritic cell,LY75
spleen,Dendritic cell,LYZ
spleen,Dendritic cell,LYZ1
spleen,Dendritic cell,NAAA
spleen,Dendritic cell,NAPSA
spleen,Dendritic cell,NR2F6
spleen,Dendritic cell,NR4A3
spleen,Dendritic cell,P2RY10
spleen,Dendritic cell,PDCD1LG2
spleen,Dendritic cell,PDPN
spleen,Dendritic cell,PLAC8
spleen,Dendritic cell,PLBD1
spleen,Dendritic cell,PPL
spleen,Dendritic cell,PPP1R14A
spleen,Dendritic cell,PTPRC
spleen,Dendritic cell,RAB30
spleen,Dendritic cell,RAB7B
spleen,Dendritic cell,RELB
spleen,Dendritic cell,RETNLA
spleen,Dendritic cell,RNASE6
spleen,Dendritic cell,RYR1
spleen,Dendritic cell,S100A4
spleen,Dendritic cell,S100A8
spleen,Dendritic cell,S100A9
spleen,Dendritic cell,S100B
spleen,Dendritic cell,SCIMP
spleen,Dendritic cell,SEMA4A
spleen,Dendritic cell,SERPINA1
spleen,Dendritic cell,SERPINB9
spleen,Dendritic cell,SIGLEC6
spleen,Dendritic cell,SIRPA
spleen,Dendritic cell,SLAMF7
spleen,Dendritic cell,SLAMF8
spleen,Dendritic cell,SLC11A1
spleen,Dendritic cell,SLURP1
spleen,Dendritic cell,TLR3
spleen,Dendritic cell,TLR9
spleen,Dendritic cell,TRAF1
spleen,Dendritic cell,TREM2
spleen,Dendritic cell,VCAN
spleen,Dendritic cell,VSIG4
spleen,Dendritic cell,XCR1
spleen,Dendritic cell,ZBTB46
spleen,Erythroblast,AK2
spleen,Erythroblast,ALAD
spleen,Erythroblast,ANAPC5
spleen,Erythroblast,ANP32B
spleen,Erythroblast,AQP1
spleen,Erythroblast,ASNS
spleen,Erythroblast,ATP5G1
spleen,Erythroblast,ATP5IF1
spleen,Erythroblast,ATP5MC1
spleen,Erythroblast,ATP6V1G1
spleen,Erythroblast,ATPIF1
spleen,Erythroblast,BIRC5
spleen,Erythroblast,BLVRB
spleen,Erythroblast,BSG
spleen,Erythroblast,C1QTNF12
spleen,Erythroblast,CA1
spleen,Erythroblast,CA2
spleen,Erythroblast,CACYBP
spleen,Erythroblast,CAR1
spleen,Erythroblast,CAR2
spleen,Erythroblast,CCT3
spleen,Erythroblast,CCT4
spleen,Erythroblast,CDK4
spleen,Erythroblast,CENPA
spleen,Erythroblast,CKS2
spleen,Erythroblast,COX17
spleen,Erythroblast,CYC1
spleen,Erythroblast,DEK
spleen,Erythroblast,DUT
spleen,Erythroblast,EIF3M
spleen,Erythroblast,EMC6
spleen,Erythroblast,ERH
spleen,Erythroblast,ETFB
spleen,Erythroblast,FBL
spleen,Erythroblast,GCLM
spleen,Erythroblast,GLRX5
spleen,Erythroblast,GM12350
spleen,Erythroblast,GM8203
spleen,Erythroblast,GPX4
spleen,Erythroblast,GTF2H5
spleen,Erythroblast,HBA-A1
spleen,Erythroblast,HEBP1
spleen,Erythroblast,HMBS
spleen,Erythroblast,HMGB2
spleen,Erythroblast,HMGB3
spleen,Erythroblast,HMGN2
spleen,Erythroblast,KLF1
spleen,Erythroblast,LSM6
spleen,Erythroblast,LSM8
spleen,Erythroblast,MCM6
spleen,Erythroblast,MCM7
spleen,Erythroblast,MPC1
spleen,Erythroblast,MRFAP1
spleen,Erythroblast,MRPL14
spleen,Erythroblast,MRPL17
spleen,Erythroblast,MRPL20
spleen,Erythroblast,MRPL21
spleen,Erythroblast,MRPL42
spleen,Erythroblast,MRPL51
spleen,Erythroblast,NDUFA12
spleen,Erythroblast,NDUFB2
spleen,Erythroblast,NDUFB3
spleen,Erythroblast,NDUFB4
spleen,Erythroblast,NDUFB6
spleen,Erythroblast,NDUFB9
spleen,Erythroblast,NDUFC1
spleen,Erythroblast,NHP2
spleen,Erythroblast,NR1I3
spleen,Erythroblast,NUDT19
spleen,Erythroblast,OAZ1-PS
spleen,Erythroblast,PABPC4
spleen,Erythroblast,PCNA
spleen,Erythroblast,PDAP1
spleen,Erythroblast,PET100
spleen,Erythroblast,PFDN1
spleen,Erythroblast,PHB
spleen,Erythroblast,PHB2
spleen,Erythroblast,PHF5A
spleen,Erythroblast,POLR2I
spleen,Erythroblast,POLR2J
spleen,Erythroblast,POLR2L
spleen,Erythroblast,PPM1G
spleen,Erythroblast,PRDX2
spleen,Erythroblast,PRDX6
spleen,Erythroblast,PSMA5
spleen,Erythroblast,PSMC3
spleen,Erythroblast,PSMD13
spleen,Erythroblast,PSMD5
spleen,Erythroblast,RHD
spleen,Erythroblast,RPA3
spleen,Erythroblast,RPL18-PS2
spleen,Erythroblast,RPS10-PS1
spleen,Erythroblast,RPS27L
spleen,Erythroblast,RRM2
spleen,Erythroblast,RTRAF
spleen,Erythroblast,SIVA1
spleen,Erythroblast,SKP1
spleen,Erythroblast,SNHG3
spleen,Erythroblast,SNRPA1
spleen,Erythroblast,SNRPD1
spleen,Erythroblast,SPC24
spleen,Erythroblast,SRSF6
spleen,Erythroblast,SSB
spleen,Erythroblast,SSR2
spleen,Erythroblast,SSRP1
spleen,Erythroblast,STMN1
spleen,Erythroblast,TAF12
spleen,Erythroblast,TCP1
spleen,Erythroblast,TIMM50
spleen,Erythroblast,TMEM14C
spleen,Erythroblast,TOMM7
spleen,Erythroblast,TUBA1B
spleen,Erythroblast,TUBA4A
spleen,Erythroblast,TUBB4B
spleen,Erythroblast,UBE2C
spleen,Erythroblast,UQCRC1
spleen,Erythroblast,VDAC3
spleen,Granulocyte,CCL6
spleen,Granulocyte,CCR3
spleen,Granulocyte,CD11B
spleen,Granulocyte,CD19
spleen,Granulocyte,CD193
spleen,Granulocyte,CD3
spleen,Granulocyte,CD3D
spleen,Granulocyte,CD3E
spleen,Granulocyte,CD3G
spleen,Granulocyte,CD49B
spleen,Granulocyte,IL1B
spleen,Granulocyte,ITGAM
spleen,Granulocyte,KLRB1C
spleen,Granulocyte,LY6C
spleen,Granulocyte,LY6C1
spleen,Granulocyte,LY6G
spleen,Granulocyte,MSRB1
spleen,Granulocyte,NK1.1
spleen,Granulocyte,RETNLG
spleen,Granulocyte,S100A6
spleen,Granulocyte,SIGLEC-F
spleen,Granulocyte,SLPI
spleen,Lymphocyte,CD19
spleen,Lymphocyte,CD3
spleen,Lymphocyte,CD3D
spleen,Lymphocyte,CD3E
spleen,Lymphocyte,CD3G
spleen,Lymphocyte,KLRB1C
spleen,Lymphocyte,NK1.1
spleen,Macrophage,AA
spleen,Macrophage,ADAM8
spleen,Macrophage,ADAMTS10
spleen,Macrophage,ADGRE1
spleen,Macrophage,ADGRE4
spleen,Macrophage,ADGRE5
spleen,Macrophage,AHR
spleen,Macrophage,AIF1
spleen,Macrophage,AKR1B3
spleen,Macrophage,ARL11
spleen,Macrophage,C3AR1
spleen,Macrophage,C5AR1
spleen,Macrophage,CCL12
spleen,Macrophage,CCL2
spleen,Macrophage,CCL22
spleen,Macrophage,CCL24
spleen,Macrophage,CCL3
spleen,Macrophage,CCL5
spleen,Macrophage,CCL6
spleen,Macrophage,CCL7
spleen,Macrophage,CCL9
spleen,Macrophage,CCR2
spleen,Macrophage,CCR5
spleen,Macrophage,CCR7
spleen,Macrophage,CD14
spleen,Macrophage,CD163
spleen,Macrophage,CD180
spleen,Macrophage,CD19
spleen,Macrophage,CD200
spleen,Macrophage,CD200R1
spleen,Macrophage,CD209A
spleen,Macrophage,CD209F
spleen,Macrophage,CD300A
spleen,Macrophage,CD33
spleen,Macrophage,CD36
spleen,Macrophage,CD3E
spleen,Macrophage,CD5L
spleen,Macrophage,CD68
spleen,Macrophage,CD74
spleen,Macrophage,CD80
spleen,Macrophage,CD83
spleen,Macrophage,CD86
spleen,Macrophage,CHIT1
spleen,Macrophage,CLEC10A
spleen,Macrophage,CLEC4A1
spleen,Macrophage,CLEC4A2
spleen,Macrophage,CLEC4A3
spleen,Macrophage,CLEC4D
spleen,Macrophage,CLEC4N
spleen,Macrophage,CLEC7A
spleen,Macrophage,CPM
spleen,Macrophage,CSF1R
spleen,Macrophage,CTSK
spleen,Macrophage,CX3CR1
spleen,Macrophage,CXCL1
spleen,Macrophage,CXCL16
spleen,Macrophage,CXCL2
spleen,Macrophage,CYBB
spleen,Macrophage,CYP27A1
spleen,Macrophage,CYTH4
spleen,Macrophage,DAB2
spleen,Macrophage,DSE1L3
spleen,Macrophage,DUSP5
spleen,Macrophage,EGLN3
spleen,Macrophage,F13A1
spleen,Macrophage,FABP4
spleen,Macrophage,FCGR1
spleen,Macrophage,FCGR1A
spleen,Macrophage,FCGR3A
spleen,Macrophage,FCGR4
spleen,Macrophage,FGD2
spleen,Macrophage,FGL2
spleen,Macrophage,FGR
spleen,Macrophage,FMNL1
spleen,Macrophage,FPR1
spleen,Macrophage,FUT4
spleen,Macrophage,GATA6
spleen,Macrophage,GDF15
spleen,Macrophage,GPNMB
spleen,Macrophage,GPR132
spleen,Macrophage,GPR171
spleen,Macrophage,GPR34
spleen,Macrophage,H2-AB1
spleen,Macrophage,H2-DMA
spleen,Macrophage,H2-EB1
spleen,Macrophage,HFE
spleen,Macrophage,HILPDA
spleen,Macrophage,HPGD
spleen,Macrophage,HPGDS
spleen,Macrophage,IFR2
spleen,Macrophage,IL1B
spleen,Macrophage,IL4RA
spleen,Macrophage,IRF5
spleen,Macrophage,ITGAL
spleen,Macrophage,ITGAX
spleen,Macrophage,JAML
spleen,Macrophage,LGALS3
spleen,Macrophage,LILR4B
spleen,Macrophage,LILRA5
spleen,Macrophage,LILRB4
spleen,Macrophage,LILRB4A
spleen,Macrophage,LILRB4B
spleen,Macrophage,LPCAT2
spleen,Macrophage,LY6C1
spleen,Macrophage,LYVE1
spleen,Macrophage,LYZ1
spleen,Macrophage,LYZ2
spleen,Macrophage,MAF
spleen,Macrophage,MGL2
spleen,Macrophage,MMP12
spleen,Macrophage,MMP9
spleen,Macrophage,MRC1
spleen,Macrophage,MS4A4A
spleen,Macrophage,MS4A6A
spleen,Macrophage,MS4A7
spleen,Macrophage,MYO1G
spleen,Macrophage,NCEH1
spleen,Macrophage,NR4A3
spleen,Macrophage,NRP2
spleen,Macrophage,P2RY6
spleen,Macrophage,PARP14
spleen,Macrophage,PLTP
spleen,Macrophage,PPARG
spleen,Macrophage,RAB20
spleen,Macrophage,RAB7B
spleen,Macrophage,RBPJ
spleen,Macrophage,RETNLA
spleen,Macrophage,RGS1
spleen,Macrophage,RUNX3
spleen,Macrophage,S100A4
spleen,Macrophage,S100A8
spleen,Macrophage,SAMSN1
spleen,Macrophage,SCIMP
spleen,Macrophage,SEPP1
spleen,Macrophage,SIGLECF
spleen,Macrophage,SLAMF7
spleen,Macrophage,SLAMF9
spleen,Macrophage,SLC11A1
spleen,Macrophage,SLC15A3
spleen,Macrophage,SLC37A2
spleen,Macrophage,SLC7A7
spleen,Macrophage,SLCO2B1
spleen,Macrophage,SNX20
spleen,Macrophage,STAB1
spleen,Macrophage,SYK
spleen,Macrophage,TGFBR1
spleen,Macrophage,TLR2
spleen,Macrophage,TLR4
spleen,Macrophage,TNF
spleen,Macrophage,TREM2
spleen,Macrophage,TREML4
spleen,Macrophage,TYROBP
spleen,Macrophage,UCP2
spleen,Macrophage,VSIG4
spleen,Macrophage,WFDC17
spleen,Monocyte,2310061I04RIK
spleen,Monocyte,CTSS
spleen,Monocyte,FCN1
spleen,Monocyte,FCNA
spleen,Monocyte,IFI211
spleen,Monocyte,LYZ
spleen,Monocyte,LYZ1
spleen,Monocyte,MNDA
spleen,Monocyte,NEAT1
spleen,Monocyte,PSAP
spleen,Monocyte,S100A9
spleen,Monocyte,SERPINA1
spleen,Monocyte,TYROBP
spleen,Natural killer cell,0610007C21RIK_APR3
spleen,Natural killer cell,1810046J19RIK
spleen,Natural killer cell,2310011J03RIK
spleen,Natural killer cell,2610001J05RIK
spleen,Natural killer cell,2810002N01RIK
spleen,Natural killer cell,2810405K02RIK
spleen,Natural killer cell,6330512M04RIK
spleen,Natural killer cell,ACOT7
spleen,Natural killer cell,ADAM19
spleen,Natural killer cell,AGPAT3
spleen,Natural killer cell,AK041614
spleen,Natural killer cell,AK204443
spleen,Natural killer cell,ANAPC4
spleen,Natural killer cell,APOB48R
spleen,Natural killer cell,APOBR
spleen,Natural killer cell,ARF3
spleen,Natural killer cell,ATP6V0A2
spleen,Natural killer cell,AUH
spleen,Natural killer cell,B144
spleen,Natural killer cell,BAG6
spleen,Natural killer cell,BAIAP3
spleen,Natural killer cell,BAT2D
spleen,Natural killer cell,BAT3
spleen,Natural killer cell,BC005624
spleen,Natural killer cell,CAPG
spleen,Natural killer cell,CD27
spleen,Natural killer cell,CD300C
spleen,Natural killer cell,CD4
spleen,Natural killer cell,CD6
spleen,Natural killer cell,CD72
spleen,Natural killer cell,CD8A
spleen,Natural killer cell,CHD8
spleen,Natural killer cell,CLEC10A
spleen,Natural killer cell,CNOT8
spleen,Natural killer cell,COA8
spleen,Natural killer cell,COBRA1
spleen,Natural killer cell,CYTH4
spleen,Natural killer cell,DALRD3
spleen,Natural killer cell,DDX28
spleen,Natural killer cell,DDX50
spleen,Natural killer cell,DENND1C
spleen,Natural killer cell,DERA
spleen,Natural killer cell,DGKA
spleen,Natural killer cell,DIS3L2
spleen,Natural killer cell,DTX1
spleen,Natural killer cell,EFHD2
spleen,Natural killer cell,EIF3L
spleen,Natural killer cell,ELK4
spleen,Natural killer cell,EMG1
spleen,Natural killer cell,EPSTI1
spleen,Natural killer cell,ERCC3
spleen,Natural killer cell,FAF2
spleen,Natural killer cell,FAM117A
spleen,Natural killer cell,FAM189B_1110013L07RIK
spleen,Natural killer cell,FBXO7
spleen,Natural killer cell,FFAR2
spleen,Natural killer cell,FOLR4
spleen,Natural killer cell,GALNT2
spleen,Natural killer cell,GANAB
spleen,Natural killer cell,GFM1
spleen,Natural killer cell,GIMAP1
spleen,Natural killer cell,GSTT2
spleen,Natural killer cell,GTF2A2
spleen,Natural killer cell,GZMA
spleen,Natural killer cell,H2-M2
spleen,Natural killer cell,H4
spleen,Natural killer cell,H4_TCRB
spleen,Natural killer cell,HEXB
spleen,Natural killer cell,HOPX
spleen,Natural killer cell,IFITM10
spleen,Natural killer cell,IKZF3
spleen,Natural killer cell,IPO11
spleen,Natural killer cell,IZUMO1R
spleen,Natural killer cell,KCTD10
spleen,Natural killer cell,KIF21B
spleen,Natural killer cell,KLRB1C
spleen,Natural killer cell,LARS2
spleen,Natural killer cell,LMO4
spleen,Natural killer cell,LRRC47
spleen,Natural killer cell,MAD2L1BP
spleen,Natural killer cell,MGRN1_MKIAA0544
spleen,Natural killer cell,MIEN1
spleen,Natural killer cell,NELFB
spleen,Natural killer cell,NFATC3
spleen,Natural killer cell,NIN
spleen,Natural killer cell,NK1.1
spleen,Natural killer cell,NKP46
spleen,Natural killer cell,NRBP1
spleen,Natural killer cell,OTUD5
spleen,Natural killer cell,PARP3
spleen,Natural killer cell,PCBP2
spleen,Natural killer cell,PIK3CD
spleen,Natural killer cell,PLEC
spleen,Natural killer cell,PNRC1
spleen,Natural killer cell,POP4
spleen,Natural killer cell,PPP1R14B
spleen,Natural killer cell,PRPF6
spleen,Natural killer cell,PRR14
spleen,Natural killer cell,PRRC2C
spleen,Natural killer cell,PRXL2B
spleen,Natural killer cell,PSMC1
spleen,Natural killer cell,RAB43
spleen,Natural killer cell,RAD50
spleen,Natural killer cell,RAF1
spleen,Natural killer cell,RHOF
spleen,Natural killer cell,RIOK3
spleen,Natural killer cell,RNF115
spleen,Natural killer cell,SARS
spleen,Natural killer cell,SARS1
spleen,Natural killer cell,SARS2
spleen,Natural killer cell,SCAF1
spleen,Natural killer cell,SCAMP3
spleen,Natural killer cell,SCAND1
spleen,Natural killer cell,SDHC
spleen,Natural killer cell,SELPLG
spleen,Natural killer cell,SEMA4D
spleen,Natural killer cell,SMAP1
spleen,Natural killer cell,SMARCA2
spleen,Natural killer cell,SMIM30
spleen,Natural killer cell,SNRNP200
spleen,Natural killer cell,SPN
spleen,Natural killer cell,SSU72
spleen,Natural killer cell,SULF2
spleen,Natural killer cell,TCEAL9
spleen,Natural killer cell,TCRA
spleen,Natural killer cell,THY1
spleen,Natural killer cell,TRPC4AP
spleen,Natural killer cell,TSPAN31
spleen,Natural killer cell,UROD
spleen,Natural killer cell,USO1
spleen,Natural killer cell,VAPA
spleen,Natural killer cell,WBP5
spleen,Natural killer cell,YIPF1
spleen,Neutrophil,ADAM8
spleen,Neutrophil,ADPGK
spleen,Neutrophil,ALDH2
spleen,Neutrophil,ARG2
spleen,Neutrophil,ASPRV1
spleen,Neutrophil,AZU1
spleen,Neutrophil,BST1
spleen,Neutrophil,C5AR1
spleen,Neutrophil,CA1
spleen,Neutrophil,CAMP
spleen,Neutrophil,CAR1
spleen,Neutrophil,CCL3
spleen,Neutrophil,CCL6
spleen,Neutrophil,CCL9
spleen,Neutrophil,CCR1
spleen,Neutrophil,CCRL2
spleen,Neutrophil,CD14
spleen,Neutrophil,CD177
spleen,Neutrophil,CD24
spleen,Neutrophil,CD33
spleen,Neutrophil,CEACAM1
spleen,Neutrophil,CEACAM8
spleen,Neutrophil,CFP
spleen,Neutrophil,CHIL3
spleen,Neutrophil,CLEC4D
spleen,Neutrophil,CLEC4E
spleen,Neutrophil,CRP
spleen,Neutrophil,CSF3R
spleen,Neutrophil,CTSG
spleen,Neutrophil,CXCL2
spleen,Neutrophil,CXCR1
spleen,Neutrophil,CXCR2
spleen,Neutrophil,DEFA1
spleen,Neutrophil,DEFA2
spleen,Neutrophil,DEFA3
spleen,Neutrophil,DOCK8
spleen,Neutrophil,ELANE
spleen,Neutrophil,FCGR1A
spleen,Neutrophil,FCGR3A
spleen,Neutrophil,FCGR4
spleen,Neutrophil,FUT4
spleen,Neutrophil,HDC
spleen,Neutrophil,HP
spleen,Neutrophil,IL1B
spleen,Neutrophil,IL1R2
spleen,Neutrophil,ITGAM
spleen,Neutrophil,ITGAX
spleen,Neutrophil,JAML
spleen,Neutrophil,LCN2
spleen,Neutrophil,LRG1
spleen,Neutrophil,LTF
spleen,Neutrophil,LY6G
spleen,Neutrophil,LYST
spleen,Neutrophil,LYZ
spleen,Neutrophil,LYZ1
spleen,Neutrophil,MMP8
spleen,Neutrophil,MMP9
spleen,Neutrophil,MPO
spleen,Neutrophil,MRGPRA2B
spleen,Neutrophil,MYLK
spleen,Neutrophil,NCF1
spleen,Neutrophil,NGP
spleen,Neutrophil,NLRP3
spleen,Neutrophil,NR1I3
spleen,Neutrophil,OAS3
spleen,Neutrophil,OSM
spleen,Neutrophil,PECAM1
spleen,Neutrophil,PILRA
spleen,Neutrophil,PRTN3
spleen,Neutrophil,PSTPIP1
spleen,Neutrophil,PTGS2
spleen,Neutrophil,RETNLG
spleen,Neutrophil,S100A4
spleen,Neutrophil,S100A8
spleen,Neutrophil,S100A9
spleen,Neutrophil,SELL
spleen,Neutrophil,SERPINB1
spleen,Neutrophil,SLC1A5
spleen,Neutrophil,SNX20
spleen,Neutrophil,SORL1
spleen,Neutrophil,STFA2L1
spleen,Neutrophil,TLR2
spleen,Neutrophil,TREM1
spleen,Neutrophil,TREM3
spleen,Plasma cell,CD138
spleen,Plasma cell,EDEM1
spleen,Plasma cell,HSP90B1
spleen,Plasma cell,HSPA5
spleen,Plasma cell,IGLV1
spleen,Plasma cell,MANF
spleen,Plasma cell,MZB1
spleen,Plasma cell,SDC1
spleen,Plasma cell,SEC11C
spleen,Plasma cell,SEC61G
spleen,Plasma cell,SPCS1
spleen,Plasma cell,SPCS2
spleen,Plasma cell,SSR4
spleen,Plasma cell,TXNDC5
spleen,Plasma cell,XBP1
spleen,Plasmacytoid dendritic cell,1810033B17RIK
spleen,Plasmacytoid dendritic cell,2310016M24RIK
spleen,Plasmacytoid dendritic cell,2410015M20RIK_SR104
spleen,Plasmacytoid dendritic cell,2810025M15RIK
spleen,Plasmacytoid dendritic cell,2900092E17RIK
spleen,Plasmacytoid dendritic cell,4732418C07RIK
spleen,Plasmacytoid dendritic cell,4930503E24RIK
spleen,Plasmacytoid dendritic cell,5430437P03RIK
spleen,Plasmacytoid dendritic cell,ACP5
spleen,Plasmacytoid dendritic cell,AI462493
spleen,Plasmacytoid dendritic cell,AIF1
spleen,Plasmacytoid dendritic cell,AK010403
spleen,Plasmacytoid dendritic cell,AK171153
spleen,Plasmacytoid dendritic cell,AKR1A1
spleen,Plasmacytoid dendritic cell,AKR1A4
spleen,Plasmacytoid dendritic cell,ALAS1
spleen,Plasmacytoid dendritic cell,ANKRD13A
spleen,Plasmacytoid dendritic cell,ANO6
spleen,Plasmacytoid dendritic cell,ANTKMT
spleen,Plasmacytoid dendritic cell,APRT
spleen,Plasmacytoid dendritic cell,ARHGEF2
spleen,Plasmacytoid dendritic cell,ARL6IP4
spleen,Plasmacytoid dendritic cell,ATOX1
spleen,Plasmacytoid dendritic cell,ATP2A3
spleen,Plasmacytoid dendritic cell,ATP5C1
spleen,Plasmacytoid dendritic cell,ATP5F1C
spleen,Plasmacytoid dendritic cell,ATP5IF1
spleen,Plasmacytoid dendritic cell,ATP5J2
spleen,Plasmacytoid dendritic cell,ATP5MF
spleen,Plasmacytoid dendritic cell,ATP5SL
spleen,Plasmacytoid dendritic cell,ATPIF1
spleen,Plasmacytoid dendritic cell,AVPI1
spleen,Plasmacytoid dendritic cell,BABAM1
spleen,Plasmacytoid dendritic cell,BAX
spleen,Plasmacytoid dendritic cell,BC049805
spleen,Plasmacytoid dendritic cell,BC096391_BC025067_SNORA24
spleen,Plasmacytoid dendritic cell,BPAG1
spleen,Plasmacytoid dendritic cell,BUD23
spleen,Plasmacytoid dendritic cell,C1QA
spleen,Plasmacytoid dendritic cell,C1QC
spleen,Plasmacytoid dendritic cell,CAPER
spleen,Plasmacytoid dendritic cell,CAPNS1
spleen,Plasmacytoid dendritic cell,CD37
spleen,Plasmacytoid dendritic cell,CD68
spleen,Plasmacytoid dendritic cell,CD74
spleen,Plasmacytoid dendritic cell,CDC42EP3
spleen,Plasmacytoid dendritic cell,CHCHD3
spleen,Plasmacytoid dendritic cell,CKB
spleen,Plasmacytoid dendritic cell,CORO1B
spleen,Plasmacytoid dendritic cell,CORO7
spleen,Plasmacytoid dendritic cell,COX14
spleen,Plasmacytoid dendritic cell,CREB3
spleen,Plasmacytoid dendritic cell,CSTB
spleen,Plasmacytoid dendritic cell,D4WSU53E
spleen,Plasmacytoid dendritic cell,DMAC2
spleen,Plasmacytoid dendritic cell,DNAJB9
spleen,Plasmacytoid dendritic cell,DOK1
spleen,Plasmacytoid dendritic cell,DST
spleen,Plasmacytoid dendritic cell,EFCAB14
spleen,Plasmacytoid dendritic cell,EHBP1L1
spleen,Plasmacytoid dendritic cell,EIF3F
spleen,Plasmacytoid dendritic cell,EIF4EBP1
spleen,Plasmacytoid dendritic cell,ELOF1
spleen,Plasmacytoid dendritic cell,EXOC2
spleen,Plasmacytoid dendritic cell,F11R
spleen,Plasmacytoid dendritic cell,FAM173A
spleen,Plasmacytoid dendritic cell,FAM32A
spleen,Plasmacytoid dendritic cell,FDX1L_RAVER1
spleen,Plasmacytoid dendritic cell,FTL1
spleen,Plasmacytoid dendritic cell,FXC1_TIM9B
spleen,Plasmacytoid dendritic cell,GLTP
spleen,Plasmacytoid dendritic cell,GM16517
spleen,Plasmacytoid dendritic cell,GM5617
spleen,Plasmacytoid dendritic cell,GNGT2
spleen,Plasmacytoid dendritic cell,GPX4
spleen,Plasmacytoid dendritic cell,GUSB
spleen,Plasmacytoid dendritic cell,H2-AA
spleen,Plasmacytoid dendritic cell,H2-AB1
spleen,Plasmacytoid dendritic cell,H2-EB1
spleen,Plasmacytoid dendritic cell,HAAO
spleen,Plasmacytoid dendritic cell,HAUS8
spleen,Plasmacytoid dendritic cell,HES1
spleen,Plasmacytoid dendritic cell,HINT1
spleen,Plasmacytoid dendritic cell,HMGN1
spleen,Plasmacytoid dendritic cell,HSD17B10
spleen,Plasmacytoid dendritic cell,IDH2
spleen,Plasmacytoid dendritic cell,IFI30
spleen,Plasmacytoid dendritic cell,IL10RB
spleen,Plasmacytoid dendritic cell,IL12B
spleen,Plasmacytoid dendritic cell,INPP4A
spleen,Plasmacytoid dendritic cell,IP6K1
spleen,Plasmacytoid dendritic cell,ITGAX
spleen,Plasmacytoid dendritic cell,ITM2B
spleen,Plasmacytoid dendritic cell,KHK
spleen,Plasmacytoid dendritic cell,LAMP1
spleen,Plasmacytoid dendritic cell,LRP1
spleen,Plasmacytoid dendritic cell,MAP1LC3B
spleen,Plasmacytoid dendritic cell,MAPK3
spleen,Plasmacytoid dendritic cell,MCEMP1
spleen,Plasmacytoid dendritic cell,MCM6
spleen,Plasmacytoid dendritic cell,MDH2
spleen,Plasmacytoid dendritic cell,ME2
spleen,Plasmacytoid dendritic cell,MIF
spleen,Plasmacytoid dendritic cell,MIR682
spleen,Plasmacytoid dendritic cell,MRPL34
spleen,Plasmacytoid dendritic cell,MS4A7
spleen,Plasmacytoid dendritic cell,NCOR1
spleen,Plasmacytoid dendritic cell,NDUFA10
spleen,Plasmacytoid dendritic cell,NDUFA9
spleen,Plasmacytoid dendritic cell,NDUFB8
spleen,Plasmacytoid dendritic cell,NEURL3
spleen,Plasmacytoid dendritic cell,NT5C
spleen,Plasmacytoid dendritic cell,NUDT3
spleen,Plasmacytoid dendritic cell,P4HB
spleen,Plasmacytoid dendritic cell,PAGR1A
spleen,Plasmacytoid dendritic cell,PARP1
spleen,Plasmacytoid dendritic cell,PIP5K1C
spleen,Plasmacytoid dendritic cell,PISD
spleen,Plasmacytoid dendritic cell,PKN1
spleen,Plasmacytoid dendritic cell,PKP3
spleen,Plasmacytoid dendritic cell,PLAUR
spleen,Plasmacytoid dendritic cell,PLOD3
spleen,Plasmacytoid dendritic cell,PLXNB2
spleen,Plasmacytoid dendritic cell,PLXND1
spleen,Plasmacytoid dendritic cell,PPP1R12C
spleen,Plasmacytoid dendritic cell,PQLC1
spleen,Plasmacytoid dendritic cell,PRKCB
spleen,Plasmacytoid dendritic cell,PRKCD
spleen,Plasmacytoid dendritic cell,PSEN2
spleen,Plasmacytoid dendritic cell,PSMC4
spleen,Plasmacytoid dendritic cell,PTCD2
spleen,Plasmacytoid dendritic cell,PYCR2
spleen,Plasmacytoid dendritic cell,QDPR
spleen,Plasmacytoid dendritic cell,RASA3
spleen,Plasmacytoid dendritic cell,RBBP7
spleen,Plasmacytoid dendritic cell,RBM25
spleen,Plasmacytoid dendritic cell,RCC2
spleen,Plasmacytoid dendritic cell,RGS19
spleen,Plasmacytoid dendritic cell,RINL
spleen,Plasmacytoid dendritic cell,ROGDI
spleen,Plasmacytoid dendritic cell,RPL18
spleen,Plasmacytoid dendritic cell,RPLP0
spleen,Plasmacytoid dendritic cell,RPLP1
spleen,Plasmacytoid dendritic cell,RPS15
spleen,Plasmacytoid dendritic cell,RPS20
spleen,Plasmacytoid dendritic cell,RPS21
spleen,Plasmacytoid dendritic cell,RPS26
spleen,Plasmacytoid dendritic cell,RPS3
spleen,Plasmacytoid dendritic cell,RPS5
spleen,Plasmacytoid dendritic cell,RPS6
spleen,Plasmacytoid dendritic cell,RSRP1
spleen,Plasmacytoid dendritic cell,RXRA
spleen,Plasmacytoid dendritic cell,SAE1
spleen,Plasmacytoid dendritic cell,SCAMP4
spleen,Plasmacytoid dendritic cell,SENP6
spleen,Plasmacytoid dendritic cell,SH3BP1
spleen,Plasmacytoid dendritic cell,SLC24A6
spleen,Plasmacytoid dendritic cell,SLC29A3
spleen,Plasmacytoid dendritic cell,SLC43A2
spleen,Plasmacytoid dendritic cell,SLC44A2
spleen,Plasmacytoid dendritic cell,SLC66A2
spleen,Plasmacytoid dendritic cell,SLC8B1
spleen,Plasmacytoid dendritic cell,SLC9A3R1
spleen,Plasmacytoid dendritic cell,SNORD15A
spleen,Plasmacytoid dendritic cell,SNORD38A
spleen,Plasmacytoid dendritic cell,SNRPD3
spleen,Plasmacytoid dendritic cell,SNRPF
spleen,Plasmacytoid dendritic cell,SOD1
spleen,Plasmacytoid dendritic cell,SPNS3
spleen,Plasmacytoid dendritic cell,SREBF1
spleen,Plasmacytoid dendritic cell,SRP14
spleen,Plasmacytoid dendritic cell,SSRP1
spleen,Plasmacytoid dendritic cell,SYF2
spleen,Plasmacytoid dendritic cell,TCFEB
spleen,Plasmacytoid dendritic cell,TFEB
spleen,Plasmacytoid dendritic cell,TMEM176A
spleen,Plasmacytoid dendritic cell,TMEM176B
spleen,Plasmacytoid dendritic cell,TPGS1
spleen,Plasmacytoid dendritic cell,TRP53_P53
spleen,Plasmacytoid dendritic cell,TSPAN14
spleen,Plasmacytoid dendritic cell,UBE2J1
spleen,Plasmacytoid dendritic cell,UQCC3
spleen,Plasmacytoid dendritic cell,USP48
spleen,Plasmacytoid dendritic cell,VAC14
spleen,Plasmacytoid dendritic cell,WBSCR22
spleen,Plasmacytoid dendritic cell,WDR89
spleen,Plasmacytoid dendritic cell,YWHAH
spleen,Plasmacytoid dendritic cell,ZBTB7A
spleen,Plasmacytoid dendritic cell,ZCCHC24
spleen,Plasmacytoid dendritic cell,ZEB2
spleen,T cell,CD2
spleen,T cell,CD3
spleen,T cell,CD3D
spleen,T cell,CD3E
spleen,T cell,CD3G
spleen,T cell,CD4
spleen,T cell,CD45
spleen,T cell,CD5
spleen,T cell,CD6
spleen,T cell,CD8
spleen,T cell,CD8A
spleen,T cell,CD90
spleen,T cell,CD90.1/CD90.2
spleen,T cell,MEL-14
spleen,T cell,SELL
spleen,T cell,TCR ALPHA/BETA
spleen,T cell,THY1
stomach,Dendritic cell,ADGRE1
stomach,Dendritic cell,CD11B
stomach,Dendritic cell,CD11C
stomach,Dendritic cell,CD197
stomach,Dendritic cell,CD1A
stomach,Dendritic cell,CD1B
stomach,Dendritic cell,CD1C
stomach,Dendritic cell,CD1D1
stomach,Dendritic cell,CD1D2
stomach,Dendritic cell,CD205
stomach,Dendritic cell,CD207
stomach,Dendritic cell,CD209
stomach,Dendritic cell,CD209A
stomach,Dendritic cell,CD273
stomach,Dendritic cell,CD304
stomach,Dendritic cell,CD4
stomach,Dendritic cell,CD40
stomach,Dendritic cell,CD49D
stomach,Dendritic cell,CD80
stomach,Dendritic cell,CD83
stomach,Dendritic cell,CD86
stomach,Dendritic cell,F4/80
stomach,Dendritic cell,HLA-DR
stomach,Dendritic cell,ITGA4
stomach,Dendritic cell,MHC CLASS II
stomach,Dendritic cell,NRP1
stomach,Dendritic cell,PDCD1LG2
stomach,Gastric stem cell,BHLHA15
stomach,Gastric stem cell,MIST1
stomach,Gastric stem cell,RUNX1
stomach,Gastric stem cell,SOX2
stomach,Gastric stem cell,TNFRSF19
stomach,Gastric stem cell,TROY
stomach,Multipotent stem cell,ANKRD37
stomach,Multipotent stem cell,C2CD2
stomach,Multipotent stem cell,C7ORF26
stomach,Multipotent stem cell,C8ORF4
stomach,Multipotent stem cell,CASP3
stomach,Multipotent stem cell,CDC45
stomach,Multipotent stem cell,CENPQ
stomach,Multipotent stem cell,DDX31
stomach,Multipotent stem cell,DNAL4
stomach,Multipotent stem cell,DTX3L
stomach,Multipotent stem cell,ECE1
stomach,Multipotent stem cell,FAM229A
stomach,Multipotent stem cell,GJC2
stomach,Multipotent stem cell,GPT2
stomach,Multipotent stem cell,H2AFX
stomach,Multipotent stem cell,H2AX
stomach,Multipotent stem cell,KIAA1586
stomach,Multipotent stem cell,KLHL11
stomach,Multipotent stem cell,LGSN
stomach,Multipotent stem cell,LRRC57
stomach,Multipotent stem cell,MAML2
stomach,Multipotent stem cell,MTA1
stomach,Multipotent stem cell,MTOR
stomach,Multipotent stem cell,NUDT8
stomach,Multipotent stem cell,PITPNM2
stomach,Multipotent stem cell,PLD1
stomach,Multipotent stem cell,PLK4
stomach,Multipotent stem cell,POMT2
stomach,Multipotent stem cell,PPIH
stomach,Multipotent stem cell,PROM1
stomach,Multipotent stem cell,PTP4A3
stomach,Multipotent stem cell,PWWP2B
stomach,Multipotent stem cell,RPE
stomach,Multipotent stem cell,SCARF2
stomach,Multipotent stem cell,SGK1
stomach,Multipotent stem cell,SLC25A38
stomach,Multipotent stem cell,SLX4IP
stomach,Multipotent stem cell,SNX7
stomach,Multipotent stem cell,SUPT7L
stomach,Multipotent stem cell,TBC1D15
stomach,Multipotent stem cell,TCIM
stomach,Multipotent stem cell,TRAF4
stomach,Multipotent stem cell,UBE2D1
stomach,Multipotent stem cell,UBE2S
stomach,Multipotent stem cell,ZFAND1
stomach,Multipotent stem cell,ZFP41
stomach,Multipotent stem cell,ZNF143
stomach,Multipotent stem cell,ZNF354C
stomach,Multipotent stem cell,ZNF571
stomach,Parietal cell,ACO2
stomach,Parietal cell,APOA1
stomach,Parietal cell,ATP4A
stomach,Parietal cell,CHCHD7
stomach,Parietal cell,CKB
stomach,Parietal cell,CNN3
stomach,Parietal cell,COX7A1
stomach,Parietal cell,DEGS1
stomach,Parietal cell,DNAJC15
stomach,Parietal cell,FABP3
stomach,Parietal cell,GM10250
stomach,Parietal cell,HAMP2
stomach,Parietal cell,IDH3A
stomach,Parietal cell,KCNE2
stomach,Parietal cell,LDHB
stomach,Parietal cell,MRPL34
stomach,Parietal cell,OXCT1
stomach,Parietal cell,SDHA
stomach,Parietal cell,SLC25A4
stomach,Parietal cell,SMIM38
stomach,Parietal cell,SNX6
stomach,Parietal cell,SOD2
stomach,Parietal cell,TNNI3
stomach,Parietal progenitor cell,ANXA1
stomach,Parietal progenitor cell,CFH
stomach,Parietal progenitor cell,FGD5
stomach,Parietal progenitor cell,FKBP14
stomach,Parietal progenitor cell,H6PD
stomach,Parietal progenitor cell,HBB
stomach,Parietal progenitor cell,KERA
stomach,Pit cell,ADAMTS6
stomach,Pit cell,BLOC1S3
stomach,Pit cell,DCUN1D3
stomach,Pit cell,FAHD2B
stomach,Pit cell,GALNT7
stomach,Pit cell,GREM2
stomach,Pit cell,MBD1
stomach,Pit cell,NTN1
stomach,Pit cell,RBL1
stomach,Pit cell,RSPO2
stomach,Pit cell,SALL4
stomach,Pit cell,TMEM135
stomach,Pit cell,ZNF747
stomach,Pit progenitor cell,ACTC1
stomach,Pit progenitor cell,ADRA1D
stomach,Pit progenitor cell,AK4
stomach,Pit progenitor cell,ALDH1B1
stomach,Pit progenitor cell,BARX1
stomach,Pit progenitor cell,BCL11A
stomach,Pit progenitor cell,BCL2
stomach,Pit progenitor cell,BMPER
stomach,Pit progenitor cell,CAPS
stomach,Pit progenitor cell,CFAP221
stomach,Pit progenitor cell,CFL2
stomach,Pit progenitor cell,CNN1
stomach,Pit progenitor cell,CORO1C
stomach,Pit progenitor cell,DHX35
stomach,Pit progenitor cell,DIXDC1
stomach,Pit progenitor cell,FAM19A4
stomach,Pit progenitor cell,FBXO32
stomach,Pit progenitor cell,GBP2
stomach,Pit progenitor cell,HACD1
stomach,Pit progenitor cell,HSPB8
stomach,Pit progenitor cell,IL17B
stomach,Pit progenitor cell,KCNMB1
stomach,Pit progenitor cell,LAMA5
stomach,Pit progenitor cell,LDB3
stomach,Pit progenitor cell,LIMS2
stomach,Pit progenitor cell,LRP5
stomach,Pit progenitor cell,LRRFIP2
stomach,Pit progenitor cell,MICALL1
stomach,Pit progenitor cell,MVB12B
stomach,Pit progenitor cell,NFIX
stomach,Pit progenitor cell,NPB
stomach,Pit progenitor cell,NRXN3
stomach,Pit progenitor cell,OLR1
stomach,Pit progenitor cell,P2RX4
stomach,Pit progenitor cell,PIPOX
stomach,Pit progenitor cell,PPP1R14A
stomach,Pit progenitor cell,RASSF3
stomach,Pit progenitor cell,RGAG4
stomach,Pit progenitor cell,RPRD1B
stomach,Pit progenitor cell,RSPO3
stomach,Pit progenitor cell,RTL5
stomach,Pit progenitor cell,SBSPON
stomach,Pit progenitor cell,SETD1B
stomach,Pit progenitor cell,SGCA
stomach,Pit progenitor cell,SLC24A3
stomach,Pit progenitor cell,SLC2A4
stomach,Pit progenitor cell,SMG8
stomach,Pit progenitor cell,SRF
stomach,Pit progenitor cell,TAFA4
stomach,Pit progenitor cell,TIMM17A
stomach,Pit progenitor cell,TMEM47
stomach,Pit progenitor cell,TMEM51
stomach,Pit progenitor cell,TNFAIP8
stomach,Pit progenitor cell,VSNL1
stomach,Pit progenitor cell,WFDC1
stomach,Pit progenitor cell,WIF1
stomach,Pit progenitor cell,YBEY
stomach,Smooth muscle cell,BGN
stomach,Smooth muscle cell,COL1A2
stomach,Smooth muscle cell,COL3A1
stomach,Smooth muscle cell,CTSL
stomach,Smooth muscle cell,DCN
stomach,Smooth muscle cell,IFITM3
stomach,Smooth muscle cell,IGFBP7
stomach,Smooth muscle cell,LGALS1
stomach,Smooth muscle cell,SERPING1
stomach,Smooth muscle cell,SERPINH1
stomach,Smooth muscle cell,SPARC
stomach,Smooth muscle cell,VIM
stomach,Tuft cell,ADH1
stomach,Tuft cell,ADH1A
stomach,Tuft cell,ALOX5AP
stomach,Tuft cell,AVIL
stomach,Tuft cell,DCLK1
stomach,Tuft cell,HCK
stomach,Tuft cell,IRAG2
stomach,Tuft cell,LTC4S
stomach,Tuft cell,SH2D6
testis,Leydig cell,ACAA2
testis,Leydig cell,ACADL
testis,Leydig cell,ACSBG1
testis,Leydig cell,ADAM21
testis,Leydig cell,AKR1A1
testis,Leydig cell,AKR1CL
testis,Leydig cell,ALDH1A1
testis,Leydig cell,ALDH1A3
testis,Leydig cell,ALDH2
testis,Leydig cell,APOC1
testis,Leydig cell,AQP2
testis,Leydig cell,ASS1
testis,Leydig cell,AU021092
testis,Leydig cell,B2M
testis,Leydig cell,BBLN
testis,Leydig cell,CALB2
testis,Leydig cell,CFD
testis,Leydig cell,CHCHD10
testis,Leydig cell,CLU
testis,Leydig cell,COX6B1
testis,Leydig cell,COX7B
testis,Leydig cell,COX8A
testis,Leydig cell,CPE
testis,Leydig cell,CST3
testis,Leydig cell,CTSB
testis,Leydig cell,CXCL10
testis,Leydig cell,CYP11A1
testis,Leydig cell,CYP17A1
testis,Leydig cell,CYP19A1
testis,Leydig cell,CYP26B1
testis,Leydig cell,DBI
testis,Leydig cell,DEFB19
testis,Leydig cell,DHCR7
testis,Leydig cell,DLK1
testis,Leydig cell,ECH1
testis,Leydig cell,EDNRA
testis,Leydig cell,ELOVL5
testis,Leydig cell,EMP3
testis,Leydig cell,EPHX1
testis,Leydig cell,ESRRG
testis,Leydig cell,ETFB
testis,Leydig cell,FABP3
testis,Leydig cell,FABP9
testis,Leydig cell,FDX1
testis,Leydig cell,FTL1
testis,Leydig cell,FXYD1
testis,Leydig cell,GAPDH
testis,Leydig cell,GAS6
testis,Leydig cell,GATA4
testis,Leydig cell,GJA1
testis,Leydig cell,GNAS
testis,Leydig cell,GPRC6A
testis,Leydig cell,GSTM1
testis,Leydig cell,GSTM2
testis,Leydig cell,HMGCS2
testis,Leydig cell,HSD11B2
testis,Leydig cell,HSD17B3
testis,Leydig cell,HSD3B
testis,Leydig cell,HSD3B1
testis,Leydig cell,HSD3B6
testis,Leydig cell,HSPA8
testis,Leydig cell,IDH1
testis,Leydig cell,IFI27
testis,Leydig cell,IGF1
testis,Leydig cell,IGF2
testis,Leydig cell,IGFBP3
testis,Leydig cell,IGFBP5
testis,Leydig cell,IGFBP7
testis,Leydig cell,INHA
testis,Leydig cell,INHBA
testis,Leydig cell,INSL3
testis,Leydig cell,KISS1
testis,Leydig cell,KLK1B21
testis,Leydig cell,KLK1B24
testis,Leydig cell,LCN2
testis,Leydig cell,LEP
testis,Leydig cell,LHCGR
testis,Leydig cell,LY6E
testis,Leydig cell,MAFB
testis,Leydig cell,MDH1
testis,Leydig cell,MGARP
testis,Leydig cell,MGST1
testis,Leydig cell,MLANA
testis,Leydig cell,NDUFA4
testis,Leydig cell,NDUFB11
testis,Leydig cell,NDUFC2
testis,Leydig cell,NOS1
testis,Leydig cell,NR5A2
testis,Leydig cell,PCOLCE
testis,Leydig cell,PDE8A
testis,Leydig cell,PGRMC1
testis,Leydig cell,PJA1
testis,Leydig cell,PLAUR
testis,Leydig cell,PLD3
testis,Leydig cell,PRDX1
testis,Leydig cell,PRLR
testis,Leydig cell,PSMA7
testis,Leydig cell,PTCH1
testis,Leydig cell,PTGDS
testis,Leydig cell,RBBP7
testis,Leydig cell,REEP5
testis,Leydig cell,REN1
testis,Leydig cell,RLN1
testis,Leydig cell,RLN2
testis,Leydig cell,RLN3
testis,Leydig cell,ROMO1
testis,Leydig cell,RPL10
testis,Leydig cell,RPL14
testis,Leydig cell,RPL36A
testis,Leydig cell,RPS3
testis,Leydig cell,SEC61B
testis,Leydig cell,SEC62
testis,Leydig cell,SELENOP
testis,Leydig cell,SLC25A4
testis,Leydig cell,SLC25A5
testis,Leydig cell,SLC3A2
testis,Leydig cell,SLC9A8
testis,Leydig cell,SMOC2
testis,Leydig cell,SPARC
testis,Leydig cell,SSR4
testis,Leydig cell,STAR
testis,Leydig cell,SULT1E1
testis,Leydig cell,SUSD3
testis,Leydig cell,TAC1
testis,Leydig cell,TCEAL9
testis,Leydig cell,THBS2
testis,Leydig cell,TMEM176A
testis,Leydig cell,TMEM176B
testis,Leydig cell,TMEM205
testis,Leydig cell,TMEM50A
testis,Leydig cell,VCAM1
testis,Leydig cell,VIT
testis,Macrophage,AKR1A1
testis,Macrophage,APOE
testis,Macrophage,B2M
testis,Macrophage,C1QA
testis,Macrophage,C1QB
testis,Macrophage,C1QC
testis,Macrophage,CRIP1
testis,Macrophage,CST3
testis,Macrophage,CTSB
testis,Macrophage,CTSS
testis,Macrophage,CYBA
testis,Macrophage,FCER1G
testis,Macrophage,FTL1
testis,Macrophage,LY6E
testis,Macrophage,LYZ2
testis,Macrophage,PF4
testis,Macrophage,PSAP
testis,Macrophage,RPL10
testis,Macrophage,SELENOP
testis,Macrophage,TMSB4X
testis,Macrophage,TYROBP
testis,Macrophage,WFDC17
testis,Peritubular myoid cell,ALDH1A3
testis,Peritubular myoid cell,APOA1
testis,Peritubular myoid cell,C7
testis,Peritubular myoid cell,CILP
testis,Peritubular myoid cell,COL15A1
testis,Peritubular myoid cell,CYP1B1
testis,Peritubular myoid cell,EPHX1
testis,Peritubular myoid cell,GSTM3
testis,Peritubular myoid cell,INTS6
testis,Peritubular myoid cell,KCNMB1
testis,Peritubular myoid cell,LAMB2
testis,Peritubular myoid cell,LAMC3
testis,Peritubular myoid cell,MYH11
testis,Peritubular myoid cell,MYL9
testis,Peritubular myoid cell,MYLIP
testis,Peritubular myoid cell,OSR2
testis,Peritubular myoid cell,RARRES2
testis,Peritubular myoid cell,RASD1
testis,Peritubular myoid cell,RNASE1
testis,Peritubular myoid cell,SAT2
testis,Peritubular myoid cell,TMEM98
testis,Peritubular myoid cell,TPM1
testis,Peritubular myoid cell,TPM2
testis,Peritubular myoid cell,TPM4
testis,Peritubular myoid cell,WNT
testis,Peritubular myoid cell,WNT2B
testis,Pre sertoli cell,1810037I17RIK
testis,Pre sertoli cell,1810058I24RIK
testis,Pre sertoli cell,8030411F24RIK
testis,Pre sertoli cell,AARD
testis,Pre sertoli cell,ADH5
testis,Pre sertoli cell,AKR1A1
testis,Pre sertoli cell,AKR1B8
testis,Pre sertoli cell,AKR1CL
testis,Pre sertoli cell,ALDH1A1
testis,Pre sertoli cell,AMH
testis,Pre sertoli cell,AMHR2
testis,Pre sertoli cell,ARXES2
testis,Pre sertoli cell,ATP5C1
testis,Pre sertoli cell,ATP5F1C
testis,Pre sertoli cell,ATP5IF1
testis,Pre sertoli cell,ATPIF1
testis,Pre sertoli cell,BEX2
testis,Pre sertoli cell,BEX3
testis,Pre sertoli cell,BMYC
testis,Pre sertoli cell,BOK
testis,Pre sertoli cell,CD151
testis,Pre sertoli cell,CDK4
testis,Pre sertoli cell,CHCHD10
testis,Pre sertoli cell,CITED1
testis,Pre sertoli cell,CLU
testis,Pre sertoli cell,COX6A1
testis,Pre sertoli cell,COX6C
testis,Pre sertoli cell,COX7C
testis,Pre sertoli cell,CPE
testis,Pre sertoli cell,CST8
testis,Pre sertoli cell,CST9
testis,Pre sertoli cell,CSTDC1
testis,Pre sertoli cell,CTSL
testis,Pre sertoli cell,DEFB19
testis,Pre sertoli cell,DHH
testis,Pre sertoli cell,DYNLL1
testis,Pre sertoli cell,ETD
testis,Pre sertoli cell,ETNK2
testis,Pre sertoli cell,FDXR
testis,Pre sertoli cell,FKBP1A
testis,Pre sertoli cell,FXYD6
testis,Pre sertoli cell,GATM
testis,Pre sertoli cell,GSTA4
testis,Pre sertoli cell,GSTM1
testis,Pre sertoli cell,GSTM2
testis,Pre sertoli cell,GSTM6
testis,Pre sertoli cell,GSTM7
testis,Pre sertoli cell,H3-3B
testis,Pre sertoli cell,H3F3B
testis,Pre sertoli cell,HMGB3
testis,Pre sertoli cell,HSPB1
testis,Pre sertoli cell,ID3
testis,Pre sertoli cell,INHA
testis,Pre sertoli cell,ISYNA1
testis,Pre sertoli cell,KAZALD1
testis,Pre sertoli cell,KCTD14
testis,Pre sertoli cell,LDHB
testis,Pre sertoli cell,LGALS7
testis,Pre sertoli cell,LPL
testis,Pre sertoli cell,MAGED1
testis,Pre sertoli cell,MAGED2
testis,Pre sertoli cell,MAPRE1
testis,Pre sertoli cell,MARCKSL1
testis,Pre sertoli cell,ME1
testis,Pre sertoli cell,MED10
testis,Pre sertoli cell,MGST1
testis,Pre sertoli cell,MIF
testis,Pre sertoli cell,MMP11
testis,Pre sertoli cell,MT3
testis,Pre sertoli cell,PDCD5
testis,Pre sertoli cell,PEBP1
testis,Pre sertoli cell,PPT1
testis,Pre sertoli cell,PRDX2
testis,Pre sertoli cell,PTGDS
testis,Pre sertoli cell,PTOV1
testis,Pre sertoli cell,RAB3B
testis,Pre sertoli cell,RNF181
testis,Pre sertoli cell,RPL3
testis,Pre sertoli cell,RPL37A
testis,Pre sertoli cell,RPS19
testis,Pre sertoli cell,RPS27A
testis,Pre sertoli cell,RPS28
testis,Pre sertoli cell,RPS8
testis,Pre sertoli cell,SELENOH
testis,Pre sertoli cell,SERF1
testis,Pre sertoli cell,SERF1A
testis,Pre sertoli cell,SERPINB6A
testis,Pre sertoli cell,SERPINE2
testis,Pre sertoli cell,SIN3B
testis,Pre sertoli cell,SMIM1
testis,Pre sertoli cell,SOCS2
testis,Pre sertoli cell,SON
testis,Pre sertoli cell,SPARC
testis,Pre sertoli cell,SPP1
testis,Pre sertoli cell,SUSD3
testis,Pre sertoli cell,TCEAL9
testis,Pre sertoli cell,TECR
testis,Pre sertoli cell,TESC
testis,Pre sertoli cell,TMEM184A
testis,Pre sertoli cell,TNNI3
testis,Pre sertoli cell,TRIM47
testis,Pre sertoli cell,TSC22D1
testis,Pre sertoli cell,UBB
testis,Pre sertoli cell,VDAC3
testis,Pre sertoli cell,WNT6
testis,Sertoli cell,AARD
testis,Sertoli cell,ABCG8
testis,Sertoli cell,AMH
testis,Sertoli cell,AMHR2
testis,Sertoli cell,ANDROGEN RECEPTOR
testis,Sertoli cell,ANKRD7
testis,Sertoli cell,ANTI-MULLERIAN HORMONE
testis,Sertoli cell,ANXA2
testis,Sertoli cell,AR
testis,Sertoli cell,B2M
testis,Sertoli cell,BCAR3
testis,Sertoli cell,CCL9
testis,Sertoli cell,CD34
testis,Sertoli cell,CD46
testis,Sertoli cell,CD55
testis,Sertoli cell,CD63
testis,Sertoli cell,CDKN1B
testis,Sertoli cell,CLDN11
testis,Sertoli cell,CLU
testis,Sertoli cell,CLUSTERIN
testis,Sertoli cell,COL1A2
testis,Sertoli cell,CST12
testis,Sertoli cell,CST3
testis,Sertoli cell,CST9
testis,Sertoli cell,CTSA
testis,Sertoli cell,CTSL
testis,Sertoli cell,CXCL12
testis,Sertoli cell,CYCLIN-DEPENDENT KINASE INHIBITOR 1B
testis,Sertoli cell,CYTOKERATIN-18
testis,Sertoli cell,DCN
testis,Sertoli cell,DEFB19
testis,Sertoli cell,DES
testis,Sertoli cell,DHH
testis,Sertoli cell,DIAPH2
testis,Sertoli cell,EPS8
testis,Sertoli cell,ETD
testis,Sertoli cell,F3
testis,Sertoli cell,FAS
testis,Sertoli cell,FASLG
testis,Sertoli cell,FSHR
testis,Sertoli cell,FTL1
testis,Sertoli cell,FXYD1
testis,Sertoli cell,GAMT
testis,Sertoli cell,GATA1
testis,Sertoli cell,GATA4
testis,Sertoli cell,GATA6
testis,Sertoli cell,GBA2
testis,Sertoli cell,GDNF
testis,Sertoli cell,GNAS
testis,Sertoli cell,GSN
testis,Sertoli cell,GSTM1
testis,Sertoli cell,GSTM2
testis,Sertoli cell,GSTM6
testis,Sertoli cell,HES5
testis,Sertoli cell,HSD17B1
testis,Sertoli cell,HSD17B3
testis,Sertoli cell,HSPBAP1
testis,Sertoli cell,IFITM3
testis,Sertoli cell,IGFBP6
testis,Sertoli cell,IGFBP7
testis,Sertoli cell,INHA
testis,Sertoli cell,INHBB
testis,Sertoli cell,ITPR3
testis,Sertoli cell,KITL
testis,Sertoli cell,KITLG
testis,Sertoli cell,KRT18
testis,Sertoli cell,MAFB
testis,Sertoli cell,MEIG1
testis,Sertoli cell,MGP
testis,Sertoli cell,MIS
testis,Sertoli cell,MRO
testis,Sertoli cell,MSI1
testis,Sertoli cell,NF2
testis,Sertoli cell,NOTCH2
testis,Sertoli cell,NR1H2
testis,Sertoli cell,NXF3
testis,Sertoli cell,OCLN
testis,Sertoli cell,PADI2
testis,Sertoli cell,PFKFB3
testis,Sertoli cell,PGRMC1
testis,Sertoli cell,PHF7
testis,Sertoli cell,PLPP3
testis,Sertoli cell,PLTP
testis,Sertoli cell,PRLR
testis,Sertoli cell,PRND
testis,Sertoli cell,RBBP7
testis,Sertoli cell,RHOX8
testis,Sertoli cell,RPL10
testis,Sertoli cell,RPL14
testis,Sertoli cell,RXRB
testis,Sertoli cell,S100A10
testis,Sertoli cell,S100A6
testis,Sertoli cell,SCX
testis,Sertoli cell,SEMA5B
testis,Sertoli cell,SERPINA3N
testis,Sertoli cell,SERPINB9
testis,Sertoli cell,SERPING1
testis,Sertoli cell,SHBG
testis,Sertoli cell,SLC16A3
testis,Sertoli cell,SOX9
testis,Sertoli cell,SPARC
testis,Sertoli cell,SSEA-4
testis,Sertoli cell,STAR
testis,Sertoli cell,STIM1
testis,Sertoli cell,TF
testis,Sertoli cell,TMEM184A
testis,Sertoli cell,TMSB4X
testis,Sertoli cell,TSX
testis,Sertoli cell,VIM
testis,Sertoli cell,VIMENTIN
testis,Sertoli cell,WFDC2
testis,Sertoli cell,WNT6
testis,Sertoli cell,WT1
testis,Spermatids,1700012A03RIK
testis,Spermatids,1700016P04RIK
testis,Spermatids,1700034E13RIK
testis,Spermatids,1700092M07RIK
testis,Spermatids,4921507P07RIK
testis,Spermatids,4930570D08RIK
testis,Spermatids,ACTG2
testis,Spermatids,ACTRT2
testis,Spermatids,AKAP1
testis,Spermatids,ASB17
testis,Spermatids,BZW1
testis,Spermatids,CHN2
testis,Spermatids,CST8
testis,Spermatids,CSTL1
testis,Spermatids,DYNLT5
testis,Spermatids,FAM166A
testis,Spermatids,FAM205C
testis,Spermatids,FAM71F2
testis,Spermatids,GLUL
testis,Spermatids,GM6760
testis,Spermatids,GPD2
testis,Spermatids,H2AP
testis,Spermatids,HABP4
testis,Spermatids,IQCF1
testis,Spermatids,KLK1B8
testis,Spermatids,LRRC57
testis,Spermatids,MORN3
testis,Spermatids,NUDT16L2
testis,Spermatids,OXCT2A
testis,Spermatids,OXCT2B
testis,Spermatids,P3R3URF
testis,Spermatids,PAQR5
testis,Spermatids,PRDX4
testis,Spermatids,RNF133
testis,Spermatids,SH3RF2
testis,Spermatids,SLFNL1
testis,Spermatids,SMIM23
testis,Spermatids,SPANXN4
testis,Spermatids,TEX35
testis,Spermatids,TEX37
testis,Spermatids,TFAM
testis,Spermatids,TMSB15A
testis,Spermatids,TTC24
testis,Spermatids,TXNDC2
testis,Spermatids,VASP
testis,Spermatids,WBSCR25
testis,Spermatocyte,1700018B24RIK
testis,Spermatocyte,4930544G11RIK
testis,Spermatocyte,ACR
testis,Spermatocyte,BCAP29
testis,Spermatocyte,CAPN1
testis,Spermatocyte,CD46
testis,Spermatocyte,GCNA
testis,Spermatocyte,GKAP1
testis,Spermatocyte,HDGFL1
testis,Spermatocyte,IGF2
testis,Spermatocyte,INHBB
testis,Spermatocyte,JAKMIP1
testis,Spermatocyte,NOTCH3
testis,Spermatocyte,OSR2
testis,Spermatocyte,PBP2
testis,Spermatocyte,PGK2
testis,Spermatocyte,PHOSPHO2
testis,Spermatocyte,PRM1
testis,Spermatocyte,PRM2
testis,Spermatocyte,PWWP3A
testis,Spermatocyte,SMCP
testis,Spermatocyte,SPAG6L
testis,Spermatocyte,SPATA33
testis,Spermatocyte,SYCP1
testis,Spermatocyte,SYCP2
testis,Spermatocyte,SYCP3
testis,Spermatocyte,TEX101
testis,Spermatocyte,TMBIM7
testis,Spermatocyte,TNP1
testis,Spermatocyte,TP73
testis,Spermatocyte,TXNDC8
testis,Spermatocyte,WBP11
testis,Spermatocyte,ZPBP2
testis,Spermatogonia,1700001P01RIK
testis,Spermatogonia,1700003F12RIK
testis,Spermatogonia,1700010I14RIK
testis,Spermatogonia,1700013D24RIK
testis,Spermatogonia,1700020D05RIK
testis,Spermatogonia,1700027A15RIK
testis,Spermatogonia,1700028J19RIK
testis,Spermatogonia,1700031L13RIK
testis,Spermatogonia,1700037H04RIK
testis,Spermatogonia,1700067P10RIK
testis,Spermatogonia,1700095A21RIK
testis,Spermatogonia,1700108J01RIK
testis,Spermatogonia,1700109H08RIK
testis,Spermatogonia,1700113H08RIK
testis,Spermatogonia,4922502D21RIK
testis,Spermatogonia,4930404N11RIK
testis,Spermatogonia,4930453N24RIK
testis,Spermatogonia,4930522H14RIK
testis,Spermatogonia,4930527J03RIK
testis,Spermatogonia,4930596D02RIK
testis,Spermatogonia,AA467197
testis,Spermatogonia,ACYP1
testis,Spermatogonia,AQP7
testis,Spermatogonia,ARL4A
testis,Spermatogonia,ARMH2
testis,Spermatogonia,ARRDC5
testis,Spermatogonia,ASRGL1
testis,Spermatogonia,BC051142
testis,Spermatogonia,BEST1
testis,Spermatogonia,BRI3
testis,Spermatogonia,C1QTNF4
testis,Spermatogonia,CCDC89
testis,Spermatogonia,CCL27A
testis,Spermatogonia,CENPV
testis,Spermatogonia,CETN1
testis,Spermatogonia,CETN4
testis,Spermatogonia,CLEC2M
testis,Spermatogonia,CMTM2A
testis,Spermatogonia,CMTM2B
testis,Spermatogonia,COX6B2
testis,Spermatogonia,COX7B2
testis,Spermatogonia,CRISP2
testis,Spermatogonia,CSNK2B
testis,Spermatogonia,CYPT12
testis,Spermatogonia,CYPT4
testis,Spermatogonia,DCUN1D4
testis,Spermatogonia,DKKL1
testis,Spermatogonia,DMRTB1
testis,Spermatogonia,DNAAF1
testis,Spermatogonia,DNAJB3
testis,Spermatogonia,DYNLL2
testis,Spermatogonia,EFCAB10
testis,Spermatogonia,EID3
testis,Spermatogonia,ELOF1
testis,Spermatogonia,FAM229A
testis,Spermatogonia,FAM229B
testis,Spermatogonia,FAM24B
testis,Spermatogonia,FAM71E1
testis,Spermatogonia,FHL4
testis,Spermatogonia,FTMT
testis,Spermatogonia,FYB
testis,Spermatogonia,FYB1
testis,Spermatogonia,GGNBP1
testis,Spermatogonia,GKAP1
testis,Spermatogonia,GM11837
testis,Spermatogonia,GM35216
testis,Spermatogonia,GM6569
testis,Spermatogonia,GM9999
testis,Spermatogonia,GPX4
testis,Spermatogonia,GSTM5
testis,Spermatogonia,GTSF1
testis,Spermatogonia,HILS1
testis,Spermatogonia,HMGB4
testis,Spermatogonia,HRASLS5
testis,Spermatogonia,HSBP1
testis,Spermatogonia,HSPB9
testis,Spermatogonia,KCNE3
testis,Spermatogonia,KRT88
testis,Spermatogonia,LDHAL6B
testis,Spermatogonia,LRRC51
testis,Spermatogonia,LYAR
testis,Spermatogonia,LYZL1
testis,Spermatogonia,MAEL
testis,Spermatogonia,MBD3L1
testis,Spermatogonia,MEA1
testis,Spermatogonia,MESP1
testis,Spermatogonia,MFSD13B
testis,Spermatogonia,MLF1
testis,Spermatogonia,MORF4L1
testis,Spermatogonia,MORN2
testis,Spermatogonia,MORN5
testis,Spermatogonia,MPC2
testis,Spermatogonia,MT2
testis,Spermatogonia,MT2A
testis,Spermatogonia,NSCME3L
testis,Spermatogonia,OAZ3
testis,Spermatogonia,ODF2
testis,Spermatogonia,ODF3
testis,Spermatogonia,PAM16
testis,Spermatogonia,PDCD5
testis,Spermatogonia,PDCL2
testis,Spermatogonia,PDZK1IP1
testis,Spermatogonia,PEBP1
testis,Spermatogonia,PGAM2
testis,Spermatogonia,PGP
testis,Spermatogonia,PLAC8L1
testis,Spermatogonia,PPP1R11
testis,Spermatogonia,PPP3R2
testis,Spermatogonia,PRKG1
testis,Spermatogonia,PRM3
testis,Spermatogonia,RAN
testis,Spermatogonia,ROPN1
testis,Spermatogonia,RPL39L
testis,Spermatogonia,RSPH1
testis,Spermatogonia,SH3GLB1
testis,Spermatogonia,SMIM24
testis,Spermatogonia,SNU13
testis,Spermatogonia,SORD
testis,Spermatogonia,SOX5
testis,Spermatogonia,SPA17
testis,Spermatogonia,SPACA1
testis,Spermatogonia,SPACA4
testis,Spermatogonia,SPACA9
testis,Spermatogonia,SPATA19
testis,Spermatogonia,SPATA33
testis,Spermatogonia,SPATA6
testis,Spermatogonia,SPATA9
testis,Spermatogonia,STAT4
testis,Spermatogonia,STPG4
testis,Spermatogonia,SUN5
testis,Spermatogonia,TBC1D23
testis,Spermatogonia,TBPL1
testis,Spermatogonia,TCP11
testis,Spermatogonia,TCTEX1D2
testis,Spermatogonia,TEX29
testis,Spermatogonia,TEX36
testis,Spermatogonia,TEX40
testis,Spermatogonia,TMEM190
testis,Spermatogonia,TMEM97
testis,Spermatogonia,TMPRSS6
testis,Spermatogonia,TSACC
testis,Spermatogonia,TSC22D4
testis,Spermatogonia,TUBA3A
testis,Spermatogonia,TUBA3B
testis,Spermatogonia,TUBB4B
testis,Spermatogonia,URI1
testis,Spermatogonia,YBX2
testis,Spermatogonia,ZNHIT2
testis,Spermatogonia,ZNRF4
testis,Spermatogonial stem cell,ADGRA3
testis,Spermatogonial stem cell,BCL6
testis,Spermatogonial stem cell,DDX4
testis,Spermatogonial stem cell,ETV5
testis,Spermatogonial stem cell,FGFR3
testis,Spermatogonial stem cell,GFRA1
testis,Spermatogonial stem cell,GPR125
testis,Spermatogonial stem cell,ID4
testis,Spermatogonial stem cell,SALL4
testis,Spermatogonial stem cell,SSEA-4
testis,Spermatogonial stem cell,UCHL1
testis,Spermatogonial stem cell,VASA
testis,Spermatogonium,C-KIT
testis,Spermatogonium,ITGB1
testis,Spermatogonium,KIT
testis,Spermatogonium,NR6A1
testis,Spermatogonium,SOHLH2
testis,Spermatogonium,SSX3
testis,Spermatogonium,SYCE3
testis,Spermatogonium,SYCP3
testis,Spermatozoa,ABCA1
testis,Spermatozoa,ABHD2
testis,Spermatozoa,GPR55
testis,Spermatozoa,HSPA2
testis,Spermatozoa,HVCN1
testis,Spermatozoa,LDHC
testis,Spermatozoa,ODF1
testis,Spermatozoa,PRKAA2
testis,Spermatozoa,SLC31A1
thymus,Cortical thymic epithelial cell,CD45
thymus,Cortical thymic epithelial cell,CDR2
thymus,Cortical thymic epithelial cell,EPCAM
thymus,Cortical thymic epithelial cell,PTPRC
thymus,Dendritic cell,CD11C
thymus,Dendritic cell,CD80
thymus,Dendritic cell,CD83
thymus,Dendritic cell,ITGAX
thymus,Epithelial cell,EPCAM
thymus,Epithelial cell,FZ4
thymus,Epithelial cell,FZD4
thymus,Epithelial cell,K8
thymus,Epithelial cell,KRT8
thymus,Epithelial cell,WNT4
thymus,Medullary thymic epithelial cell,CD45
thymus,Medullary thymic epithelial cell,CDR2
thymus,Medullary thymic epithelial cell,EPCAM
thymus,Medullary thymic epithelial cell,PTPRC
thymus,T cell,CD3
thymus,T cell,CD3D
thymus,T cell,CD3E
thymus,T cell,CD3G
thymus,T cell,CD4
thymus,T cell,CD5
thymus,T cell,CD8
thymus,T cell,CD8A
thymus,T cell,H2-K1
thymus,T cell,MEL-14
thymus,T cell,SELL
thymus,T cell,THY1
thymus,Thymocyte,CD24
thymus,Thymocyte,CD24A
thymus,Thymocyte,CD4
thymus,Thymocyte,CD44
thymus,Thymocyte,CD5
thymus,Thymocyte,CD8
thymus,Thymocyte,CD8A
thymus,Thymocyte,H2-Q7
thymus,Thymocyte,HSA
thymus,Thymocyte,IL-2R ALPHA
thymus,Thymocyte,IL2RA
thymus,Thymocyte,KLRB1C
thymus,Thymocyte,LY6A
thymus,Thymocyte,NK1.1
thymus,Thymocyte,QA-2
thymus,Thymocyte,SCA-1
tooth,Alveolar osteocyte,5430421F17RIK
tooth,Alveolar osteocyte,BMP3
tooth,Alveolar osteocyte,BMP8A
tooth,Alveolar osteocyte,C1QTNF7
tooth,Alveolar osteocyte,DMP1
tooth,Alveolar osteocyte,F2RL2
tooth,Alveolar osteocyte,IBSP
tooth,Alveolar osteocyte,MDGA2
tooth,Alveolar osteocyte,SPP1
tooth,Alveolar osteocyte,STAC2
tooth,Dental follicle cell,ACTA2
tooth,Dental follicle cell,ALDH1A2
tooth,Dental follicle cell,CNN1
tooth,Dental follicle cell,FOXC2
tooth,Dental follicle cell,GDF10
tooth,Dental follicle cell,HPSE2
tooth,Dental follicle cell,LTBP2
tooth,Dental follicle cell,NTN1
tooth,Dental follicle cell,PDZRN4
tooth,Dental follicle cell,PODNL1
tooth,Dental pulp cell,ALCAM
tooth,Dental pulp cell,CD105
tooth,Dental pulp cell,CD166
tooth,Dental pulp cell,CD73
tooth,Dental pulp cell,CD90
tooth,Dental pulp cell,ENG
tooth,Dental pulp cell,NT5E
tooth,Dental pulp cell,STRO-1
tooth,Dental pulp cell,THY1
tooth,Dental pulp stem cell,3C4
tooth,Dental pulp stem cell,ALDH1
tooth,Dental pulp stem cell,ALDH1A1
tooth,Dental pulp stem cell,ANPEP
tooth,Dental pulp stem cell,CD105
tooth,Dental pulp stem cell,CD11B
tooth,Dental pulp stem cell,CD13
tooth,Dental pulp stem cell,CD14
tooth,Dental pulp stem cell,CD146
tooth,Dental pulp stem cell,CD29
tooth,Dental pulp stem cell,CD34
tooth,Dental pulp stem cell,CD44
tooth,Dental pulp stem cell,CD45
tooth,Dental pulp stem cell,CD73
tooth,Dental pulp stem cell,CD9
tooth,Dental pulp stem cell,CD90
tooth,Dental pulp stem cell,ENG
tooth,Dental pulp stem cell,HLA-DR
tooth,Dental pulp stem cell,IMMT
tooth,Dental pulp stem cell,ITGAM
tooth,Dental pulp stem cell,ITGB1
tooth,Dental pulp stem cell,MCAM
tooth,Dental pulp stem cell,MITOFILIN
tooth,Dental pulp stem cell,NT5E
tooth,Dental pulp stem cell,OR13C4
tooth,Dental pulp stem cell,PTPRC
tooth,Dental pulp stem cell,STRO-1
tooth,Dental pulp stem cell,THY1
tooth,Endothelial cell,CDH5
tooth,Endothelial cell,ECSCR
tooth,Endothelial cell,ELTD1
tooth,Endothelial cell,MYCT1
tooth,Endothelial cell,PLVAP
tooth,Endothelial cell,PODXL
tooth,Endothelial cell,PTPR
tooth,Endothelial cell,ROBO4 USHBP1 MYCT1 PODXL
tooth,Endothelial cell,TIE1
tooth,Endothelial cell,USHBP1
tooth,Epithelial cell,CDH1
tooth,Epithelial cell,CKMT1
tooth,Epithelial cell,CKMT1A
tooth,Epithelial cell,CKMT1B
tooth,Epithelial cell,COL17A1
tooth,Epithelial cell,DSC3
tooth,Epithelial cell,DSP
tooth,Epithelial cell,FXYD3
tooth,Epithelial cell,ISL1
tooth,Epithelial cell,KRT14
tooth,Epithelial cell,PITX2
tooth,Epithelial cell,TRP63
tooth,Glial cell,COL28A1
tooth,Glial cell,FOXD3
tooth,Glial cell,GFRA3
tooth,Glial cell,GJC3
tooth,Glial cell,GPR37L1
tooth,Glial cell,KCNA2
tooth,Glial cell,L1CAM
tooth,Glial cell,PLP1
tooth,Glial cell,SCN7A
tooth,Glial cell,SOX10
tooth,Macrophage,AIF1
tooth,Macrophage,C1QA
tooth,Macrophage,C1QC
tooth,Macrophage,CX3CR1
tooth,Macrophage,EMR1
tooth,Macrophage,FCGR1
tooth,Macrophage,LY86
tooth,Macrophage,MS4A6B
tooth,Macrophage,MS4A6C
tooth,Macrophage,MS4A7
tooth,Mesenchymal stem cell,ALCAM
tooth,Mesenchymal stem cell,CD105
tooth,Mesenchymal stem cell,CD133
tooth,Mesenchymal stem cell,CD140A
tooth,Mesenchymal stem cell,CD146
tooth,Mesenchymal stem cell,CD166
tooth,Mesenchymal stem cell,CD24
tooth,Mesenchymal stem cell,CD271
tooth,Mesenchymal stem cell,CD34
tooth,Mesenchymal stem cell,CD44
tooth,Mesenchymal stem cell,CD45
tooth,Mesenchymal stem cell,CD49F
tooth,Mesenchymal stem cell,CD51
tooth,Mesenchymal stem cell,CD71
tooth,Mesenchymal stem cell,CD73
tooth,Mesenchymal stem cell,CD81
tooth,Mesenchymal stem cell,CD90
tooth,Mesenchymal stem cell,ENG
tooth,Mesenchymal stem cell,ITGA6
tooth,Mesenchymal stem cell,ITGAV
tooth,Mesenchymal stem cell,MCAM
tooth,Mesenchymal stem cell,NES
tooth,Mesenchymal stem cell,NESTIN
tooth,Mesenchymal stem cell,NGFR
tooth,Mesenchymal stem cell,NT5E
tooth,Mesenchymal stem cell,OCT3/4
tooth,Mesenchymal stem cell,PDGFRA
tooth,Mesenchymal stem cell,POU5F1
tooth,Mesenchymal stem cell,PROM1
tooth,Mesenchymal stem cell,PTPRC
tooth,Mesenchymal stem cell,STRO-1
tooth,Mesenchymal stem cell,TFRC
tooth,Mesenchymal stem cell,THY1
tooth,Natural killer cell,CD244
tooth,Natural killer cell,DPP4
tooth,Natural killer cell,FLT3
tooth,Natural killer cell,GPR132
tooth,Natural killer cell,H2-OA
tooth,Natural killer cell,ITGB7
tooth,Natural killer cell,KLRD1
tooth,Natural killer cell,MAP4K1
tooth,Natural killer cell,NAPSA
tooth,Natural killer cell,TNIP3
tooth,Periodontal ligament stem cell,CD31
tooth,Periodontal ligament stem cell,CD34
tooth,Periodontal ligament stem cell,CD45
tooth,Periodontal ligament stem cell,PECAM1
tooth,Periodontal ligament stem cell,PTPRC
tooth,Perivascular cell,AOC3
tooth,Perivascular cell,ASPN
tooth,Perivascular cell,CASQ2
tooth,Perivascular cell,HIGD1B
tooth,Perivascular cell,ITGA7
tooth,Perivascular cell,NDUFA4L2
tooth,Perivascular cell,OLFR558
tooth,Perivascular cell,RASL12
tooth,Perivascular cell,RGS5
tooth,Perivascular cell,TUSC5
tooth,T cell,CD244
tooth,T cell,DPP4
tooth,T cell,FLT3
tooth,T cell,GPR132
tooth,T cell,H2-OA
tooth,T cell,ITGB7
tooth,T cell,KLRD1
tooth,T cell,MAP4K1
tooth,T cell,NAPSA
tooth,T cell,TNIP3
uterus,B cell,B3GAT1
uterus,B cell,BACH2
uterus,B cell,BANK1
uterus,B cell,BCL11A
uterus,B cell,BIRC3
uterus,B cell,BLNK
uterus,B cell,BST1
uterus,B cell,BTLA
uterus,B cell,CCR7
uterus,B cell,CD14
uterus,B cell,CD19
uterus,B cell,CD2
uterus,B cell,CD22
uterus,B cell,CD24
uterus,B cell,CD27
uterus,B cell,CD37
uterus,B cell,CD38
uterus,B cell,CD40
uterus,B cell,CD5
uterus,B cell,CD52
uterus,B cell,CD55
uterus,B cell,CD69
uterus,B cell,CD70
uterus,B cell,CD72
uterus,B cell,CD74
uterus,B cell,CD79A
uterus,B cell,CD79B
uterus,B cell,CD80
uterus,B cell,CD86
uterus,B cell,CMAH
uterus,B cell,CMAHP
uterus,B cell,CR2
uterus,B cell,CRELD2
uterus,B cell,CXCR4
uterus,B cell,DERL3
uterus,B cell,DNTT
uterus,B cell,DOK3
uterus,B cell,EAF2
uterus,B cell,EBF1
uterus,B cell,EDEM1
uterus,B cell,EDEM2
uterus,B cell,FAM129C
uterus,B cell,FAM46C
uterus,B cell,FCER2
uterus,B cell,FCER2A
uterus,B cell,FCHSD2
uterus,B cell,FCMR
uterus,B cell,FCRL1
uterus,B cell,FCRL2
uterus,B cell,FCRLA
uterus,B cell,FCRLB
uterus,B cell,FKBP11
uterus,B cell,FLI1
uterus,B cell,H2-DMB2
uterus,B cell,H2-OA
uterus,B cell,H2-OB
uterus,B cell,HLA-DQA1
uterus,B cell,HLA-DRA
uterus,B cell,HMGA1
uterus,B cell,HVCN1
uterus,B cell,IFIT3
uterus,B cell,IGHA
uterus,B cell,IGHD
uterus,B cell,IGHG1
uterus,B cell,IGHG3
uterus,B cell,IGHG4
uterus,B cell,IGHM
uterus,B cell,IGKC
uterus,B cell,IGLC1
uterus,B cell,IGLC2
uterus,B cell,IGLC3
uterus,B cell,IGLL1
uterus,B cell,IGLV1
uterus,B cell,IL21R
uterus,B cell,JCHAIN
uterus,B cell,KLHL6
uterus,B cell,LAIR1
uterus,B cell,LRMP
uterus,B cell,LTB
uterus,B cell,LY6D
uterus,B cell,MME
uterus,B cell,MS4A1
uterus,B cell,MSH5
uterus,B cell,MUM1
uterus,B cell,MZB1
uterus,B cell,PAX5
uterus,B cell,PDCD1
uterus,B cell,POLD4
uterus,B cell,POU2AF1
uterus,B cell,PTPRC
uterus,B cell,PXK
uterus,B cell,RALGPS2
uterus,B cell,RASGRP3
uterus,B cell,SCD1
uterus,B cell,SDC1
uterus,B cell,SEC61A1
uterus,B cell,SEMA6D
uterus,B cell,SIGLECG
uterus,B cell,SLAMF6
uterus,B cell,SMAP2
uterus,B cell,SPCS3
uterus,B cell,SPIB
uterus,B cell,SPN
uterus,B cell,SWAP70
uterus,B cell,TLR9
uterus,B cell,TNFRSF13B
uterus,B cell,TNFRSF13C
uterus,B cell,TNFRSF17
uterus,B cell,TNFRSF9
uterus,B cell,TNFSF4
uterus,B cell,TRP53INP1
uterus,B cell,TXNDC11
uterus,B cell,VPREB1
uterus,B cell,VPREB2
uterus,B cell,VPREB3
uterus,Decidual cell,AREG
uterus,Decidual cell,CST7
uterus,Decidual cell,CTSW
uterus,Decidual cell,IGFBP1
uterus,Decidual cell,IL32
uterus,Decidual cell,KLRC1
uterus,Decidual cell,PRL
uterus,Decidual cell,TRDC
uterus,Decidual cell,XCL1
uterus,Decidual cell,XCL2
uterus,Endometrial stem cell,ABCG2
uterus,Endometrial stem cell,ALCAM
uterus,Endometrial stem cell,CD105
uterus,Endometrial stem cell,CD106
uterus,Endometrial stem cell,CD117
uterus,Endometrial stem cell,CD133
uterus,Endometrial stem cell,CD140B
uterus,Endometrial stem cell,CD146
uterus,Endometrial stem cell,CD166
uterus,Endometrial stem cell,CD29
uterus,Endometrial stem cell,CD31
uterus,Endometrial stem cell,CD34
uterus,Endometrial stem cell,CD44
uterus,Endometrial stem cell,CD45
uterus,Endometrial stem cell,CD49D
uterus,Endometrial stem cell,CD54
uterus,Endometrial stem cell,CD73
uterus,Endometrial stem cell,CD90
uterus,Endometrial stem cell,ENG
uterus,Endometrial stem cell,ICAM1
uterus,Endometrial stem cell,IPO13
uterus,Endometrial stem cell,ITGA4
uterus,Endometrial stem cell,ITGB1
uterus,Endometrial stem cell,KIT
uterus,Endometrial stem cell,LGR5
uterus,Endometrial stem cell,MCAM
uterus,Endometrial stem cell,MSI1
uterus,Endometrial stem cell,NES
uterus,Endometrial stem cell,NESTIN
uterus,Endometrial stem cell,NT5E
uterus,Endometrial stem cell,PDGFRB
uterus,Endometrial stem cell,PECAM1
uterus,Endometrial stem cell,POU5F1
uterus,Endometrial stem cell,PROM1
uterus,Endometrial stem cell,PTPRC
uterus,Endometrial stem cell,SOX2
uterus,Endometrial stem cell,SSEA-4
uterus,Endometrial stem cell,THY1
uterus,Endometrial stem cell,VCAM1
uterus,Keratinocyte,C3
uterus,Keratinocyte,CREG1
uterus,Keratinocyte,IGFBP6
uterus,Keratinocyte,LRRN4
uterus,Keratinocyte,MGP
uterus,Keratinocyte,UPK3B
uterus,Macrophage,C1QA
uterus,Macrophage,C1QB
uterus,Macrophage,C1QC
uterus,Macrophage,CD68
uterus,Macrophage,CD74
uterus,Macrophage,CTSC
uterus,Macrophage,CTSS
uterus,Macrophage,FCER1G
uterus,Macrophage,H2-AA
uterus,Macrophage,H2-AB1
uterus,Macrophage,H2-EB1
uterus,Macrophage,LGMN
uterus,Macrophage,LYZ2
uterus,Macrophage,TYROBP
uterus,Monocyte,CD14
uterus,Monocyte,CTSS
uterus,Monocyte,FCN1
uterus,Monocyte,FCNA
uterus,Monocyte,IFI211
uterus,Monocyte,LYZ
uterus,Monocyte,LYZ1
uterus,Monocyte,MNDA
uterus,Monocyte,NEAT1
uterus,Monocyte,PSAP
uterus,Monocyte,S100A9
uterus,Monocyte,SERPINA1
uterus,Monocyte,TYROBP
uterus,Natural killer cell,AW112010
uterus,Natural killer cell,CD16
uterus,Natural killer cell,CD3
uterus,Natural killer cell,CD3D
uterus,Natural killer cell,CD3E
uterus,Natural killer cell,CD3G
uterus,Natural killer cell,CD52
uterus,Natural killer cell,CD56
uterus,Natural killer cell,CD7
uterus,Natural killer cell,FCER1G
uterus,Natural killer cell,FCGR3A
uterus,Natural killer cell,FCGR3B
uterus,Natural killer cell,FCGR4
uterus,Natural killer cell,NCAM1
uterus,Natural killer cell,NKG7
uterus,Natural killer cell,TYROBP
uterus,Natural killer cell,VPS37B
uterus,Natural killer cell,XCL1
uterus,Neutrophil,ADAM8
uterus,Neutrophil,ADPGK
uterus,Neutrophil,ARG2
uterus,Neutrophil,ASPRV1
uterus,Neutrophil,AZU1
uterus,Neutrophil,BST1
uterus,Neutrophil,C5AR1
uterus,Neutrophil,CA1
uterus,Neutrophil,CAMP
uterus,Neutrophil,CAR1
uterus,Neutrophil,CCL3
uterus,Neutrophil,CCL6
uterus,Neutrophil,CCL9
uterus,Neutrophil,CCR1
uterus,Neutrophil,CCRL2
uterus,Neutrophil,CD14
uterus,Neutrophil,CD177
uterus,Neutrophil,CD24
uterus,Neutrophil,CD33
uterus,Neutrophil,CEACAM1
uterus,Neutrophil,CEACAM8
uterus,Neutrophil,CFP
uterus,Neutrophil,CHIL3
uterus,Neutrophil,CLEC4D
uterus,Neutrophil,CLEC4E
uterus,Neutrophil,CRP
uterus,Neutrophil,CSF3R
uterus,Neutrophil,CTSG
uterus,Neutrophil,CXCL2
uterus,Neutrophil,CXCR1
uterus,Neutrophil,CXCR2
uterus,Neutrophil,DEFA1
uterus,Neutrophil,DEFA2
uterus,Neutrophil,DEFA3
uterus,Neutrophil,DOCK8
uterus,Neutrophil,ELANE
uterus,Neutrophil,FCGR1A
uterus,Neutrophil,FCGR3A
uterus,Neutrophil,FCGR4
uterus,Neutrophil,FUT4
uterus,Neutrophil,HDC
uterus,Neutrophil,HP
uterus,Neutrophil,IL1B
uterus,Neutrophil,IL1R2
uterus,Neutrophil,ITGAM
uterus,Neutrophil,ITGAX
uterus,Neutrophil,JAML
uterus,Neutrophil,LCN2
uterus,Neutrophil,LRG1
uterus,Neutrophil,LTF
uterus,Neutrophil,LY6G
uterus,Neutrophil,LYST
uterus,Neutrophil,LYZ
uterus,Neutrophil,LYZ1
uterus,Neutrophil,MMP8
uterus,Neutrophil,MMP9
uterus,Neutrophil,MPO
uterus,Neutrophil,MRGPRA2B
uterus,Neutrophil,MYLK
uterus,Neutrophil,NCF1
uterus,Neutrophil,NGP
uterus,Neutrophil,NLRP3
uterus,Neutrophil,NR1I3
uterus,Neutrophil,OAS3
uterus,Neutrophil,OSM
uterus,Neutrophil,PECAM1
uterus,Neutrophil,PILRA
uterus,Neutrophil,PRTN3
uterus,Neutrophil,PSTPIP1
uterus,Neutrophil,PTGS2
uterus,Neutrophil,RETNLG
uterus,Neutrophil,S100A4
uterus,Neutrophil,S100A8
uterus,Neutrophil,S100A9
uterus,Neutrophil,SELL
uterus,Neutrophil,SERPINB1
uterus,Neutrophil,SLC1A5
uterus,Neutrophil,SNX20
uterus,Neutrophil,SORL1
uterus,Neutrophil,STFA2L1
uterus,Neutrophil,TLR2
uterus,Neutrophil,TREM1
uterus,Neutrophil,TREM3
uterus,Smooth muscle cell,ACTA2
uterus,Smooth muscle cell,ACTG2
uterus,Smooth muscle cell,CNN1
uterus,Smooth muscle cell,MYH11
uterus,Smooth muscle cell,PCP4
uterus,Smooth muscle cell,PDLIM3
uterus,Smooth muscle cell,TAGLN
uterus,Stem cell,CD34
uterus,Stem cell,CD63-PS
uterus,Stem cell,COL6A4
uterus,Stem cell,COL6A4P1
uterus,Stem cell,COL6A4P2
uterus,Stem cell,FBLN2
uterus,Stem cell,HTRA1
uterus,Stem cell,OGN
uterus,Stem cell,TUBA1A
